match_id,season,date,venue,city,team1,team2,toss_winner,toss_decision,team1_won_toss,team1_batting_first,team1_is_home,team2_is_home,team1_form_5,team2_form_5,team1_form_10,team2_form_10,form_diff_5,team1_overall_win_rate,team2_overall_win_rate,overall_win_rate_diff,h2h_matches,team1_h2h_win_rate,team1_venue_win_rate,team2_venue_win_rate,venue_win_rate_diff,winner,team1_won
335982,2007/08,2008-04-18,M Chinnaswamy Stadium,Bangalore,Royal Challengers Bengaluru,Kolkata Knight Riders,Royal Challengers Bengaluru,field,1,0,1,0,0.5,0.5,0.5,0.5,0.0,0.5,0.5,0.0,0,0.5,0.5,0.5,0.0,Kolkata Knight Riders,0
335983,2007/08,2008-04-19,Punjab Cricket Association IS Bindra Stadium,Chandigarh,Punjab Kings,Chennai Super Kings,Chennai Super Kings,bat,0,0,1,0,0.5,0.5,0.5,0.5,0.0,0.5,0.5,0.0,0,0.5,0.5,0.5,0.0,Chennai Super Kings,0
335984,2007/08,2008-04-19,Arun Jaitley Stadium,Delhi,Delhi Capitals,Rajasthan Royals,Rajasthan Royals,bat,0,0,1,0,0.5,0.5,0.5,0.5,0.0,0.5,0.5,0.0,0,0.5,0.5,0.5,0.0,Delhi Capitals,1
335985,2007/08,2008-04-20,Wankhede Stadium,Mumbai,Mumbai Indians,Royal Challengers Bengaluru,Mumbai Indians,bat,1,1,1,0,0.5,0.0,0.5,0.0,0.5,0.5,0.0,0.5,0,0.5,0.5,0.0,0.5,Royal Challengers Bengaluru,0
335986,2007/08,2008-04-20,Eden Gardens,Kolkata,Kolkata Knight Riders,Deccan Chargers,Deccan Chargers,bat,0,0,1,0,1.0,0.5,1.0,0.5,0.5,1.0,0.5,0.5,0,0.5,1.0,0.5,0.5,Kolkata Knight Riders,1
335987,2007/08,2008-04-21,Sawai Mansingh Stadium,Jaipur,Rajasthan Royals,Punjab Kings,Punjab Kings,bat,0,0,1,0,0.0,0.0,0.0,0.0,0.0,0.0,0.0,0.0,0,0.5,0.0,0.0,0.0,Rajasthan Royals,1
335988,2007/08,2008-04-22,Rajiv Gandhi International Stadium,Hyderabad,Deccan Chargers,Delhi Capitals,Deccan Chargers,bat,1,1,0,0,0.0,1.0,0.0,1.0,-1.0,0.0,1.0,-1.0,0,0.5,0.0,1.0,-1.0,Delhi Capitals,0
335989,2007/08,2008-04-23,MA Chidambaram Stadium,Chennai,Chennai Super Kings,Mumbai Indians,Mumbai Indians,field,0,1,1,0,1.0,0.0,1.0,0.0,1.0,1.0,0.0,1.0,0,0.5,1.0,0.0,1.0,Chennai Super Kings,1
335990,2007/08,2008-04-24,Rajiv Gandhi International Stadium,Hyderabad,Deccan Chargers,Rajasthan Royals,Rajasthan Royals,field,0,1,0,0,0.0,0.5,0.0,0.5,-0.5,0.0,0.5,-0.5,0,0.5,0.0,0.5,-0.5,Rajasthan Royals,0
335991,2007/08,2008-04-25,Punjab Cricket Association IS Bindra Stadium,Chandigarh,Punjab Kings,Mumbai Indians,Mumbai Indians,field,0,1,1,0,0.0,0.0,0.0,0.0,0.0,0.0,0.0,0.0,0,0.5,0.0,0.0,0.0,Punjab Kings,1
335992,2007/08,2008-04-26,M Chinnaswamy Stadium,Bangalore,Royal Challengers Bengaluru,Rajasthan Royals,Rajasthan Royals,field,0,1,1,0,0.5,0.6667,0.5,0.6667,-0.1667,0.5,0.6667,-0.1667,0,0.5,0.0,0.6667,-0.6667,Rajasthan Royals,0
335993,2007/08,2008-04-26,MA Chidambaram Stadium,Chennai,Chennai Super Kings,Kolkata Knight Riders,Kolkata Knight Riders,bat,0,0,1,0,1.0,1.0,1.0,1.0,0.0,1.0,1.0,0.0,0,0.5,1.0,1.0,0.0,Chennai Super Kings,1
335994,2007/08,2008-04-27,Dr DY Patil Sports Academy,Mumbai,Mumbai Indians,Deccan Chargers,Deccan Chargers,field,0,1,0,0,0.0,0.0,0.0,0.0,0.0,0.0,0.0,0.0,0,0.5,0.0,0.0,0.0,Deccan Chargers,0
335995,2007/08,2008-04-27,Punjab Cricket Association IS Bindra Stadium,Chandigarh,Punjab Kings,Delhi Capitals,Delhi Capitals,bat,0,0,1,0,0.3333,1.0,0.3333,1.0,-0.6667,0.3333,1.0,-0.6667,0,0.5,0.5,1.0,-0.5,Punjab Kings,1
335996,2007/08,2008-04-28,M Chinnaswamy Stadium,Bangalore,Royal Challengers Bengaluru,Chennai Super Kings,Chennai Super Kings,bat,0,0,1,0,0.3333,1.0,0.3333,1.0,-0.6667,0.3333,1.0,-0.6667,0,0.5,0.0,1.0,-1.0,Chennai Super Kings,0
335997,2007/08,2008-04-29,Eden Gardens,Kolkata,Kolkata Knight Riders,Mumbai Indians,Kolkata Knight Riders,bat,1,1,1,0,0.6667,0.0,0.6667,0.0,0.6667,0.6667,0.0,0.6667,0,0.5,1.0,0.0,1.0,Mumbai Indians,0
335998,2007/08,2008-04-30,Arun Jaitley Stadium,Delhi,Delhi Capitals,Royal Challengers Bengaluru,Royal Challengers Bengaluru,field,0,1,1,0,0.6667,0.25,0.6667,0.25,0.4167,0.6667,0.25,0.4167,0,0.5,1.0,0.25,0.75,Delhi Capitals,1
335999,2007/08,2008-05-01,Rajiv Gandhi International Stadium,Hyderabad,Deccan Chargers,Punjab Kings,Punjab Kings,field,0,1,0,0,0.25,0.5,0.25,0.5,-0.25,0.25,0.5,-0.25,0,0.5,0.0,0.5,-0.5,Punjab Kings,0
336000,2007/08,2008-05-01,Sawai Mansingh Stadium,Jaipur,Rajasthan Royals,Kolkata Knight Riders,Rajasthan Royals,bat,1,1,1,0,0.75,0.5,0.75,0.5,0.25,0.75,0.5,0.25,0,0.5,1.0,0.5,0.5,Rajasthan Royals,1
336001,2007/08,2008-05-02,MA Chidambaram Stadium,Chennai,Chennai Super Kings,Delhi Capitals,Chennai Super Kings,bat,1,1,1,0,1.0,0.75,1.0,0.75,0.25,1.0,0.75,0.25,0,0.5,1.0,0.75,0.25,Delhi Capitals,0
336003,2007/08,2008-05-03,Punjab Cricket Association IS Bindra Stadium,Chandigarh,Punjab Kings,Kolkata Knight Riders,Punjab Kings,bat,1,1,1,0,0.6,0.4,0.6,0.4,0.2,0.6,0.4,0.2,0,0.5,0.6667,0.4,0.2667,Punjab Kings,1
336034,2007/08,2008-05-03,M Chinnaswamy Stadium,Bangalore,Royal Challengers Bengaluru,Deccan Chargers,Deccan Chargers,field,0,1,1,0,0.2,0.2,0.2,0.2,0.0,0.2,0.2,0.0,0,0.5,0.0,0.2,-0.2,Royal Challengers Bengaluru,1
336004,2007/08,2008-05-04,Dr DY Patil Sports Academy,Mumbai,Mumbai Indians,Delhi Capitals,Delhi Capitals,field,0,1,0,0,0.2,0.8,0.2,0.8,-0.6,0.2,0.8,-0.6,0,0.5,0.0,0.8,-0.8,Mumbai Indians,1
336005,2007/08,2008-05-04,Sawai Mansingh Stadium,Jaipur,Rajasthan Royals,Chennai Super Kings,Chennai Super Kings,bat,0,0,1,0,0.8,0.8,0.8,0.8,0.0,0.8,0.8,0.0,0,0.5,1.0,0.8,0.2,Rajasthan Royals,1
336006,2007/08,2008-05-05,M Chinnaswamy Stadium,Bangalore,Royal Challengers Bengaluru,Punjab Kings,Punjab Kings,field,0,1,1,0,0.4,0.8,0.3333,0.6667,-0.4,0.3333,0.6667,-0.3333,0,0.5,0.25,0.6667,-0.4167,Punjab Kings,0
336007,2007/08,2008-05-06,MA Chidambaram Stadium,Chennai,Chennai Super Kings,Deccan Chargers,Deccan Chargers,field,0,1,1,0,0.6,0.2,0.6667,0.1667,0.4,0.6667,0.1667,0.5,0,0.5,0.6667,0.1667,0.5,Deccan Chargers,0
336008,2007/08,2008-05-07,Dr DY Patil Sports Academy,Mumbai,Mumbai Indians,Rajasthan Royals,Mumbai Indians,field,1,0,0,0,0.4,1.0,0.3333,0.8333,-0.6,0.3333,0.8333,-0.5,0,0.5,0.5,0.8333,-0.3333,Mumbai Indians,1
336009,2007/08,2008-05-08,Arun Jaitley Stadium,Delhi,Delhi Capitals,Chennai Super Kings,Chennai Super Kings,field,0,1,1,0,0.6,0.4,0.6667,0.5714,0.2,0.6667,0.5714,0.0952,1,1.0,1.0,0.5714,0.4286,Chennai Super Kings,0
336010,2007/08,2008-05-08,Eden Gardens,Kolkata,Kolkata Knight Riders,Royal Challengers Bengaluru,Kolkata Knight Riders,bat,1,1,1,0,0.2,0.2,0.3333,0.2857,0.0,0.3333,0.2857,0.0476,1,1.0,0.5,0.2857,0.2143,Kolkata Knight Riders,1
336011,2007/08,2008-05-09,Sawai Mansingh Stadium,Jaipur,Rajasthan Royals,Deccan Chargers,Rajasthan Royals,field,1,0,1,0,0.8,0.4,0.7143,0.2857,0.4,0.7143,0.2857,0.4286,1,1.0,1.0,0.2857,0.7143,Rajasthan Royals,1
336013,2007/08,2008-05-10,MA Chidambaram Stadium,Chennai,Chennai Super Kings,Punjab Kings,Punjab Kings,field,0,1,1,0,0.4,1.0,0.625,0.7143,-0.6,0.625,0.7143,-0.0893,1,1.0,0.5,0.7143,-0.2143,Chennai Super Kings,1
336014,2007/08,2008-05-11,Rajiv Gandhi International Stadium,Hyderabad,Deccan Chargers,Kolkata Knight Riders,Kolkata Knight Riders,bat,0,0,0,0,0.4,0.2,0.25,0.4286,0.2,0.25,0.4286,-0.1786,1,0.0,0.0,0.4286,-0.4286,Kolkata Knight Riders,0
336015,2007/08,2008-05-11,Sawai Mansingh Stadium,Jaipur,Rajasthan Royals,Delhi Capitals,Rajasthan Royals,field,1,0,1,0,0.8,0.4,0.75,0.5714,0.4,0.75,0.5714,0.1786,1,0.0,1.0,0.5714,0.4286,Rajasthan Royals,1
336016,2007/08,2008-05-12,Punjab Cricket Association IS Bindra Stadium,Chandigarh,Punjab Kings,Royal Challengers Bengaluru,Royal Challengers Bengaluru,bat,0,0,1,0,0.8,0.2,0.625,0.25,0.6,0.625,0.25,0.375,1,1.0,0.75,0.25,0.5,Punjab Kings,1
336017,2007/08,2008-05-13,Eden Gardens,Kolkata,Kolkata Knight Riders,Delhi Capitals,Kolkata Knight Riders,bat,1,1,1,0,0.4,0.4,0.5,0.5,0.0,0.5,0.5,0.0,0,0.5,0.6667,0.5,0.1667,Kolkata Knight Riders,1
336018,2007/08,2008-05-14,Wankhede Stadium,Mumbai,Mumbai Indians,Chennai Super Kings,Mumbai Indians,field,1,0,1,0,0.6,0.4,0.4286,0.6667,0.2,0.4286,0.6667,-0.2381,1,0.0,0.0,0.6667,-0.6667,Mumbai Indians,1
336020,2007/08,2008-05-15,Arun Jaitley Stadium,Delhi,Delhi Capitals,Deccan Chargers,Deccan Chargers,field,0,1,1,0,0.2,0.2,0.4444,0.2222,0.0,0.4444,0.2222,0.2222,1,1.0,0.6667,0.2222,0.4444,Delhi Capitals,1
336021,2007/08,2008-05-16,Wankhede Stadium,Mumbai,Mumbai Indians,Kolkata Knight Riders,Mumbai Indians,field,1,0,1,0,0.8,0.6,0.5,0.5556,0.2,0.5,0.5556,-0.0556,1,1.0,0.5,0.5556,-0.0556,Mumbai Indians,1
336022,2007/08,2008-05-17,Arun Jaitley Stadium,Delhi,Delhi Capitals,Punjab Kings,Delhi Capitals,bat,1,1,1,0,0.2,0.8,0.5,0.6667,-0.6,0.5,0.6667,-0.1667,1,0.0,0.75,0.6667,0.0833,Punjab Kings,0
336023,2007/08,2008-05-17,Sawai Mansingh Stadium,Jaipur,Rajasthan Royals,Royal Challengers Bengaluru,Royal Challengers Bengaluru,field,0,1,1,0,0.8,0.2,0.7778,0.2222,0.6,0.7778,0.2222,0.5556,1,1.0,1.0,0.2222,0.7778,Rajasthan Royals,1
336024,2007/08,2008-05-18,Rajiv Gandhi International Stadium,Hyderabad,Deccan Chargers,Mumbai Indians,Deccan Chargers,field,1,0,0,0,0.2,1.0,0.2,0.5556,-0.8,0.2,0.5556,-0.3556,1,1.0,0.0,0.5556,-0.5556,Mumbai Indians,0
336025,2007/08,2008-05-18,Eden Gardens,Kolkata,Kolkata Knight Riders,Chennai Super Kings,Kolkata Knight Riders,bat,1,1,1,0,0.6,0.4,0.5,0.6,0.2,0.5,0.6,-0.1,1,0.0,0.75,0.6,0.15,Chennai Super Kings,0
336026,2007/08,2008-05-19,M Chinnaswamy Stadium,Bangalore,Royal Challengers Bengaluru,Delhi Capitals,Delhi Capitals,field,0,1,1,0,0.2,0.2,0.2,0.4,0.0,0.2,0.4545,-0.2545,1,0.0,0.2,0.4545,-0.2545,Delhi Capitals,0
336027,2007/08,2008-05-20,Eden Gardens,Kolkata,Kolkata Knight Riders,Rajasthan Royals,Rajasthan Royals,field,0,1,1,0,0.6,0.8,0.4,0.8,-0.2,0.4545,0.8,-0.3455,1,0.0,0.6,0.8,-0.2,Rajasthan Royals,0
336028,2007/08,2008-05-21,Wankhede Stadium,Mumbai,Mumbai Indians,Punjab Kings,Mumbai Indians,field,1,0,1,0,1.0,0.8,0.6,0.7,0.2,0.6,0.7,-0.1,1,0.0,0.6667,0.7,-0.0333,Punjab Kings,0
336029,2007/08,2008-05-21,MA Chidambaram Stadium,Chennai,Chennai Super Kings,Royal Challengers Bengaluru,Royal Challengers Bengaluru,bat,0,0,1,0,0.6,0.0,0.6,0.2,0.6,0.6364,0.1818,0.4545,1,1.0,0.6,0.1818,0.4182,Royal Challengers Bengaluru,0
336031,2007/08,2008-05-23,Punjab Cricket Association IS Bindra Stadium,Chandigarh,Punjab Kings,Deccan Chargers,Punjab Kings,field,1,0,1,0,0.8,0.2,0.8,0.2,0.6,0.7273,0.1818,0.5455,1,1.0,0.8,0.1818,0.6182,Punjab Kings,1
336032,2007/08,2008-05-24,Arun Jaitley Stadium,Delhi,Delhi Capitals,Mumbai Indians,Delhi Capitals,field,1,0,1,0,0.4,0.8,0.4,0.6,-0.4,0.5,0.5455,-0.0455,1,0.0,0.6,0.5455,0.0545,Delhi Capitals,1
336033,2007/08,2008-05-24,MA Chidambaram Stadium,Chennai,Chennai Super Kings,Rajasthan Royals,Rajasthan Royals,bat,0,0,1,0,0.6,0.8,0.5,0.9,-0.2,0.5833,0.8182,-0.2348,1,0.0,0.5,0.8182,-0.3182,Rajasthan Royals,0
336002,2007/08,2008-05-25,Rajiv Gandhi International Stadium,Hyderabad,Deccan Chargers,Royal Challengers Bengaluru,Deccan Chargers,bat,1,1,0,0,0.0,0.2,0.2,0.2,-0.2,0.1667,0.25,-0.0833,1,0.0,0.0,0.25,-0.25,Royal Challengers Bengaluru,0
336035,2007/08,2008-05-25,Eden Gardens,Kolkata,Kolkata Knight Riders,Punjab Kings,Punjab Kings,bat,0,0,1,0,0.4,0.8,0.3,0.9,-0.4,0.4167,0.75,-0.3333,1,0.0,0.5,0.75,-0.25,Kolkata Knight Riders,1
336036,2007/08,2008-05-26,Sawai Mansingh Stadium,Jaipur,Rajasthan Royals,Mumbai Indians,Rajasthan Royals,field,1,0,1,0,1.0,0.6,0.9,0.6,0.4,0.8333,0.5,0.3333,1,0.0,1.0,0.5,0.5,Rajasthan Royals,1
336037,2007/08,2008-05-27,Rajiv Gandhi International Stadium,Hyderabad,Deccan Chargers,Chennai Super Kings,Deccan Chargers,bat,1,1,0,0,0.0,0.4,0.2,0.4,-0.4,0.1538,0.5385,-0.3846,1,1.0,0.0,0.5385,-0.5385,Chennai Super Kings,0
336012,2007/08,2008-05-28,M Chinnaswamy Stadium,Bangalore,Royal Challengers Bengaluru,Mumbai Indians,Mumbai Indians,field,0,1,1,0,0.4,0.4,0.3,0.6,0.0,0.3077,0.4615,-0.1538,1,1.0,0.1667,0.4615,-0.2949,Mumbai Indians,0
336019,2007/08,2008-05-28,Punjab Cricket Association IS Bindra Stadium,Chandigarh,Punjab Kings,Rajasthan Royals,Rajasthan Royals,field,0,1,1,0,0.8,1.0,0.8,0.9,-0.2,0.6923,0.8462,-0.1538,1,0.0,0.8333,0.8462,-0.0128,Punjab Kings,1
336038,2007/08,2008-05-30,Wankhede Stadium,Mumbai,Delhi Capitals,Rajasthan Royals,Delhi Capitals,field,1,0,0,0,0.6,0.8,0.5,0.8,-0.2,0.5385,0.7857,-0.2473,2,0.5,0.5385,0.7857,-0.2473,Rajasthan Royals,0
336039,2007/08,2008-05-31,Wankhede Stadium,Mumbai,Chennai Super Kings,Punjab Kings,Punjab Kings,bat,0,0,0,0,0.4,0.8,0.4,0.8,-0.4,0.5714,0.7143,-0.1429,2,1.0,0.0,1.0,-1.0,Chennai Super Kings,1
336040,2007/08,2008-06-01,Dr DY Patil Sports Academy,Mumbai,Chennai Super Kings,Rajasthan Royals,Rajasthan Royals,field,0,1,0,0,0.6,0.8,0.5,0.8,-0.2,0.6,0.8,-0.2,2,0.0,0.6,0.0,0.6,Rajasthan Royals,0
392181,2009,2009-04-18,Newlands,Cape Town,Chennai Super Kings,Mumbai Indians,Chennai Super Kings,field,1,0,0,0,0.4,0.4,0.5,0.7,0.0,0.5625,0.5,0.0625,2,0.5,0.5625,0.5,0.0625,Mumbai Indians,0
392182,2009,2009-04-18,Newlands,Cape Town,Royal Challengers Bengaluru,Rajasthan Royals,Royal Challengers Bengaluru,bat,1,1,0,0,0.4,0.8,0.3,0.8,-0.4,0.2857,0.8125,-0.5268,2,0.0,0.2857,0.8125,-0.5268,Royal Challengers Bengaluru,1
392183,2009,2009-04-19,Newlands,Cape Town,Delhi Capitals,Punjab Kings,Delhi Capitals,field,1,0,0,0,0.6,0.6,0.4,0.7,0.0,0.5,0.6667,-0.1667,2,0.0,0.5,0.6667,-0.1667,Delhi Capitals,1
392184,2009,2009-04-19,Newlands,Cape Town,Deccan Chargers,Kolkata Knight Riders,Kolkata Knight Riders,bat,0,0,0,0,0.0,0.4,0.1,0.4,-0.4,0.1429,0.4615,-0.3187,2,0.0,0.1429,0.4615,-0.3187,Deccan Chargers,1
392185,2009,2009-04-20,St George's Park,Port Elizabeth,Royal Challengers Bengaluru,Chennai Super Kings,Chennai Super Kings,bat,0,0,0,0,0.6,0.4,0.4,0.5,0.2,0.3333,0.5294,-0.1961,2,0.5,0.3333,0.5294,-0.1961,Chennai Super Kings,0
392186,2009,2009-04-21,Kingsmead,Durban,Punjab Kings,Kolkata Knight Riders,Kolkata Knight Riders,field,0,1,0,0,0.4,0.2,0.6,0.4,0.2,0.625,0.4286,0.1964,2,0.5,0.625,0.4286,0.1964,Kolkata Knight Riders,0
392188,2009,2009-04-22,Newlands,Cape Town,Royal Challengers Bengaluru,Deccan Chargers,Deccan Chargers,bat,0,0,0,0,0.6,0.2,0.3,0.2,0.4,0.3125,0.2,0.1125,2,1.0,1.0,1.0,0.0,Deccan Chargers,0
392189,2009,2009-04-23,Kingsmead,Durban,Chennai Super Kings,Delhi Capitals,Delhi Capitals,bat,0,0,0,0,0.6,0.6,0.5,0.4,0.0,0.5556,0.5333,0.0222,2,0.5,0.5556,0.5333,0.0222,Delhi Capitals,0
392190,2009,2009-04-23,Newlands,Cape Town,Kolkata Knight Riders,Rajasthan Royals,Kolkata Knight Riders,field,1,0,0,0,0.4,0.6,0.5,0.8,-0.2,0.4667,0.7647,-0.298,2,0.0,0.0,0.0,0.0,Rajasthan Royals,0
392191,2009,2009-04-24,Kingsmead,Durban,Royal Challengers Bengaluru,Punjab Kings,Royal Challengers Bengaluru,bat,1,1,0,0,0.4,0.2,0.3,0.5,0.2,0.2941,0.5882,-0.2941,2,0.0,0.2941,0.0,0.2941,Punjab Kings,0
392192,2009,2009-04-25,Kingsmead,Durban,Deccan Chargers,Mumbai Indians,Deccan Chargers,bat,1,1,0,0,0.4,0.4,0.3,0.7,0.0,0.25,0.5333,-0.2833,2,0.5,0.25,0.5333,-0.2833,Deccan Chargers,1
392194,2009,2009-04-26,St George's Park,Port Elizabeth,Royal Challengers Bengaluru,Delhi Capitals,Royal Challengers Bengaluru,bat,1,1,0,0,0.2,0.8,0.3,0.5,-0.6,0.2778,0.5625,-0.2847,2,0.0,0.0,0.5625,-0.5625,Delhi Capitals,0
392195,2009,2009-04-26,Newlands,Cape Town,Punjab Kings,Rajasthan Royals,Punjab Kings,bat,1,1,0,0,0.4,0.6,0.6,0.8,-0.2,0.6111,0.7778,-0.1667,2,0.5,0.0,0.5,-0.5,Punjab Kings,1
392196,2009,2009-04-27,Kingsmead,Durban,Chennai Super Kings,Deccan Chargers,Deccan Chargers,field,0,1,0,0,0.4,0.6,0.4,0.3,-0.2,0.5263,0.2941,0.2322,2,0.5,0.0,1.0,-1.0,Deccan Chargers,0
392197,2009,2009-04-27,St George's Park,Port Elizabeth,Kolkata Knight Riders,Mumbai Indians,Mumbai Indians,bat,0,0,0,0,0.4,0.4,0.5,0.6,0.0,0.4375,0.5,-0.0625,2,0.0,0.4375,0.5,-0.0625,Mumbai Indians,0
392198,2009,2009-04-28,SuperSport Park,Centurion,Delhi Capitals,Rajasthan Royals,Delhi Capitals,bat,1,1,0,0,0.8,0.6,0.6,0.7,0.2,0.5882,0.7368,-0.1486,3,0.3333,0.5882,0.7368,-0.1486,Rajasthan Royals,0
392199,2009,2009-04-29,Kingsmead,Durban,Royal Challengers Bengaluru,Kolkata Knight Riders,Kolkata Knight Riders,bat,0,0,0,0,0.2,0.4,0.3,0.4,-0.2,0.2632,0.4118,-0.1486,2,0.0,0.0,1.0,-1.0,Royal Challengers Bengaluru,1
392200,2009,2009-04-29,Kingsmead,Durban,Punjab Kings,Mumbai Indians,Punjab Kings,bat,1,1,0,0,0.4,0.6,0.6,0.6,-0.2,0.6316,0.5294,0.1022,2,1.0,0.5,0.0,0.5,Punjab Kings,1
392201,2009,2009-04-30,SuperSport Park,Centurion,Deccan Chargers,Delhi Capitals,Delhi Capitals,field,0,1,0,0,0.8,0.6,0.4,0.6,0.2,0.3333,0.5556,-0.2222,2,0.0,0.3333,0.0,0.3333,Delhi Capitals,0
392202,2009,2009-04-30,SuperSport Park,Centurion,Chennai Super Kings,Rajasthan Royals,Rajasthan Royals,field,0,1,0,0,0.2,0.6,0.4,0.7,-0.4,0.5,0.75,-0.25,3,0.0,0.5,1.0,-0.5,Chennai Super Kings,1
392203,2009,2009-05-01,Buffalo Park,East London,Kolkata Knight Riders,Mumbai Indians,Mumbai Indians,bat,0,0,0,0,0.2,0.6,0.3,0.5,-0.4,0.3889,0.5,-0.1111,3,0.0,0.3889,0.5,-0.1111,Mumbai Indians,0
392204,2009,2009-05-01,Kingsmead,Durban,Royal Challengers Bengaluru,Punjab Kings,Royal Challengers Bengaluru,bat,1,1,0,0,0.2,0.6,0.4,0.6,-0.4,0.3,0.65,-0.35,3,0.0,0.5,0.6667,-0.1667,Royal Challengers Bengaluru,1
392205,2009,2009-05-02,St George's Park,Port Elizabeth,Deccan Chargers,Rajasthan Royals,Deccan Chargers,bat,1,1,0,0,0.8,0.4,0.4,0.6,0.4,0.3158,0.7143,-0.3985,2,0.0,0.3158,0.7143,-0.3985,Rajasthan Royals,0
392206,2009,2009-05-02,New Wanderers Stadium,Johannesburg,Chennai Super Kings,Delhi Capitals,Delhi Capitals,field,0,1,0,0,0.4,0.8,0.4,0.7,-0.4,0.5238,0.5789,-0.0551,3,0.3333,0.5238,0.5789,-0.0551,Chennai Super Kings,1
392207,2009,2009-05-03,St George's Park,Port Elizabeth,Punjab Kings,Kolkata Knight Riders,Kolkata Knight Riders,bat,0,0,0,0,0.6,0.2,0.5,0.2,0.4,0.619,0.3684,0.2506,3,0.3333,0.619,0.0,0.619,Punjab Kings,1
392208,2009,2009-05-03,New Wanderers Stadium,Johannesburg,Royal Challengers Bengaluru,Mumbai Indians,Mumbai Indians,bat,0,0,0,0,0.4,0.6,0.5,0.5,-0.2,0.3333,0.5263,-0.193,2,0.5,0.3333,0.5263,-0.193,Royal Challengers Bengaluru,1
392209,2009,2009-05-04,Buffalo Park,East London,Chennai Super Kings,Deccan Chargers,Chennai Super Kings,bat,1,1,0,0,0.6,0.6,0.5,0.4,0.0,0.5455,0.3,0.2455,3,0.3333,0.5455,0.3,0.2455,Chennai Super Kings,1
392210,2009,2009-05-05,Kingsmead,Durban,Punjab Kings,Rajasthan Royals,Punjab Kings,field,1,0,0,0,0.8,0.6,0.5,0.6,0.2,0.6364,0.7273,-0.0909,3,0.6667,0.5,0.7273,-0.2273,Rajasthan Royals,0
392211,2009,2009-05-05,Kingsmead,Durban,Delhi Capitals,Kolkata Knight Riders,Kolkata Knight Riders,bat,0,0,0,0,0.6,0.0,0.6,0.2,0.6,0.55,0.35,0.2,1,0.0,1.0,0.5,0.5,Delhi Capitals,1
392212,2009,2009-05-06,SuperSport Park,Centurion,Deccan Chargers,Mumbai Indians,Deccan Chargers,bat,1,1,0,0,0.4,0.4,0.4,0.4,0.0,0.2857,0.5,-0.2143,3,0.6667,0.0,0.5,-0.5,Deccan Chargers,1
392213,2009,2009-05-07,SuperSport Park,Centurion,Royal Challengers Bengaluru,Rajasthan Royals,Rajasthan Royals,field,0,1,0,0,0.6,0.6,0.5,0.6,0.0,0.3636,0.7391,-0.3755,3,0.3333,0.3636,0.5,-0.1364,Rajasthan Royals,0
392214,2009,2009-05-07,SuperSport Park,Centurion,Chennai Super Kings,Punjab Kings,Chennai Super Kings,bat,1,1,0,0,0.6,0.6,0.6,0.5,0.0,0.5652,0.6087,-0.0435,3,1.0,1.0,0.6087,0.3913,Chennai Super Kings,1
392215,2009,2009-05-08,Buffalo Park,East London,Delhi Capitals,Mumbai Indians,Mumbai Indians,bat,0,0,0,0,0.6,0.4,0.7,0.4,0.2,0.5714,0.4762,0.0952,2,0.5,0.5714,1.0,-0.4286,Delhi Capitals,1
392216,2009,2009-05-09,De Beers Diamond Oval,Kimberley,Deccan Chargers,Punjab Kings,Punjab Kings,field,0,1,0,0,0.4,0.4,0.5,0.4,0.0,0.3182,0.5833,-0.2652,2,0.0,0.3182,0.5833,-0.2652,Punjab Kings,0
392217,2009,2009-05-09,De Beers Diamond Oval,Kimberley,Chennai Super Kings,Rajasthan Royals,Rajasthan Royals,bat,0,0,0,0,0.8,0.8,0.6,0.7,0.0,0.5833,0.75,-0.1667,4,0.25,0.5833,0.75,-0.1667,Chennai Super Kings,1
392218,2009,2009-05-10,St George's Park,Port Elizabeth,Royal Challengers Bengaluru,Mumbai Indians,Mumbai Indians,bat,0,0,0,0,0.6,0.2,0.4,0.4,0.4,0.3478,0.4545,-0.1067,3,0.6667,0.0,1.0,-1.0,Mumbai Indians,0
392219,2009,2009-05-10,New Wanderers Stadium,Johannesburg,Delhi Capitals,Kolkata Knight Riders,Delhi Capitals,field,1,0,0,0,0.6,0.0,0.7,0.2,0.6,0.5909,0.3333,0.2576,2,0.5,0.0,0.3333,-0.3333,Delhi Capitals,1
392220,2009,2009-05-11,De Beers Diamond Oval,Kimberley,Deccan Chargers,Rajasthan Royals,Deccan Chargers,bat,1,1,0,0,0.2,0.6,0.5,0.6,-0.4,0.3043,0.72,-0.4157,3,0.0,0.0,0.0,0.0,Deccan Chargers,1
392221,2009,2009-05-12,SuperSport Park,Centurion,Royal Challengers Bengaluru,Kolkata Knight Riders,Royal Challengers Bengaluru,field,1,0,0,0,0.6,0.0,0.4,0.2,0.6,0.3333,0.3182,0.0152,3,0.3333,0.0,0.3182,-0.3182,Royal Challengers Bengaluru,1
392222,2009,2009-05-12,SuperSport Park,Centurion,Punjab Kings,Mumbai Indians,Punjab Kings,bat,1,1,0,0,0.4,0.4,0.5,0.5,0.0,0.6,0.4783,0.1217,3,1.0,0.0,0.0,0.0,Mumbai Indians,0
392223,2009,2009-05-13,Kingsmead,Durban,Deccan Chargers,Delhi Capitals,Deccan Chargers,field,1,0,0,0,0.4,0.8,0.6,0.7,-0.4,0.3333,0.6087,-0.2754,3,0.0,1.0,1.0,0.0,Delhi Capitals,0
392224,2009,2009-05-14,Kingsmead,Durban,Royal Challengers Bengaluru,Chennai Super Kings,Chennai Super Kings,bat,0,0,0,0,0.6,1.0,0.4,0.6,-0.4,0.36,0.6,-0.24,3,0.3333,0.6667,0.0,0.6667,Royal Challengers Bengaluru,1
392225,2009,2009-05-14,Kingsmead,Durban,Mumbai Indians,Rajasthan Royals,Rajasthan Royals,bat,0,0,0,0,0.4,0.6,0.5,0.5,-0.2,0.5,0.6923,-0.1923,2,0.5,0.0,1.0,-1.0,Rajasthan Royals,0
392226,2009,2009-05-15,OUTsurance Oval,Bloemfontein,Delhi Capitals,Punjab Kings,Punjab Kings,field,0,1,0,0,0.8,0.4,0.8,0.5,0.4,0.625,0.5769,0.0481,3,0.3333,0.625,0.5769,0.0481,Punjab Kings,0
392227,2009,2009-05-16,St George's Park,Port Elizabeth,Chennai Super Kings,Mumbai Indians,Mumbai Indians,bat,0,0,0,0,0.8,0.4,0.6,0.4,0.4,0.5769,0.48,0.0969,3,0.3333,1.0,1.0,0.0,Chennai Super Kings,1
392228,2009,2009-05-16,New Wanderers Stadium,Johannesburg,Deccan Chargers,Kolkata Knight Riders,Deccan Chargers,field,1,0,0,0,0.4,0.0,0.5,0.1,0.4,0.32,0.3043,0.0157,3,0.3333,0.32,0.0,0.32,Deccan Chargers,1
392229,2009,2009-05-17,New Wanderers Stadium,Johannesburg,Deccan Chargers,Punjab Kings,Deccan Chargers,field,1,0,0,0,0.6,0.4,0.5,0.6,0.2,0.3462,0.5926,-0.2464,3,0.0,1.0,0.5926,0.4074,Punjab Kings,0
392230,2009,2009-05-17,OUTsurance Oval,Bloemfontein,Delhi Capitals,Rajasthan Royals,Delhi Capitals,bat,1,1,0,0,0.8,0.6,0.7,0.6,0.2,0.6,0.7037,-0.1037,4,0.25,0.0,0.7037,-0.7037,Delhi Capitals,1
392231,2009,2009-05-18,SuperSport Park,Centurion,Chennai Super Kings,Kolkata Knight Riders,Chennai Super Kings,bat,1,1,0,0,0.8,0.0,0.7,0.1,0.8,0.5926,0.2917,0.3009,2,1.0,1.0,0.0,1.0,Kolkata Knight Riders,0
392232,2009,2009-05-19,New Wanderers Stadium,Johannesburg,Royal Challengers Bengaluru,Delhi Capitals,Delhi Capitals,bat,0,0,0,0,0.6,0.8,0.5,0.7,-0.2,0.3846,0.6154,-0.2308,3,0.0,1.0,0.5,0.5,Royal Challengers Bengaluru,1
392233,2009,2009-05-20,Kingsmead,Durban,Kolkata Knight Riders,Rajasthan Royals,Kolkata Knight Riders,field,1,0,0,0,0.2,0.4,0.1,0.5,-0.2,0.32,0.6786,-0.3586,3,0.0,0.3333,1.0,-0.6667,Kolkata Knight Riders,1
392234,2009,2009-05-20,Kingsmead,Durban,Chennai Super Kings,Punjab Kings,Chennai Super Kings,bat,1,1,0,0,0.6,0.6,0.6,0.6,0.0,0.5714,0.6071,-0.0357,4,1.0,0.0,0.4,-0.4,Chennai Super Kings,1
392235,2009,2009-05-21,SuperSport Park,Centurion,Delhi Capitals,Mumbai Indians,Delhi Capitals,field,1,0,0,0,0.6,0.4,0.6,0.4,0.2,0.5926,0.4615,0.1311,3,0.6667,0.5,0.5,0.0,Delhi Capitals,1
392236,2009,2009-05-21,SuperSport Park,Centurion,Royal Challengers Bengaluru,Deccan Chargers,Royal Challengers Bengaluru,bat,1,1,0,0,0.6,0.4,0.6,0.4,0.2,0.4074,0.3333,0.0741,3,0.6667,0.5,0.5,0.0,Royal Challengers Bengaluru,1
392237,2009,2009-05-22,SuperSport Park,Centurion,Delhi Capitals,Deccan Chargers,Deccan Chargers,field,0,1,0,0,0.6,0.4,0.7,0.3,0.2,0.6071,0.3214,0.2857,4,1.0,0.6667,0.3333,0.3333,Deccan Chargers,0
392238,2009,2009-05-23,New Wanderers Stadium,Johannesburg,Royal Challengers Bengaluru,Chennai Super Kings,Royal Challengers Bengaluru,field,1,0,0,0,0.8,0.6,0.7,0.7,0.2,0.4286,0.5862,-0.1576,4,0.5,1.0,1.0,0.0,Royal Challengers Bengaluru,1
392239,2009,2009-05-24,New Wanderers Stadium,Johannesburg,Royal Challengers Bengaluru,Deccan Chargers,Royal Challengers Bengaluru,field,1,0,0,0,1.0,0.4,0.8,0.4,0.6,0.4483,0.3448,0.1034,4,0.75,1.0,0.5,0.5,Deccan Chargers,0
419106,2009/10,2010-03-12,Dr DY Patil Sports Academy,Mumbai,Deccan Chargers,Kolkata Knight Riders,Deccan Chargers,field,1,0,0,0,0.6,0.4,0.5,0.2,0.2,0.3667,0.3462,0.0205,4,0.5,1.0,0.3462,0.6538,Kolkata Knight Riders,0
419107,2009/10,2010-03-13,Brabourne Stadium,Mumbai,Mumbai Indians,Rajasthan Royals,Mumbai Indians,bat,1,1,1,0,0.4,0.2,0.3,0.5,0.2,0.4444,0.6552,-0.2107,3,0.3333,0.4444,0.6552,-0.2107,Mumbai Indians,1
419108,2009/10,2010-03-13,Punjab Cricket Association IS Bindra Stadium,Chandigarh,Punjab Kings,Delhi Capitals,Delhi Capitals,field,0,1,1,0,0.6,0.4,0.5,0.6,0.2,0.5862,0.5862,0.0,4,0.75,0.8571,0.0,0.8571,Delhi Capitals,0
419109,2009/10,2010-03-14,Eden Gardens,Kolkata,Kolkata Knight Riders,Royal Challengers Bengaluru,Kolkata Knight Riders,field,1,0,1,0,0.6,0.8,0.3,0.7,-0.2,0.3704,0.4333,-0.063,4,0.5,0.5714,0.0,0.5714,Kolkata Knight Riders,1
419110,2009/10,2010-03-14,MA Chidambaram Stadium,Chennai,Chennai Super Kings,Deccan Chargers,Deccan Chargers,bat,0,0,1,0,0.4,0.4,0.7,0.5,0.0,0.5667,0.3548,0.2118,4,0.5,0.4286,1.0,-0.5714,Deccan Chargers,0
419111,2009/10,2010-03-15,"Narendra Modi Stadium, Ahmedabad",Ahmedabad,Rajasthan Royals,Delhi Capitals,Delhi Capitals,field,0,1,0,0,0.2,0.6,0.4,0.7,-0.4,0.6333,0.6,0.0333,5,0.6,0.6333,0.6,0.0333,Delhi Capitals,0
419112,2009/10,2010-03-16,M Chinnaswamy Stadium,Bangalore,Royal Challengers Bengaluru,Punjab Kings,Punjab Kings,bat,0,0,1,0,0.6,0.4,0.6,0.4,0.2,0.4194,0.5667,-0.1473,4,0.25,0.1429,1.0,-0.8571,Royal Challengers Bengaluru,1
419113,2009/10,2010-03-16,Eden Gardens,Kolkata,Kolkata Knight Riders,Chennai Super Kings,Chennai Super Kings,bat,0,0,1,0,0.8,0.4,0.4,0.6,0.4,0.3929,0.5484,-0.1555,3,0.3333,0.625,1.0,-0.375,Chennai Super Kings,0
419114,2009/10,2010-03-17,Arun Jaitley Stadium,Delhi,Delhi Capitals,Mumbai Indians,Delhi Capitals,field,1,0,1,0,0.6,0.4,0.7,0.4,0.2,0.6129,0.4643,0.1486,4,0.75,0.6667,0.0,0.6667,Mumbai Indians,0
419115,2009/10,2010-03-18,M Chinnaswamy Stadium,Bangalore,Royal Challengers Bengaluru,Rajasthan Royals,Royal Challengers Bengaluru,field,1,0,1,0,0.6,0.2,0.6,0.4,0.4,0.4375,0.6129,-0.1754,4,0.25,0.25,1.0,-0.75,Royal Challengers Bengaluru,1
419116,2009/10,2010-03-19,Arun Jaitley Stadium,Delhi,Delhi Capitals,Chennai Super Kings,Delhi Capitals,bat,1,1,1,0,0.6,0.4,0.6,0.6,0.2,0.5938,0.5625,0.0312,4,0.5,0.5714,1.0,-0.4286,Chennai Super Kings,0
419117,2009/10,2010-03-19,Barabati Stadium,Cuttack,Deccan Chargers,Punjab Kings,Punjab Kings,field,0,1,0,0,0.6,0.4,0.5,0.4,0.2,0.375,0.5484,-0.1734,4,0.0,0.375,0.5484,-0.1734,Deccan Chargers,1
419118,2009/10,2010-03-20,"Narendra Modi Stadium, Ahmedabad",Ahmedabad,Rajasthan Royals,Kolkata Knight Riders,Rajasthan Royals,bat,1,1,0,0,0.0,0.8,0.3,0.4,-0.8,0.5938,0.3793,0.2144,4,0.75,0.0,0.3793,-0.3793,Rajasthan Royals,1
419119,2009/10,2010-03-20,Brabourne Stadium,Mumbai,Mumbai Indians,Royal Challengers Bengaluru,Mumbai Indians,bat,1,1,1,0,0.4,0.6,0.4,0.7,-0.2,0.4828,0.4545,0.0282,4,0.5,1.0,0.4545,0.5455,Royal Challengers Bengaluru,0
419120,2009/10,2010-03-21,Barabati Stadium,Cuttack,Deccan Chargers,Delhi Capitals,Deccan Chargers,bat,1,1,0,0,0.8,0.4,0.6,0.5,0.4,0.3939,0.5758,-0.1818,5,0.2,1.0,0.5758,0.4242,Deccan Chargers,1
419121,2009/10,2010-03-21,MA Chidambaram Stadium,Chennai,Chennai Super Kings,Punjab Kings,Chennai Super Kings,field,1,0,1,0,0.6,0.2,0.6,0.3,0.4,0.5758,0.5312,0.0445,5,1.0,0.375,0.0,0.375,Punjab Kings,0
419122,2009/10,2010-03-22,Brabourne Stadium,Mumbai,Mumbai Indians,Kolkata Knight Riders,Kolkata Knight Riders,bat,0,0,1,0,0.4,0.6,0.4,0.4,-0.2,0.4667,0.3667,0.1,4,1.0,0.5,0.3667,0.1333,Mumbai Indians,1
419123,2009/10,2010-03-23,M Chinnaswamy Stadium,Bangalore,Royal Challengers Bengaluru,Chennai Super Kings,Chennai Super Kings,field,0,1,1,0,0.6,0.4,0.8,0.5,0.2,0.4706,0.5588,-0.0882,5,0.6,0.3333,1.0,-0.6667,Royal Challengers Bengaluru,1
419124,2009/10,2010-03-24,Punjab Cricket Association IS Bindra Stadium,Chandigarh,Punjab Kings,Rajasthan Royals,Punjab Kings,field,1,0,1,0,0.2,0.2,0.4,0.3,0.0,0.5455,0.6061,-0.0606,4,0.5,0.75,0.0,0.75,Rajasthan Royals,0
419125,2009/10,2010-03-25,Brabourne Stadium,Mumbai,Chennai Super Kings,Mumbai Indians,Mumbai Indians,field,0,1,0,1,0.4,0.6,0.4,0.5,-0.2,0.5429,0.4839,0.059,4,0.5,0.5429,0.6667,-0.1238,Mumbai Indians,0
419128,2009/10,2010-03-25,M Chinnaswamy Stadium,Bangalore,Royal Challengers Bengaluru,Delhi Capitals,Royal Challengers Bengaluru,field,1,0,1,0,0.8,0.4,0.8,0.4,0.4,0.4857,0.5588,-0.0731,4,0.25,0.4,1.0,-0.6,Delhi Capitals,0
419126,2009/10,2010-03-26,"Narendra Modi Stadium, Ahmedabad",Ahmedabad,Rajasthan Royals,Deccan Chargers,Deccan Chargers,bat,0,0,0,0,0.4,0.8,0.3,0.6,-0.4,0.6176,0.4118,0.2059,4,0.75,0.5,0.4118,0.0882,Rajasthan Royals,1
419127,2009/10,2010-03-27,Punjab Cricket Association IS Bindra Stadium,Chandigarh,Punjab Kings,Kolkata Knight Riders,Kolkata Knight Riders,bat,0,0,1,0,0.2,0.4,0.4,0.4,-0.2,0.5294,0.3548,0.1746,4,0.5,0.6667,0.0,0.6667,Kolkata Knight Riders,0
419129,2009/10,2010-03-28,"Narendra Modi Stadium, Ahmedabad",Ahmedabad,Rajasthan Royals,Chennai Super Kings,Rajasthan Royals,bat,1,1,0,0,0.6,0.4,0.4,0.4,0.2,0.6286,0.5278,0.1008,5,0.6,0.6667,0.5278,0.1389,Rajasthan Royals,1
419130,2009/10,2010-03-28,Dr DY Patil Sports Academy,Mumbai,Deccan Chargers,Mumbai Indians,Deccan Chargers,field,1,0,0,0,0.6,0.8,0.6,0.6,-0.2,0.4,0.5,-0.1,4,0.75,0.5,0.6667,-0.1667,Mumbai Indians,0
419131,2009/10,2010-03-29,Arun Jaitley Stadium,Delhi,Delhi Capitals,Kolkata Knight Riders,Delhi Capitals,bat,1,1,1,0,0.4,0.4,0.5,0.5,0.0,0.5714,0.375,0.1964,3,0.6667,0.5,0.375,0.125,Delhi Capitals,1
419132,2009/10,2010-03-30,Brabourne Stadium,Mumbai,Mumbai Indians,Punjab Kings,Mumbai Indians,field,1,0,1,0,0.8,0.2,0.6,0.3,0.6,0.5152,0.5143,0.0009,4,0.25,0.75,0.5143,0.2357,Mumbai Indians,1
419133,2009/10,2010-03-31,MA Chidambaram Stadium,Chennai,Chennai Super Kings,Royal Challengers Bengaluru,Royal Challengers Bengaluru,bat,0,0,1,0,0.2,0.8,0.3,0.7,-0.6,0.5135,0.4722,0.0413,6,0.3333,0.3333,1.0,-0.6667,Chennai Super Kings,1
419134,2009/10,2010-03-31,Arun Jaitley Stadium,Delhi,Delhi Capitals,Rajasthan Royals,Delhi Capitals,bat,1,1,1,0,0.4,0.8,0.5,0.5,-0.4,0.5833,0.6389,-0.0556,6,0.5,0.5556,0.0,0.5556,Delhi Capitals,1
419135,2009/10,2010-04-01,Eden Gardens,Kolkata,Kolkata Knight Riders,Deccan Chargers,Kolkata Knight Riders,bat,1,1,1,0,0.2,0.6,0.5,0.5,-0.4,0.3636,0.3889,-0.0253,5,0.6,0.5556,0.0,0.5556,Kolkata Knight Riders,1
419136,2009/10,2010-04-02,Punjab Cricket Association IS Bindra Stadium,Chandigarh,Punjab Kings,Royal Challengers Bengaluru,Punjab Kings,bat,1,1,1,0,0.2,0.6,0.3,0.6,-0.4,0.5,0.4595,0.0405,5,0.6,0.6,0.0,0.6,Royal Challengers Bengaluru,0
419137,2009/10,2010-04-03,MA Chidambaram Stadium,Chennai,Chennai Super Kings,Rajasthan Royals,Chennai Super Kings,bat,1,1,1,0,0.2,0.8,0.4,0.4,-0.6,0.5263,0.6216,-0.0953,6,0.3333,0.4,1.0,-0.6,Chennai Super Kings,1
419138,2009/10,2010-04-03,Brabourne Stadium,Mumbai,Mumbai Indians,Deccan Chargers,Mumbai Indians,bat,1,1,1,0,0.8,0.4,0.6,0.5,0.4,0.5294,0.3784,0.151,5,0.4,0.8,0.3784,0.4216,Mumbai Indians,1
419139,2009/10,2010-04-04,Eden Gardens,Kolkata,Kolkata Knight Riders,Punjab Kings,Kolkata Knight Riders,bat,1,1,1,0,0.4,0.2,0.6,0.2,0.2,0.3824,0.4865,-0.1041,5,0.6,0.6,0.0,0.6,Punjab Kings,0
419140,2009/10,2010-04-04,Arun Jaitley Stadium,Delhi,Delhi Capitals,Royal Challengers Bengaluru,Delhi Capitals,bat,1,1,1,0,0.6,0.6,0.6,0.6,0.0,0.5946,0.4737,0.1209,5,0.8,0.6,0.0,0.6,Delhi Capitals,1
419141,2009/10,2010-04-05,"Vidarbha Cricket Association Stadium, Jamtha",Nagpur,Deccan Chargers,Rajasthan Royals,Rajasthan Royals,bat,0,0,0,0,0.2,0.6,0.5,0.4,-0.4,0.3684,0.6053,-0.2368,5,0.2,0.3684,0.6053,-0.2368,Rajasthan Royals,0
419142,2009/10,2010-04-06,MA Chidambaram Stadium,Chennai,Chennai Super Kings,Mumbai Indians,Chennai Super Kings,bat,1,1,1,0,0.4,1.0,0.4,0.7,-0.6,0.5385,0.5429,-0.0044,5,0.4,0.4545,0.0,0.4545,Chennai Super Kings,1
419143,2009/10,2010-04-07,Sawai Mansingh Stadium,Jaipur,Rajasthan Royals,Punjab Kings,Punjab Kings,bat,0,0,1,0,0.6,0.2,0.5,0.2,0.4,0.6154,0.5,0.1154,5,0.6,1.0,0.0,1.0,Rajasthan Royals,1
419144,2009/10,2010-04-07,Eden Gardens,Kolkata,Kolkata Knight Riders,Delhi Capitals,Kolkata Knight Riders,bat,1,1,1,0,0.4,0.8,0.5,0.6,-0.4,0.3714,0.6053,-0.2338,4,0.25,0.5455,0.0,0.5455,Kolkata Knight Riders,1
419145,2009/10,2010-04-08,M Chinnaswamy Stadium,Bangalore,Royal Challengers Bengaluru,Deccan Chargers,Deccan Chargers,field,0,1,1,0,0.4,0.0,0.5,0.4,0.4,0.4615,0.359,0.1026,5,0.6,0.3636,0.0,0.3636,Deccan Chargers,0
419146,2009/10,2010-04-09,Punjab Cricket Association IS Bindra Stadium,Chandigarh,Punjab Kings,Mumbai Indians,Mumbai Indians,bat,0,0,1,0,0.2,0.8,0.2,0.7,-0.6,0.4872,0.5278,-0.0406,5,0.6,0.5455,0.0,0.5455,Punjab Kings,1
419147,2009/10,2010-04-10,"Vidarbha Cricket Association Stadium, Jamtha",Nagpur,Deccan Chargers,Chennai Super Kings,Chennai Super Kings,bat,0,0,0,0,0.2,0.6,0.4,0.5,-0.4,0.375,0.55,-0.175,5,0.6,0.0,0.55,-0.55,Deccan Chargers,1
419148,2009/10,2010-04-10,M Chinnaswamy Stadium,Bangalore,Royal Challengers Bengaluru,Kolkata Knight Riders,Royal Challengers Bengaluru,field,1,0,1,0,0.2,0.6,0.5,0.5,-0.4,0.45,0.3889,0.0611,5,0.4,0.3333,1.0,-0.6667,Royal Challengers Bengaluru,1
419149,2009/10,2010-04-11,Arun Jaitley Stadium,Delhi,Delhi Capitals,Punjab Kings,Delhi Capitals,bat,1,1,1,0,0.8,0.4,0.6,0.3,0.4,0.5897,0.5,0.0897,5,0.4,0.6364,1.0,-0.3636,Punjab Kings,0
419150,2009/10,2010-04-11,Sawai Mansingh Stadium,Jaipur,Rajasthan Royals,Mumbai Indians,Rajasthan Royals,field,1,0,1,0,0.6,0.6,0.6,0.7,0.0,0.625,0.5135,0.1115,4,0.5,1.0,0.0,1.0,Mumbai Indians,0
419151,2009/10,2010-04-12,"Vidarbha Cricket Association Stadium, Jamtha",Nagpur,Deccan Chargers,Royal Challengers Bengaluru,Royal Challengers Bengaluru,field,0,1,0,0,0.4,0.4,0.5,0.6,0.0,0.3902,0.4634,-0.0732,6,0.5,0.5,0.4634,0.0366,Deccan Chargers,1
419152,2009/10,2010-04-13,Brabourne Stadium,Mumbai,Mumbai Indians,Delhi Capitals,Mumbai Indians,bat,1,1,1,0,0.6,0.6,0.7,0.5,0.0,0.5263,0.575,-0.0487,5,0.4,0.8333,0.575,0.2583,Mumbai Indians,1
419153,2009/10,2010-04-13,MA Chidambaram Stadium,Chennai,Chennai Super Kings,Kolkata Knight Riders,Kolkata Knight Riders,bat,0,0,1,0,0.6,0.4,0.5,0.4,0.2,0.5366,0.3784,0.1582,4,0.75,0.5,0.0,0.5,Chennai Super Kings,1
419154,2009/10,2010-04-14,Sawai Mansingh Stadium,Jaipur,Rajasthan Royals,Royal Challengers Bengaluru,Rajasthan Royals,bat,1,1,1,0,0.4,0.4,0.6,0.5,0.0,0.6098,0.4524,0.1574,5,0.6,0.8889,0.0,0.8889,Royal Challengers Bengaluru,0
419155,2009/10,2010-04-15,MA Chidambaram Stadium,Chennai,Chennai Super Kings,Delhi Capitals,Chennai Super Kings,bat,1,1,1,0,0.8,0.4,0.5,0.4,0.4,0.5476,0.561,-0.0134,5,0.6,0.5385,1.0,-0.4615,Delhi Capitals,0
419156,2009/10,2010-04-16,Himachal Pradesh Cricket Association Stadium,Dharamsala,Punjab Kings,Deccan Chargers,Deccan Chargers,field,0,1,0,0,0.6,0.6,0.4,0.5,0.0,0.5122,0.4048,0.1074,5,0.8,0.5122,0.4048,0.1074,Deccan Chargers,0
419157,2009/10,2010-04-17,M Chinnaswamy Stadium,Bangalore,Royal Challengers Bengaluru,Mumbai Indians,Royal Challengers Bengaluru,field,1,0,1,0,0.4,0.6,0.5,0.7,-0.2,0.4651,0.5385,-0.0733,5,0.6,0.3846,1.0,-0.6154,Mumbai Indians,0
419158,2009/10,2010-04-17,Eden Gardens,Kolkata,Kolkata Knight Riders,Rajasthan Royals,Rajasthan Royals,bat,0,0,1,0,0.4,0.4,0.3,0.6,0.0,0.3684,0.5952,-0.2268,5,0.2,0.5833,1.0,-0.4167,Kolkata Knight Riders,1
419159,2009/10,2010-04-18,Himachal Pradesh Cricket Association Stadium,Dharamsala,Punjab Kings,Chennai Super Kings,Chennai Super Kings,field,0,1,0,0,0.6,0.6,0.4,0.4,0.0,0.5,0.5349,-0.0349,6,0.1667,0.0,0.5349,-0.5349,Chennai Super Kings,0
419160,2009/10,2010-04-18,Arun Jaitley Stadium,Delhi,Delhi Capitals,Deccan Chargers,Deccan Chargers,bat,0,0,1,0,0.4,0.8,0.5,0.5,-0.4,0.5714,0.4186,0.1528,6,0.6667,0.5833,0.0,0.5833,Deccan Chargers,0
419161,2009/10,2010-04-19,Eden Gardens,Kolkata,Kolkata Knight Riders,Mumbai Indians,Mumbai Indians,bat,0,0,1,0,0.4,0.6,0.4,0.8,-0.2,0.3846,0.55,-0.1654,5,0.0,0.6154,1.0,-0.3846,Kolkata Knight Riders,1
419162,2009/10,2010-04-21,Dr DY Patil Sports Academy,Mumbai,Royal Challengers Bengaluru,Mumbai Indians,Mumbai Indians,bat,0,0,0,0,0.4,0.6,0.4,0.7,-0.2,0.4545,0.5366,-0.082,6,0.5,0.4545,0.75,-0.2955,Mumbai Indians,0
419163,2009/10,2010-04-22,Dr DY Patil Sports Academy,Mumbai,Chennai Super Kings,Deccan Chargers,Chennai Super Kings,bat,1,1,0,0,0.6,1.0,0.5,0.5,-0.4,0.5455,0.4318,0.1136,6,0.3333,0.0,0.3333,-0.3333,Chennai Super Kings,1
419164,2009/10,2010-04-24,Dr DY Patil Sports Academy,Mumbai,Royal Challengers Bengaluru,Deccan Chargers,Deccan Chargers,bat,0,0,0,0,0.4,0.8,0.3,0.5,-0.4,0.4444,0.4222,0.0222,7,0.4286,0.0,0.25,-0.25,Royal Challengers Bengaluru,1
419165,2009/10,2010-04-25,Dr DY Patil Sports Academy,Mumbai,Chennai Super Kings,Mumbai Indians,Chennai Super Kings,bat,1,1,0,0,0.6,0.8,0.6,0.7,-0.2,0.5556,0.5476,0.0079,6,0.5,0.5,0.8,-0.3,Chennai Super Kings,1
501198,2011,2011-04-08,MA Chidambaram Stadium,Chennai,Chennai Super Kings,Kolkata Knight Riders,Chennai Super Kings,bat,1,1,1,0,0.8,0.6,0.7,0.5,0.2,0.5652,0.4,0.1652,5,0.8,0.5,0.0,0.5,Chennai Super Kings,1
501199,2011,2011-04-09,Rajiv Gandhi International Stadium,Hyderabad,Deccan Chargers,Rajasthan Royals,Rajasthan Royals,field,0,1,0,0,0.6,0.4,0.5,0.5,0.2,0.413,0.5814,-0.1684,6,0.1667,0.0,1.0,-1.0,Rajasthan Royals,0
501200,2011,2011-04-09,Nehru Stadium,Kochi,Kochi Tuskers Kerala,Royal Challengers Bengaluru,Kochi Tuskers Kerala,bat,1,1,0,0,0.5,0.4,0.5,0.4,0.1,0.5,0.4565,0.0435,0,0.5,0.5,0.4565,0.0435,Royal Challengers Bengaluru,0
501201,2011,2011-04-10,Arun Jaitley Stadium,Delhi,Delhi Capitals,Mumbai Indians,Delhi Capitals,bat,1,1,1,0,0.2,0.6,0.5,0.6,-0.4,0.5581,0.5349,0.0233,6,0.5,0.5385,0.5,0.0385,Mumbai Indians,0
501202,2011,2011-04-10,Dr DY Patil Sports Academy,Mumbai,Pune Warriors,Punjab Kings,Punjab Kings,bat,0,0,0,0,0.5,0.4,0.5,0.3,0.1,0.5,0.4884,0.0116,0,0.5,0.5,0.4884,0.0116,Pune Warriors,1
501203,2011,2011-04-11,Eden Gardens,Kolkata,Kolkata Knight Riders,Deccan Chargers,Kolkata Knight Riders,bat,1,1,1,0,0.4,0.4,0.5,0.5,0.0,0.3902,0.4043,-0.014,6,0.6667,0.6429,0.0,0.6429,Kolkata Knight Riders,1
501204,2011,2011-04-12,Sawai Mansingh Stadium,Jaipur,Rajasthan Royals,Delhi Capitals,Delhi Capitals,bat,0,0,1,0,0.4,0.2,0.5,0.5,0.2,0.5909,0.5455,0.0455,7,0.4286,0.8,0.0,0.8,Rajasthan Royals,1
501205,2011,2011-04-12,M Chinnaswamy Stadium,Bangalore,Royal Challengers Bengaluru,Mumbai Indians,Mumbai Indians,field,0,1,1,0,0.6,0.6,0.5,0.6,0.0,0.4681,0.5455,-0.0774,7,0.4286,0.3571,1.0,-0.6429,Mumbai Indians,0
501206,2011,2011-04-13,Punjab Cricket Association IS Bindra Stadium,Chandigarh,Punjab Kings,Chennai Super Kings,Punjab Kings,field,1,0,1,0,0.4,0.8,0.3,0.8,-0.4,0.4773,0.5745,-0.0972,7,0.1429,0.5833,1.0,-0.4167,Punjab Kings,1
501207,2011,2011-04-13,Dr DY Patil Sports Academy,Mumbai,Pune Warriors,Kochi Tuskers Kerala,Kochi Tuskers Kerala,bat,0,0,0,0,1.0,0.0,1.0,0.0,1.0,1.0,0.0,1.0,0,0.5,1.0,0.0,1.0,Pune Warriors,1
501208,2011,2011-04-14,Rajiv Gandhi International Stadium,Hyderabad,Deccan Chargers,Royal Challengers Bengaluru,Royal Challengers Bengaluru,field,0,1,0,0,0.2,0.4,0.5,0.4,-0.2,0.3958,0.4583,-0.0625,8,0.5,0.0,1.0,-1.0,Deccan Chargers,1
501209,2011,2011-04-15,Sawai Mansingh Stadium,Jaipur,Rajasthan Royals,Kolkata Knight Riders,Kolkata Knight Riders,field,0,1,1,0,0.4,0.6,0.5,0.5,-0.2,0.6,0.4048,0.1952,6,0.6667,0.8182,0.0,0.8182,Kolkata Knight Riders,0
501210,2011,2011-04-15,Wankhede Stadium,Mumbai,Mumbai Indians,Kochi Tuskers Kerala,Kochi Tuskers Kerala,field,0,1,1,0,0.6,0.0,0.6,0.0,0.6,0.5556,0.0,0.5556,0,0.5,0.5,0.0,0.5,Kochi Tuskers Kerala,0
501211,2011,2011-04-16,MA Chidambaram Stadium,Chennai,Chennai Super Kings,Royal Challengers Bengaluru,Chennai Super Kings,bat,1,1,1,0,0.8,0.4,0.7,0.4,0.4,0.5625,0.449,0.1135,7,0.4286,0.5333,0.5,0.0333,Chennai Super Kings,1
501212,2011,2011-04-16,Rajiv Gandhi International Stadium,Hyderabad,Deccan Chargers,Punjab Kings,Punjab Kings,field,0,1,0,0,0.2,0.4,0.6,0.4,-0.2,0.4082,0.4889,-0.0807,6,0.3333,0.1111,1.0,-0.8889,Punjab Kings,0
501213,2011,2011-04-17,Dr DY Patil Sports Academy,Mumbai,Pune Warriors,Delhi Capitals,Delhi Capitals,field,0,1,0,0,1.0,0.2,1.0,0.4,0.8,1.0,0.5333,0.4667,0,0.5,1.0,0.0,1.0,Delhi Capitals,0
501214,2011,2011-04-17,Eden Gardens,Kolkata,Kolkata Knight Riders,Rajasthan Royals,Kolkata Knight Riders,field,1,0,1,0,0.8,0.4,0.6,0.4,0.4,0.4186,0.587,-0.1684,7,0.4286,0.6667,0.5,0.1667,Kolkata Knight Riders,1
501215,2011,2011-04-18,Nehru Stadium,Kochi,Kochi Tuskers Kerala,Chennai Super Kings,Kochi Tuskers Kerala,field,1,0,0,0,0.3333,0.8,0.3333,0.7,-0.4667,0.3333,0.5714,-0.2381,0,0.5,0.0,0.5714,-0.5714,Kochi Tuskers Kerala,1
501216,2011,2011-04-19,Arun Jaitley Stadium,Delhi,Delhi Capitals,Deccan Chargers,Deccan Chargers,bat,0,0,1,0,0.4,0.2,0.4,0.5,0.2,0.5435,0.4,0.1435,7,0.5714,0.5,0.5,0.0,Deccan Chargers,0
501218,2011,2011-04-20,Wankhede Stadium,Mumbai,Mumbai Indians,Pune Warriors,Pune Warriors,bat,0,0,1,0,0.6,0.6667,0.6,0.6667,-0.0667,0.5435,0.6667,-0.1232,0,0.5,0.4,0.6667,-0.2667,Mumbai Indians,1
501219,2011,2011-04-20,Eden Gardens,Kolkata,Kolkata Knight Riders,Kochi Tuskers Kerala,Kolkata Knight Riders,field,1,0,1,0,0.8,0.5,0.6,0.5,0.3,0.4318,0.5,-0.0682,0,0.5,0.6875,0.5,0.1875,Kochi Tuskers Kerala,0
501220,2011,2011-04-21,Punjab Cricket Association IS Bindra Stadium,Chandigarh,Punjab Kings,Rajasthan Royals,Rajasthan Royals,field,0,1,1,0,0.4,0.4,0.5,0.4,0.0,0.5,0.5745,-0.0745,6,0.3333,0.6154,0.5,0.1154,Punjab Kings,1
501221,2011,2011-04-22,Wankhede Stadium,Mumbai,Mumbai Indians,Chennai Super Kings,Chennai Super Kings,field,0,1,1,0,0.6,0.6,0.7,0.6,0.0,0.5532,0.56,-0.0068,7,0.4286,0.5,0.5,0.0,Mumbai Indians,1
501222,2011,2011-04-22,Eden Gardens,Kolkata,Kolkata Knight Riders,Royal Challengers Bengaluru,Royal Challengers Bengaluru,field,0,1,1,0,0.6,0.4,0.6,0.4,0.2,0.4222,0.44,-0.0178,6,0.5,0.6471,0.0,0.6471,Royal Challengers Bengaluru,0
501223,2011,2011-04-23,Arun Jaitley Stadium,Delhi,Delhi Capitals,Punjab Kings,Punjab Kings,field,0,1,1,0,0.2,0.6,0.3,0.6,-0.4,0.5319,0.5106,0.0213,6,0.3333,0.4667,1.0,-0.5333,Delhi Capitals,1
501224,2011,2011-04-24,Rajiv Gandhi International Stadium,Hyderabad,Deccan Chargers,Mumbai Indians,Deccan Chargers,field,1,0,0,0,0.4,0.8,0.5,0.7,-0.4,0.4118,0.5625,-0.1507,6,0.5,0.1,1.0,-0.9,Mumbai Indians,0
501225,2011,2011-04-24,Sawai Mansingh Stadium,Jaipur,Rajasthan Royals,Kochi Tuskers Kerala,Rajasthan Royals,field,1,0,1,0,0.4,0.6,0.4,0.6,-0.2,0.5625,0.6,-0.0375,0,0.5,0.75,0.6,0.15,Rajasthan Royals,1
501226,2011,2011-04-25,MA Chidambaram Stadium,Chennai,Chennai Super Kings,Pune Warriors,Pune Warriors,field,0,1,1,0,0.4,0.5,0.6,0.5,-0.1,0.549,0.5,0.049,0,0.5,0.5625,0.5,0.0625,Chennai Super Kings,1
501227,2011,2011-04-26,Arun Jaitley Stadium,Delhi,Delhi Capitals,Royal Challengers Bengaluru,Royal Challengers Bengaluru,field,0,1,1,0,0.4,0.4,0.3,0.4,0.0,0.5417,0.451,0.0907,6,0.8333,0.5,0.0,0.5,Royal Challengers Bengaluru,0
501228,2011,2011-04-27,Dr DY Patil Sports Academy,Mumbai,Pune Warriors,Chennai Super Kings,Pune Warriors,bat,1,1,0,0,0.4,0.4,0.4,0.6,0.0,0.4,0.5577,-0.1577,1,0.0,0.6667,0.6667,0.0,Chennai Super Kings,0
501229,2011,2011-04-27,Nehru Stadium,Kochi,Kochi Tuskers Kerala,Deccan Chargers,Kochi Tuskers Kerala,field,1,0,0,0,0.6,0.4,0.5,0.4,0.2,0.5,0.4038,0.0962,0,0.5,0.5,0.4038,0.0962,Deccan Chargers,0
501230,2011,2011-04-28,Arun Jaitley Stadium,Delhi,Delhi Capitals,Kolkata Knight Riders,Delhi Capitals,field,1,0,1,0,0.4,0.6,0.3,0.5,-0.2,0.5306,0.413,0.1176,5,0.6,0.4706,0.0,0.4706,Kolkata Knight Riders,0
501231,2011,2011-04-29,Sawai Mansingh Stadium,Jaipur,Rajasthan Royals,Mumbai Indians,Rajasthan Royals,field,1,0,1,0,0.4,0.8,0.4,0.7,-0.4,0.5714,0.5714,0.0,5,0.4,0.7692,0.5,0.2692,Rajasthan Royals,1
501232,2011,2011-04-29,M Chinnaswamy Stadium,Bangalore,Royal Challengers Bengaluru,Pune Warriors,Pune Warriors,field,0,1,1,0,0.4,0.2,0.5,0.3333,0.2,0.4615,0.3333,0.1282,0,0.5,0.3333,0.3333,0.0,Royal Challengers Bengaluru,1
501233,2011,2011-04-30,Nehru Stadium,Kochi,Kochi Tuskers Kerala,Delhi Capitals,Delhi Capitals,bat,0,0,0,0,0.6,0.4,0.4286,0.3,0.2,0.4286,0.52,-0.0914,0,0.5,0.3333,0.52,-0.1867,Delhi Capitals,0
501234,2011,2011-04-30,Eden Gardens,Kolkata,Kolkata Knight Riders,Punjab Kings,Kolkata Knight Riders,field,1,0,1,0,0.6,0.6,0.6,0.5,0.0,0.4255,0.5,-0.0745,6,0.5,0.6111,0.5,0.1111,Kolkata Knight Riders,1
501235,2011,2011-05-01,Sawai Mansingh Stadium,Jaipur,Rajasthan Royals,Pune Warriors,Rajasthan Royals,field,1,0,1,0,0.4,0.0,0.4,0.2857,0.4,0.58,0.2857,0.2943,0,0.5,0.7857,0.2857,0.5,Rajasthan Royals,1
501236,2011,2011-05-01,MA Chidambaram Stadium,Chennai,Chennai Super Kings,Deccan Chargers,Chennai Super Kings,bat,1,1,1,0,0.6,0.6,0.7,0.4,0.0,0.566,0.4151,0.1509,7,0.4286,0.5882,1.0,-0.4118,Chennai Super Kings,1
501237,2011,2011-05-02,Wankhede Stadium,Mumbai,Mumbai Indians,Punjab Kings,Punjab Kings,field,0,1,1,0,0.6,0.6,0.6,0.5,0.0,0.56,0.4898,0.0702,6,0.3333,0.5714,0.5,0.0714,Mumbai Indians,1
501238,2011,2011-05-02,Arun Jaitley Stadium,Delhi,Delhi Capitals,Kochi Tuskers Kerala,Kochi Tuskers Kerala,field,0,1,1,0,0.4,0.4,0.4,0.375,0.0,0.5294,0.375,0.1544,1,1.0,0.4444,0.375,0.0694,Kochi Tuskers Kerala,0
501239,2011,2011-05-03,Rajiv Gandhi International Stadium,Hyderabad,Deccan Chargers,Kolkata Knight Riders,Deccan Chargers,field,1,0,0,0,0.4,0.6,0.3,0.7,-0.2,0.4074,0.4375,-0.0301,7,0.2857,0.0909,1.0,-0.9091,Kolkata Knight Riders,0
501240,2011,2011-05-04,MA Chidambaram Stadium,Chennai,Chennai Super Kings,Rajasthan Royals,Rajasthan Royals,bat,0,0,1,0,0.6,0.6,0.7,0.5,0.0,0.5741,0.5882,-0.0142,7,0.4286,0.6111,0.5,0.1111,Chennai Super Kings,1
501241,2011,2011-05-04,Dr DY Patil Sports Academy,Mumbai,Pune Warriors,Mumbai Indians,Pune Warriors,field,1,0,0,0,0.0,0.8,0.25,0.7,-0.8,0.25,0.5686,-0.3186,1,0.0,0.5,0.6667,-0.1667,Mumbai Indians,0
501242,2011,2011-05-05,Nehru Stadium,Kochi,Kochi Tuskers Kerala,Kolkata Knight Riders,Kolkata Knight Riders,field,0,1,0,0,0.4,0.6,0.4444,0.7,-0.2,0.4444,0.449,-0.0045,1,1.0,0.25,0.449,-0.199,Kochi Tuskers Kerala,1
501243,2011,2011-05-05,Rajiv Gandhi International Stadium,Hyderabad,Deccan Chargers,Delhi Capitals,Delhi Capitals,field,0,1,0,0,0.4,0.4,0.3,0.3,0.0,0.4,0.5192,-0.1192,8,0.5,0.0833,1.0,-0.9167,Delhi Capitals,0
501244,2011,2011-05-06,M Chinnaswamy Stadium,Bangalore,Royal Challengers Bengaluru,Punjab Kings,Punjab Kings,field,0,1,1,0,0.6,0.4,0.5,0.4,0.2,0.4717,0.48,-0.0083,6,0.5,0.375,0.5,-0.125,Royal Challengers Bengaluru,1
501245,2011,2011-05-07,Eden Gardens,Kolkata,Kolkata Knight Riders,Chennai Super Kings,Chennai Super Kings,bat,0,0,1,0,0.6,0.8,0.6,0.7,-0.2,0.44,0.5818,-0.1418,6,0.1667,0.6316,1.0,-0.3684,Kolkata Knight Riders,1
501246,2011,2011-05-07,Wankhede Stadium,Mumbai,Mumbai Indians,Delhi Capitals,Delhi Capitals,field,0,1,1,0,0.8,0.4,0.7,0.4,0.4,0.5769,0.5283,0.0486,7,0.5714,0.625,0.0,0.625,Mumbai Indians,1
501247,2011,2011-05-08,M Chinnaswamy Stadium,Bangalore,Royal Challengers Bengaluru,Kochi Tuskers Kerala,Kochi Tuskers Kerala,bat,0,0,1,0,0.8,0.4,0.6,0.5,0.4,0.4815,0.5,-0.0185,1,1.0,0.4118,0.5,-0.0882,Royal Challengers Bengaluru,1
501248,2011,2011-05-08,Punjab Cricket Association IS Bindra Stadium,Chandigarh,Punjab Kings,Pune Warriors,Punjab Kings,bat,1,1,1,0,0.2,0.0,0.3,0.2222,0.2,0.4706,0.2222,0.2484,1,0.0,0.6429,0.2222,0.4206,Pune Warriors,0
501249,2011,2011-05-09,Sawai Mansingh Stadium,Jaipur,Rajasthan Royals,Chennai Super Kings,Rajasthan Royals,field,1,0,1,0,0.6,0.8,0.5,0.6,-0.2,0.5769,0.5714,0.0055,8,0.5,0.8,0.0,0.8,Chennai Super Kings,0
501250,2011,2011-05-10,Rajiv Gandhi International Stadium,Hyderabad,Deccan Chargers,Pune Warriors,Deccan Chargers,bat,1,1,0,0,0.2,0.2,0.3,0.3,0.0,0.3929,0.3,0.0929,0,0.5,0.0769,0.3,-0.2231,Pune Warriors,0
501251,2011,2011-05-10,Punjab Cricket Association IS Bindra Stadium,Chandigarh,Punjab Kings,Mumbai Indians,Mumbai Indians,field,0,1,1,0,0.0,0.8,0.3,0.8,-0.8,0.4615,0.5849,-0.1234,7,0.5714,0.6,0.0,0.6,Punjab Kings,1
501252,2011,2011-05-11,Sawai Mansingh Stadium,Jaipur,Rajasthan Royals,Royal Challengers Bengaluru,Royal Challengers Bengaluru,field,0,1,1,0,0.6,1.0,0.5,0.7,-0.4,0.566,0.4909,0.0751,6,0.5,0.75,0.5,0.25,Royal Challengers Bengaluru,0
501253,2011,2011-05-12,MA Chidambaram Stadium,Chennai,Chennai Super Kings,Delhi Capitals,Chennai Super Kings,bat,1,1,1,0,0.8,0.4,0.6,0.4,0.4,0.5789,0.5185,0.0604,6,0.5,0.6316,1.0,-0.3684,Chennai Super Kings,1
501254,2011,2011-05-13,Holkar Cricket Stadium,Indore,Kochi Tuskers Kerala,Punjab Kings,Punjab Kings,field,0,1,0,0,0.4,0.2,0.5,0.4,0.2,0.4545,0.4717,-0.0172,0,0.5,0.4545,0.4717,-0.0172,Punjab Kings,0
501255,2011,2011-05-14,M Chinnaswamy Stadium,Bangalore,Royal Challengers Bengaluru,Kolkata Knight Riders,Royal Challengers Bengaluru,field,1,0,1,0,1.0,0.8,0.7,0.7,0.2,0.5,0.451,0.049,7,0.5714,0.4444,0.5,-0.0556,Royal Challengers Bengaluru,1
501256,2011,2011-05-14,Wankhede Stadium,Mumbai,Mumbai Indians,Deccan Chargers,Deccan Chargers,bat,0,0,1,0,0.6,0.2,0.7,0.3,0.4,0.5741,0.386,0.1881,7,0.5714,0.6667,0.386,0.2807,Deccan Chargers,0
501257,2011,2011-05-15,Himachal Pradesh Cricket Association Stadium,Dharamsala,Punjab Kings,Delhi Capitals,Delhi Capitals,field,0,1,0,0,0.4,0.4,0.5,0.4,0.0,0.4815,0.5091,-0.0276,7,0.5714,0.0,0.5091,-0.5091,Punjab Kings,1
501258,2011,2011-05-15,Holkar Cricket Stadium,Indore,Kochi Tuskers Kerala,Rajasthan Royals,Kochi Tuskers Kerala,field,1,0,0,0,0.4,0.4,0.5,0.4,0.0,0.4167,0.5556,-0.1389,1,0.0,0.0,0.5556,-0.5556,Kochi Tuskers Kerala,1
501259,2011,2011-05-16,Dr DY Patil Sports Academy,Mumbai,Pune Warriors,Deccan Chargers,Deccan Chargers,field,0,1,0,0,0.4,0.2,0.3,0.4,0.2,0.3636,0.3966,-0.0329,1,1.0,0.4,0.2,0.2,Deccan Chargers,0
501260,2011,2011-05-17,Himachal Pradesh Cricket Association Stadium,Dharamsala,Punjab Kings,Royal Challengers Bengaluru,Punjab Kings,bat,1,1,0,0,0.6,1.0,0.5,0.7,-0.4,0.4909,0.5088,-0.0179,7,0.4286,0.3333,0.5088,-0.1754,Punjab Kings,1
501261,2011,2011-05-18,MA Chidambaram Stadium,Chennai,Chennai Super Kings,Kochi Tuskers Kerala,Chennai Super Kings,bat,1,1,1,0,0.8,0.6,0.7,0.5,0.2,0.5862,0.4615,0.1247,1,0.0,0.65,0.4615,0.1885,Chennai Super Kings,1
501262,2011,2011-05-19,Dr DY Patil Sports Academy,Mumbai,Pune Warriors,Kolkata Knight Riders,Kolkata Knight Riders,field,0,1,0,0,0.4,0.6,0.2,0.6,-0.2,0.3333,0.4423,-0.109,0,0.5,0.3333,1.0,-0.6667,Kolkata Knight Riders,0
501263,2011,2011-05-20,Wankhede Stadium,Mumbai,Mumbai Indians,Rajasthan Royals,Mumbai Indians,bat,1,1,1,0,0.6,0.2,0.6,0.3,0.4,0.5636,0.5455,0.0182,6,0.5,0.6,1.0,-0.4,Rajasthan Royals,0
501264,2011,2011-05-21,Himachal Pradesh Cricket Association Stadium,Dharamsala,Punjab Kings,Deccan Chargers,Punjab Kings,field,1,0,0,0,0.8,0.4,0.5,0.4,0.4,0.5,0.4068,0.0932,7,0.7143,0.5,1.0,-0.5,Deccan Chargers,0
501266,2011,2011-05-22,M Chinnaswamy Stadium,Bangalore,Royal Challengers Bengaluru,Chennai Super Kings,Royal Challengers Bengaluru,field,1,0,1,0,0.8,0.8,0.7,0.7,0.0,0.5,0.5932,-0.0932,8,0.5,0.4737,0.5,-0.0263,Royal Challengers Bengaluru,1
501267,2011,2011-05-22,Eden Gardens,Kolkata,Kolkata Knight Riders,Mumbai Indians,Mumbai Indians,field,0,1,1,0,0.6,0.4,0.6,0.6,0.2,0.4528,0.5536,-0.1007,6,0.1667,0.65,0.5,0.15,Mumbai Indians,0
501268,2011,2011-05-24,Wankhede Stadium,Mumbai,Royal Challengers Bengaluru,Chennai Super Kings,Chennai Super Kings,field,0,1,0,0,0.8,0.6,0.8,0.7,0.2,0.5085,0.5833,-0.0749,9,0.5556,1.0,0.3333,0.6667,Chennai Super Kings,0
501269,2011,2011-05-25,Wankhede Stadium,Mumbai,Mumbai Indians,Kolkata Knight Riders,Mumbai Indians,field,1,0,1,0,0.4,0.4,0.6,0.5,0.0,0.5614,0.4444,0.117,7,0.8571,0.5455,0.0,0.5455,Mumbai Indians,1
501270,2011,2011-05-27,MA Chidambaram Stadium,Chennai,Royal Challengers Bengaluru,Mumbai Indians,Mumbai Indians,field,0,1,0,0,0.6,0.4,0.8,0.6,0.2,0.5,0.569,-0.069,8,0.375,0.3333,0.0,0.3333,Royal Challengers Bengaluru,1
501271,2011,2011-05-28,MA Chidambaram Stadium,Chennai,Chennai Super Kings,Royal Challengers Bengaluru,Chennai Super Kings,bat,1,1,1,0,0.8,0.6,0.8,0.8,0.2,0.5902,0.5082,0.082,10,0.5,0.6667,0.5,0.1667,Chennai Super Kings,1
548306,2012,2012-04-04,MA Chidambaram Stadium,Chennai,Chennai Super Kings,Mumbai Indians,Mumbai Indians,field,0,1,1,0,0.8,0.4,0.8,0.5,0.4,0.5968,0.5593,0.0375,8,0.5,0.6818,0.0,0.6818,Mumbai Indians,0
548307,2012,2012-04-05,Eden Gardens,Kolkata,Kolkata Knight Riders,Delhi Capitals,Delhi Capitals,field,0,1,1,0,0.4,0.2,0.5,0.3,0.2,0.4364,0.5,-0.0636,6,0.5,0.619,0.0,0.619,Delhi Capitals,0
548308,2012,2012-04-06,Wankhede Stadium,Mumbai,Mumbai Indians,Pune Warriors,Mumbai Indians,field,1,0,1,0,0.6,0.4,0.6,0.2,0.2,0.5667,0.3077,0.259,2,1.0,0.5833,0.0,0.5833,Pune Warriors,0
548309,2012,2012-04-06,Sawai Mansingh Stadium,Jaipur,Rajasthan Royals,Punjab Kings,Punjab Kings,field,0,1,1,0,0.2,0.8,0.4,0.4,-0.6,0.5536,0.4912,0.0623,7,0.5714,0.7059,0.0,0.7059,Rajasthan Royals,1
548310,2012,2012-04-07,M Chinnaswamy Stadium,Bangalore,Royal Challengers Bengaluru,Delhi Capitals,Delhi Capitals,field,0,1,1,0,0.4,0.4,0.7,0.4,0.0,0.5,0.5088,-0.0088,7,0.2857,0.5,1.0,-0.5,Royal Challengers Bengaluru,1
548311,2012,2012-04-07,Dr. Y.S. Rajasekhara Reddy ACA-VDCA Cricket Stadium,Visakhapatnam,Deccan Chargers,Chennai Super Kings,Deccan Chargers,field,1,0,0,0,0.6,0.6,0.5,0.7,0.0,0.4167,0.5873,-0.1706,8,0.5,0.4167,0.5873,-0.1706,Chennai Super Kings,0
548312,2012,2012-04-08,Sawai Mansingh Stadium,Jaipur,Rajasthan Royals,Kolkata Knight Riders,Kolkata Knight Riders,field,0,1,1,0,0.4,0.2,0.5,0.5,0.2,0.5614,0.4286,0.1328,8,0.5,0.7222,0.5,0.2222,Rajasthan Royals,1
548313,2012,2012-04-08,Maharashtra Cricket Association Stadium,Pune,Pune Warriors,Punjab Kings,Pune Warriors,bat,1,1,0,0,0.6,0.6,0.3,0.4,0.0,0.3571,0.4828,-0.1256,2,1.0,0.3571,0.4828,-0.1256,Pune Warriors,1
548314,2012,2012-04-09,Dr. Y.S. Rajasekhara Reddy ACA-VDCA Cricket Stadium,Visakhapatnam,Deccan Chargers,Mumbai Indians,Deccan Chargers,bat,1,1,0,0,0.6,0.6,0.4,0.5,0.0,0.4098,0.5574,-0.1475,8,0.5,0.0,0.5574,-0.5574,Mumbai Indians,0
548315,2012,2012-04-10,M Chinnaswamy Stadium,Bangalore,Royal Challengers Bengaluru,Kolkata Knight Riders,Royal Challengers Bengaluru,field,1,0,1,0,0.6,0.2,0.7,0.4,0.4,0.5079,0.4211,0.0869,8,0.625,0.5238,0.3333,0.1905,Kolkata Knight Riders,0
548316,2012,2012-04-10,Arun Jaitley Stadium,Delhi,Delhi Capitals,Chennai Super Kings,Delhi Capitals,field,1,0,1,0,0.2,0.6,0.3,0.7,-0.4,0.5,0.5938,-0.0938,7,0.4286,0.4211,1.0,-0.5789,Delhi Capitals,1
548317,2012,2012-04-11,Wankhede Stadium,Mumbai,Mumbai Indians,Rajasthan Royals,Rajasthan Royals,field,0,1,1,0,0.6,0.6,0.5,0.6,0.0,0.5645,0.569,-0.0044,7,0.4286,0.5385,1.0,-0.4615,Mumbai Indians,1
548318,2012,2012-04-12,MA Chidambaram Stadium,Chennai,Chennai Super Kings,Royal Challengers Bengaluru,Royal Challengers Bengaluru,bat,0,0,1,0,0.6,0.4,0.6,0.6,0.2,0.5846,0.5,0.0846,11,0.5455,0.6522,0.4,0.2522,Chennai Super Kings,1
548319,2012,2012-04-12,Punjab Cricket Association IS Bindra Stadium,Chandigarh,Punjab Kings,Pune Warriors,Punjab Kings,field,1,0,1,0,0.4,0.6,0.4,0.4,-0.2,0.4746,0.4,0.0746,3,0.0,0.625,1.0,-0.375,Punjab Kings,1
548320,2012,2012-04-13,Eden Gardens,Kolkata,Kolkata Knight Riders,Rajasthan Royals,Rajasthan Royals,bat,0,0,1,0,0.2,0.6,0.4,0.5,-0.4,0.431,0.5593,-0.1283,9,0.4444,0.5909,0.3333,0.2576,Kolkata Knight Riders,1
548322,2012,2012-04-14,Maharashtra Cricket Association Stadium,Pune,Pune Warriors,Chennai Super Kings,Chennai Super Kings,bat,0,0,0,0,0.4,0.6,0.4,0.7,-0.2,0.375,0.5909,-0.2159,2,0.0,1.0,0.5909,0.4091,Pune Warriors,1
548323,2012,2012-04-15,Eden Gardens,Kolkata,Kolkata Knight Riders,Punjab Kings,Kolkata Knight Riders,field,1,0,1,0,0.4,0.4,0.4,0.5,0.0,0.4407,0.4833,-0.0427,7,0.5714,0.6087,0.3333,0.2754,Punjab Kings,0
548324,2012,2012-04-15,M Chinnaswamy Stadium,Bangalore,Royal Challengers Bengaluru,Rajasthan Royals,Rajasthan Royals,bat,0,0,1,0,0.4,0.6,0.5,0.4,-0.2,0.4923,0.55,-0.0577,7,0.5714,0.5,0.5,0.0,Rajasthan Royals,0
548325,2012,2012-04-16,Wankhede Stadium,Mumbai,Mumbai Indians,Delhi Capitals,Delhi Capitals,field,0,1,1,0,0.6,0.4,0.5,0.4,0.2,0.5714,0.5085,0.063,8,0.625,0.5714,0.0,0.5714,Delhi Capitals,0
548326,2012,2012-04-17,Sawai Mansingh Stadium,Jaipur,Rajasthan Royals,Deccan Chargers,Deccan Chargers,bat,0,0,1,0,0.6,0.6,0.4,0.4,0.0,0.5574,0.4032,0.1542,7,0.8571,0.7368,0.0,0.7368,Rajasthan Royals,1
548327,2012,2012-04-17,M Chinnaswamy Stadium,Bangalore,Royal Challengers Bengaluru,Pune Warriors,Pune Warriors,bat,0,0,1,0,0.2,0.6,0.4,0.5,-0.4,0.4848,0.4118,0.0731,1,1.0,0.4783,0.0,0.4783,Royal Challengers Bengaluru,1
548328,2012,2012-04-18,Punjab Cricket Association IS Bindra Stadium,Chandigarh,Punjab Kings,Kolkata Knight Riders,Punjab Kings,bat,1,1,1,0,0.4,0.4,0.6,0.4,0.0,0.4918,0.4333,0.0585,8,0.5,0.6471,0.5,0.1471,Kolkata Knight Riders,0
548321,2012,2012-04-19,Arun Jaitley Stadium,Delhi,Delhi Capitals,Deccan Chargers,Deccan Chargers,bat,0,0,1,0,0.6,0.4,0.5,0.3,0.2,0.5167,0.3968,0.1198,9,0.5556,0.45,0.6667,-0.2167,Delhi Capitals,1
548330,2012,2012-04-19,MA Chidambaram Stadium,Chennai,Chennai Super Kings,Pune Warriors,Pune Warriors,field,0,1,1,0,0.4,0.6,0.6,0.5,-0.2,0.5821,0.3889,0.1932,3,0.6667,0.6667,0.0,0.6667,Chennai Super Kings,1
548331,2012,2012-04-20,Punjab Cricket Association IS Bindra Stadium,Chandigarh,Punjab Kings,Royal Challengers Bengaluru,Royal Challengers Bengaluru,field,0,1,1,0,0.4,0.4,0.6,0.4,0.0,0.4839,0.4925,-0.0087,8,0.5,0.6111,0.5,0.1111,Royal Challengers Bengaluru,0
548332,2012,2012-04-21,MA Chidambaram Stadium,Chennai,Chennai Super Kings,Rajasthan Royals,Rajasthan Royals,bat,0,0,1,0,0.6,0.6,0.6,0.5,0.0,0.5882,0.5645,0.0237,9,0.5556,0.68,0.3333,0.3467,Chennai Super Kings,1
548333,2012,2012-04-21,Arun Jaitley Stadium,Delhi,Delhi Capitals,Pune Warriors,Delhi Capitals,field,1,0,1,0,0.8,0.4,0.5,0.5,0.4,0.5246,0.3684,0.1562,1,1.0,0.4762,0.3684,0.1078,Pune Warriors,0
548334,2012,2012-04-22,Wankhede Stadium,Mumbai,Mumbai Indians,Punjab Kings,Mumbai Indians,bat,1,1,1,0,0.6,0.4,0.5,0.5,0.2,0.5625,0.4762,0.0863,8,0.375,0.5333,0.3333,0.2,Punjab Kings,0
548335,2012,2012-04-22,Barabati Stadium,Cuttack,Deccan Chargers,Kolkata Knight Riders,Kolkata Knight Riders,field,0,1,0,0,0.2,0.6,0.3,0.4,-0.4,0.3906,0.4426,-0.052,8,0.25,1.0,0.4426,0.5574,Kolkata Knight Riders,0
548336,2012,2012-04-23,Sawai Mansingh Stadium,Jaipur,Rajasthan Royals,Royal Challengers Bengaluru,Rajasthan Royals,field,1,0,1,0,0.4,0.4,0.5,0.5,0.0,0.5556,0.5,0.0556,8,0.5,0.75,0.6667,0.0833,Royal Challengers Bengaluru,0
548337,2012,2012-04-24,Maharashtra Cricket Association Stadium,Pune,Pune Warriors,Delhi Capitals,Pune Warriors,bat,1,1,0,0,0.4,0.6,0.5,0.5,-0.2,0.4,0.5161,-0.1161,2,0.5,1.0,0.5161,0.4839,Delhi Capitals,0
548339,2012,2012-04-25,Punjab Cricket Association IS Bindra Stadium,Chandigarh,Punjab Kings,Mumbai Indians,Punjab Kings,bat,1,1,1,0,0.6,0.4,0.5,0.5,0.2,0.4844,0.5538,-0.0695,9,0.6667,0.5789,0.0,0.5789,Mumbai Indians,0
548341,2012,2012-04-26,Maharashtra Cricket Association Stadium,Pune,Pune Warriors,Deccan Chargers,Deccan Chargers,bat,0,0,0,0,0.4,0.0,0.4,0.3,0.4,0.381,0.3846,-0.0037,2,0.5,0.6667,0.3846,0.2821,Deccan Chargers,0
548342,2012,2012-04-27,Arun Jaitley Stadium,Delhi,Delhi Capitals,Mumbai Indians,Mumbai Indians,field,0,1,1,0,0.8,0.6,0.5,0.6,0.2,0.5238,0.5606,-0.0368,9,0.4444,0.4545,0.6667,-0.2121,Delhi Capitals,1
548343,2012,2012-04-28,MA Chidambaram Stadium,Chennai,Chennai Super Kings,Punjab Kings,Punjab Kings,bat,0,0,1,0,0.6,0.4,0.6,0.4,0.2,0.5942,0.4769,0.1173,8,0.75,0.6923,0.5,0.1923,Punjab Kings,0
548344,2012,2012-04-28,Eden Gardens,Kolkata,Kolkata Knight Riders,Royal Challengers Bengaluru,Kolkata Knight Riders,bat,1,1,1,0,0.8,0.6,0.5,0.5,0.2,0.4516,0.5072,-0.0556,9,0.4444,0.5833,0.3333,0.25,Kolkata Knight Riders,1
548345,2012,2012-04-29,Arun Jaitley Stadium,Delhi,Delhi Capitals,Rajasthan Royals,Delhi Capitals,bat,1,1,1,0,0.8,0.4,0.6,0.5,0.4,0.5312,0.5469,-0.0156,8,0.5,0.4783,0.0,0.4783,Delhi Capitals,1
548346,2012,2012-04-29,Wankhede Stadium,Mumbai,Mumbai Indians,Deccan Chargers,Mumbai Indians,field,1,0,1,0,0.4,0.2,0.5,0.4,0.2,0.5522,0.3939,0.1583,9,0.5556,0.5,1.0,-0.5,Mumbai Indians,1
548347,2012,2012-04-30,MA Chidambaram Stadium,Chennai,Chennai Super Kings,Kolkata Knight Riders,Chennai Super Kings,bat,1,1,1,0,0.6,0.8,0.6,0.5,-0.2,0.5857,0.4603,0.1254,7,0.7143,0.6667,0.0,0.6667,Kolkata Knight Riders,0
548348,2012,2012-05-01,Barabati Stadium,Cuttack,Deccan Chargers,Pune Warriors,Deccan Chargers,bat,1,1,0,0,0.2,0.2,0.4,0.4,0.0,0.3881,0.3636,0.0244,3,0.6667,0.6667,0.3636,0.303,Deccan Chargers,1
548349,2012,2012-05-01,Sawai Mansingh Stadium,Jaipur,Rajasthan Royals,Delhi Capitals,Rajasthan Royals,bat,1,1,1,0,0.4,0.8,0.5,0.7,-0.4,0.5385,0.5385,0.0,9,0.4444,0.7143,0.0,0.7143,Delhi Capitals,0
548350,2012,2012-05-02,M Chinnaswamy Stadium,Bangalore,Royal Challengers Bengaluru,Punjab Kings,Punjab Kings,field,0,1,1,0,0.6,0.4,0.5,0.4,0.2,0.5,0.4848,0.0152,9,0.5556,0.5,0.3333,0.1667,Punjab Kings,0
548351,2012,2012-05-03,Maharashtra Cricket Association Stadium,Pune,Pune Warriors,Mumbai Indians,Mumbai Indians,bat,0,0,0,0,0.2,0.4,0.4,0.5,-0.2,0.3478,0.5588,-0.211,3,0.3333,0.5,0.5588,-0.0588,Mumbai Indians,0
548352,2012,2012-05-04,MA Chidambaram Stadium,Chennai,Chennai Super Kings,Deccan Chargers,Chennai Super Kings,bat,1,1,1,0,0.4,0.4,0.5,0.4,0.0,0.5775,0.3971,0.1804,9,0.5556,0.6429,0.6667,-0.0238,Chennai Super Kings,1
548353,2012,2012-05-05,Eden Gardens,Kolkata,Kolkata Knight Riders,Pune Warriors,Kolkata Knight Riders,bat,1,1,1,0,0.8,0.2,0.6,0.3,0.6,0.4688,0.3333,0.1354,1,1.0,0.6,0.3333,0.2667,Kolkata Knight Riders,1
548354,2012,2012-05-05,Punjab Cricket Association IS Bindra Stadium,Chandigarh,Punjab Kings,Rajasthan Royals,Rajasthan Royals,bat,0,0,1,0,0.6,0.2,0.5,0.4,0.4,0.4925,0.5303,-0.0378,8,0.375,0.55,0.3333,0.2167,Rajasthan Royals,0
548355,2012,2012-05-06,Wankhede Stadium,Mumbai,Mumbai Indians,Chennai Super Kings,Mumbai Indians,field,1,0,1,0,0.6,0.6,0.6,0.5,0.0,0.5652,0.5833,-0.0181,9,0.5556,0.5294,0.5,0.0294,Mumbai Indians,1
548356,2012,2012-05-06,M Chinnaswamy Stadium,Bangalore,Royal Challengers Bengaluru,Deccan Chargers,Royal Challengers Bengaluru,field,1,0,1,0,0.6,0.4,0.4,0.3,0.2,0.493,0.3913,0.1017,9,0.4444,0.48,0.5,-0.02,Royal Challengers Bengaluru,1
548357,2012,2012-05-07,Arun Jaitley Stadium,Delhi,Delhi Capitals,Kolkata Knight Riders,Delhi Capitals,bat,1,1,1,0,0.8,1.0,0.8,0.7,-0.2,0.5455,0.4769,0.0685,7,0.5714,0.5,0.5,0.0,Kolkata Knight Riders,0
548358,2012,2012-05-08,Maharashtra Cricket Association Stadium,Pune,Pune Warriors,Rajasthan Royals,Pune Warriors,bat,1,1,0,0,0.0,0.2,0.2,0.4,-0.2,0.32,0.5373,-0.2173,1,0.0,0.4,0.5373,-0.1373,Rajasthan Royals,0
548359,2012,2012-05-08,Rajiv Gandhi International Stadium,Hyderabad,Deccan Chargers,Punjab Kings,Deccan Chargers,field,1,0,0,0,0.4,0.6,0.2,0.5,-0.2,0.3857,0.4853,-0.0996,8,0.375,0.0714,1.0,-0.9286,Punjab Kings,0
548360,2012,2012-05-09,Wankhede Stadium,Mumbai,Mumbai Indians,Royal Challengers Bengaluru,Royal Challengers Bengaluru,field,0,1,1,0,0.8,0.6,0.6,0.5,0.2,0.5714,0.5,0.0714,9,0.5556,0.5556,0.5,0.0556,Royal Challengers Bengaluru,0
548329,2012,2012-05-10,Rajiv Gandhi International Stadium,Hyderabad,Deccan Chargers,Delhi Capitals,Deccan Chargers,bat,1,1,0,0,0.2,0.8,0.2,0.7,-0.6,0.3803,0.5373,-0.157,10,0.4,0.0667,1.0,-0.9333,Delhi Capitals,0
548361,2012,2012-05-10,Sawai Mansingh Stadium,Jaipur,Rajasthan Royals,Chennai Super Kings,Chennai Super Kings,field,0,1,1,0,0.4,0.4,0.4,0.5,0.0,0.5441,0.5753,-0.0312,10,0.4,0.6818,0.5,0.1818,Chennai Super Kings,0
548362,2012,2012-05-11,Maharashtra Cricket Association Stadium,Pune,Pune Warriors,Royal Challengers Bengaluru,Pune Warriors,field,1,0,0,0,0.0,0.6,0.2,0.5,-0.6,0.3077,0.5068,-0.1992,2,0.0,0.3333,0.5068,-0.1735,Royal Challengers Bengaluru,0
548363,2012,2012-05-12,Eden Gardens,Kolkata,Kolkata Knight Riders,Mumbai Indians,Mumbai Indians,bat,0,0,1,0,1.0,0.6,0.8,0.6,0.4,0.4848,0.5634,-0.0785,8,0.125,0.6154,0.6667,-0.0513,Mumbai Indians,0
548364,2012,2012-05-12,MA Chidambaram Stadium,Chennai,Chennai Super Kings,Delhi Capitals,Chennai Super Kings,field,1,0,1,0,0.4,0.8,0.5,0.8,-0.4,0.5811,0.5441,0.037,8,0.5,0.6552,0.6667,-0.0115,Chennai Super Kings,1
548365,2012,2012-05-13,Sawai Mansingh Stadium,Jaipur,Rajasthan Royals,Pune Warriors,Rajasthan Royals,bat,1,1,1,0,0.4,0.0,0.4,0.1,0.4,0.5362,0.2963,0.2399,2,1.0,0.6522,0.0,0.6522,Rajasthan Royals,1
548366,2012,2012-05-13,Punjab Cricket Association IS Bindra Stadium,Chandigarh,Punjab Kings,Deccan Chargers,Deccan Chargers,bat,0,0,1,0,0.6,0.2,0.6,0.2,0.4,0.4928,0.375,0.1178,9,0.6667,0.5238,0.0,0.5238,Punjab Kings,1
548367,2012,2012-05-14,M Chinnaswamy Stadium,Bangalore,Royal Challengers Bengaluru,Mumbai Indians,Mumbai Indians,field,0,1,1,0,0.6,0.8,0.6,0.6,-0.2,0.5135,0.5694,-0.0559,10,0.5,0.5,1.0,-0.5,Mumbai Indians,0
548368,2012,2012-05-14,Eden Gardens,Kolkata,Kolkata Knight Riders,Chennai Super Kings,Chennai Super Kings,field,0,1,1,0,0.8,0.6,0.8,0.6,0.2,0.4776,0.5867,-0.1091,8,0.375,0.5926,0.6667,-0.0741,Chennai Super Kings,0
548369,2012,2012-05-15,Arun Jaitley Stadium,Delhi,Delhi Capitals,Punjab Kings,Punjab Kings,bat,0,0,1,0,0.6,0.8,0.7,0.6,-0.2,0.5362,0.5,0.0362,8,0.375,0.48,0.6667,-0.1867,Delhi Capitals,1
548370,2012,2012-05-16,Wankhede Stadium,Mumbai,Mumbai Indians,Kolkata Knight Riders,Mumbai Indians,field,1,0,1,0,0.8,0.6,0.6,0.7,0.2,0.5753,0.4706,0.1048,9,0.8889,0.5263,0.0,0.5263,Kolkata Knight Riders,0
548371,2012,2012-05-17,Himachal Pradesh Cricket Association Stadium,Dharamsala,Punjab Kings,Chennai Super Kings,Punjab Kings,field,1,0,0,0,0.6,0.8,0.5,0.6,-0.2,0.493,0.5921,-0.0991,9,0.3333,0.4,1.0,-0.6,Punjab Kings,1
548372,2012,2012-05-17,Arun Jaitley Stadium,Delhi,Delhi Capitals,Royal Challengers Bengaluru,Delhi Capitals,field,1,0,1,0,0.6,0.6,0.7,0.6,0.0,0.5429,0.5067,0.0362,8,0.625,0.5,0.3333,0.1667,Royal Challengers Bengaluru,0
548373,2012,2012-05-18,Rajiv Gandhi International Stadium,Hyderabad,Deccan Chargers,Rajasthan Royals,Rajasthan Royals,bat,0,0,0,0,0.0,0.6,0.2,0.5,-0.6,0.3699,0.5429,-0.173,8,0.125,0.0625,1.0,-0.9375,Deccan Chargers,1
548374,2012,2012-05-19,Himachal Pradesh Cricket Association Stadium,Dharamsala,Punjab Kings,Delhi Capitals,Delhi Capitals,field,0,1,0,0,0.6,0.4,0.6,0.6,0.2,0.5,0.5352,-0.0352,9,0.5556,0.5,0.0,0.5,Delhi Capitals,0
548375,2012,2012-05-19,Maharashtra Cricket Association Stadium,Pune,Pune Warriors,Kolkata Knight Riders,Kolkata Knight Riders,bat,0,0,0,0,0.0,0.6,0.1,0.7,-0.6,0.2857,0.4783,-0.1925,2,0.0,0.2857,0.4783,-0.1925,Kolkata Knight Riders,0
548376,2012,2012-05-20,Rajiv Gandhi International Stadium,Hyderabad,Deccan Chargers,Royal Challengers Bengaluru,Royal Challengers Bengaluru,field,0,1,0,0,0.2,0.8,0.3,0.7,-0.6,0.3784,0.5132,-0.1348,10,0.5,0.1176,0.5,-0.3824,Deccan Chargers,1
548377,2012,2012-05-20,Sawai Mansingh Stadium,Jaipur,Rajasthan Royals,Mumbai Indians,Rajasthan Royals,bat,1,1,1,0,0.6,0.6,0.4,0.6,0.0,0.5352,0.5676,-0.0324,8,0.5,0.6667,0.3333,0.3333,Mumbai Indians,0
548378,2012,2012-05-22,Maharashtra Cricket Association Stadium,Pune,Delhi Capitals,Kolkata Knight Riders,Kolkata Knight Riders,bat,0,0,0,0,0.6,0.6,0.7,0.8,0.0,0.5417,0.4857,0.056,8,0.5,1.0,1.0,0.0,Kolkata Knight Riders,0
548379,2012,2012-05-23,M Chinnaswamy Stadium,Bangalore,Chennai Super Kings,Mumbai Indians,Mumbai Indians,field,0,1,0,0,0.6,0.6,0.6,0.7,0.0,0.5844,0.5733,0.0111,10,0.4,0.3333,1.0,-0.6667,Chennai Super Kings,1
548380,2012,2012-05-25,MA Chidambaram Stadium,Chennai,Delhi Capitals,Chennai Super Kings,Delhi Capitals,field,1,0,0,1,0.4,0.8,0.6,0.6,-0.4,0.5342,0.5897,-0.0555,9,0.4444,0.5,0.6667,-0.1667,Chennai Super Kings,0
548381,2012,2012-05-27,MA Chidambaram Stadium,Chennai,Kolkata Knight Riders,Chennai Super Kings,Chennai Super Kings,bat,0,0,0,1,0.6,0.8,0.8,0.6,-0.2,0.493,0.5949,-0.102,9,0.3333,0.25,0.6774,-0.4274,Kolkata Knight Riders,1
597998,2013,2013-04-03,Eden Gardens,Kolkata,Kolkata Knight Riders,Delhi Capitals,Kolkata Knight Riders,field,1,0,1,0,0.8,0.4,0.8,0.5,0.4,0.5,0.527,-0.027,9,0.5556,0.5714,0.3333,0.2381,Kolkata Knight Riders,1
597999,2013,2013-04-04,M Chinnaswamy Stadium,Bangalore,Royal Challengers Bengaluru,Mumbai Indians,Mumbai Indians,field,0,1,1,0,0.6,0.6,0.6,0.6,0.0,0.5065,0.5658,-0.0593,11,0.4545,0.4815,0.8,-0.3185,Royal Challengers Bengaluru,1
598000,2013,2013-04-05,Rajiv Gandhi International Stadium,Hyderabad,Sunrisers Hyderabad,Pune Warriors,Pune Warriors,field,0,1,1,0,0.5,0.0,0.5,0.1,0.5,0.5,0.2759,0.2241,0,0.5,0.5,1.0,-0.5,Sunrisers Hyderabad,1
598001,2013,2013-04-06,Arun Jaitley Stadium,Delhi,Delhi Capitals,Rajasthan Royals,Rajasthan Royals,bat,0,0,1,0,0.2,0.4,0.4,0.3,-0.2,0.52,0.5278,-0.0078,10,0.6,0.4815,0.0,0.4815,Rajasthan Royals,0
598002,2013,2013-04-06,MA Chidambaram Stadium,Chennai,Chennai Super Kings,Mumbai Indians,Mumbai Indians,bat,0,0,1,0,0.6,0.4,0.6,0.6,0.2,0.5875,0.5584,0.0291,11,0.4545,0.6562,0.25,0.4062,Mumbai Indians,0
598003,2013,2013-04-07,Maharashtra Cricket Association Stadium,Pune,Pune Warriors,Punjab Kings,Pune Warriors,bat,1,1,0,0,0.0,0.6,0.0,0.6,-0.6,0.2667,0.4932,-0.2265,4,0.75,0.25,0.0,0.25,Punjab Kings,0
598004,2013,2013-04-07,Rajiv Gandhi International Stadium,Hyderabad,Sunrisers Hyderabad,Royal Challengers Bengaluru,Royal Challengers Bengaluru,bat,0,0,1,0,1.0,0.6,1.0,0.6,0.4,1.0,0.5128,0.4872,0,0.5,1.0,0.3333,0.6667,Sunrisers Hyderabad,1
598005,2013,2013-04-08,Sawai Mansingh Stadium,Jaipur,Rajasthan Royals,Kolkata Knight Riders,Kolkata Knight Riders,field,0,1,1,0,0.4,1.0,0.4,0.8,-0.6,0.5342,0.5068,0.0274,10,0.5,0.64,0.3333,0.3067,Rajasthan Royals,1
598006,2013,2013-04-09,Wankhede Stadium,Mumbai,Mumbai Indians,Delhi Capitals,Mumbai Indians,bat,1,1,1,0,0.4,0.2,0.6,0.3,0.2,0.5641,0.5132,0.0509,10,0.5,0.5,0.3333,0.1667,Mumbai Indians,1
598048,2013,2013-04-09,M Chinnaswamy Stadium,Bangalore,Royal Challengers Bengaluru,Sunrisers Hyderabad,Sunrisers Hyderabad,bat,0,0,1,0,0.4,1.0,0.5,1.0,-0.6,0.5063,1.0,-0.4937,1,0.0,0.5,1.0,-0.5,Royal Challengers Bengaluru,1
598007,2013,2013-04-10,Punjab Cricket Association IS Bindra Stadium,Chandigarh,Punjab Kings,Chennai Super Kings,Chennai Super Kings,field,0,1,1,0,0.6,0.4,0.6,0.6,0.2,0.5,0.5802,-0.0802,10,0.4,0.5455,0.5,0.0455,Chennai Super Kings,0
598008,2013,2013-04-11,M Chinnaswamy Stadium,Bangalore,Royal Challengers Bengaluru,Kolkata Knight Riders,Royal Challengers Bengaluru,field,1,0,1,0,0.6,0.8,0.6,0.7,-0.2,0.5125,0.5,0.0125,10,0.5,0.5172,0.5,0.0172,Royal Challengers Bengaluru,1
598009,2013,2013-04-11,Maharashtra Cricket Association Stadium,Pune,Pune Warriors,Rajasthan Royals,Rajasthan Royals,bat,0,0,0,0,0.0,0.6,0.0,0.5,-0.6,0.2581,0.5405,-0.2825,3,0.0,0.2222,1.0,-0.7778,Pune Warriors,1
598010,2013,2013-04-12,Arun Jaitley Stadium,Delhi,Delhi Capitals,Sunrisers Hyderabad,Delhi Capitals,bat,1,1,1,0,0.0,0.6667,0.3,0.6667,-0.6667,0.5065,0.6667,-0.1602,0,0.5,0.4643,0.6667,-0.2024,Sunrisers Hyderabad,0
598011,2013,2013-04-13,Wankhede Stadium,Mumbai,Mumbai Indians,Pune Warriors,Mumbai Indians,bat,1,1,1,0,0.6,0.2,0.6,0.1,0.4,0.5696,0.2812,0.2884,4,0.75,0.5238,0.5,0.0238,Mumbai Indians,1
598012,2013,2013-04-13,MA Chidambaram Stadium,Chennai,Chennai Super Kings,Royal Challengers Bengaluru,Chennai Super Kings,field,1,0,1,0,0.6,0.6,0.6,0.7,0.0,0.5854,0.5185,0.0668,12,0.5833,0.6364,0.3333,0.303,Chennai Super Kings,1
598013,2013,2013-04-14,Eden Gardens,Kolkata,Kolkata Knight Riders,Sunrisers Hyderabad,Kolkata Knight Riders,bat,1,1,1,0,0.6,0.75,0.6,0.75,-0.15,0.4933,0.75,-0.2567,0,0.5,0.5862,0.75,-0.1638,Kolkata Knight Riders,1
598014,2013,2013-04-14,Sawai Mansingh Stadium,Jaipur,Rajasthan Royals,Punjab Kings,Rajasthan Royals,field,1,0,1,0,0.4,0.4,0.5,0.6,0.0,0.5333,0.4933,0.04,9,0.6667,0.6538,0.0,0.6538,Rajasthan Royals,1
598015,2013,2013-04-15,MA Chidambaram Stadium,Chennai,Chennai Super Kings,Pune Warriors,Pune Warriors,bat,0,0,1,0,0.6,0.2,0.7,0.1,0.4,0.5904,0.2727,0.3176,4,0.75,0.6471,0.0,0.6471,Pune Warriors,0
598016,2013,2013-04-16,Punjab Cricket Association IS Bindra Stadium,Chandigarh,Punjab Kings,Kolkata Knight Riders,Kolkata Knight Riders,field,0,1,1,0,0.4,0.6,0.5,0.6,-0.2,0.4868,0.5,-0.0132,9,0.4444,0.5217,0.6667,-0.1449,Punjab Kings,1
598017,2013,2013-04-16,M Chinnaswamy Stadium,Bangalore,Royal Challengers Bengaluru,Delhi Capitals,Royal Challengers Bengaluru,field,1,0,1,0,0.6,0.0,0.6,0.2,0.6,0.5122,0.5,0.0122,9,0.4444,0.5333,0.6667,-0.1333,Royal Challengers Bengaluru,1
598018,2013,2013-04-17,Maharashtra Cricket Association Stadium,Pune,Pune Warriors,Sunrisers Hyderabad,Pune Warriors,field,1,0,0,0,0.4,0.6,0.2,0.6,-0.2,0.2941,0.6,-0.3059,1,0.0,0.3,0.6,-0.3,Sunrisers Hyderabad,0
598019,2013,2013-04-17,Sawai Mansingh Stadium,Jaipur,Rajasthan Royals,Mumbai Indians,Rajasthan Royals,bat,1,1,1,0,0.6,0.6,0.6,0.6,0.0,0.5395,0.575,-0.0355,9,0.4444,0.6667,0.5,0.1667,Rajasthan Royals,1
598020,2013,2013-04-18,Arun Jaitley Stadium,Delhi,Delhi Capitals,Chennai Super Kings,Chennai Super Kings,bat,0,0,1,0,0.0,0.4,0.2,0.6,-0.4,0.4937,0.5833,-0.0897,10,0.4,0.4483,0.6667,-0.2184,Chennai Super Kings,0
598021,2013,2013-04-19,Rajiv Gandhi International Stadium,Hyderabad,Sunrisers Hyderabad,Punjab Kings,Punjab Kings,bat,0,0,1,0,0.6,0.4,0.6667,0.5,0.2,0.6667,0.4935,0.1732,0,0.5,1.0,1.0,0.0,Sunrisers Hyderabad,1
598022,2013,2013-04-20,Eden Gardens,Kolkata,Kolkata Knight Riders,Chennai Super Kings,Kolkata Knight Riders,bat,1,1,1,0,0.4,0.6,0.6,0.6,-0.2,0.4935,0.5882,-0.0947,10,0.4,0.6,0.75,-0.15,Chennai Super Kings,0
598023,2013,2013-04-20,M Chinnaswamy Stadium,Bangalore,Royal Challengers Bengaluru,Rajasthan Royals,Royal Challengers Bengaluru,field,1,0,1,0,0.6,0.8,0.6,0.6,-0.2,0.5181,0.5455,-0.0274,9,0.5556,0.5484,0.6667,-0.1183,Royal Challengers Bengaluru,1
598024,2013,2013-04-21,Arun Jaitley Stadium,Delhi,Delhi Capitals,Mumbai Indians,Mumbai Indians,bat,0,0,1,0,0.0,0.6,0.1,0.6,-0.6,0.4875,0.5679,-0.0804,11,0.4545,0.4333,0.5,-0.0667,Delhi Capitals,1
598025,2013,2013-04-21,Punjab Cricket Association IS Bindra Stadium,Chandigarh,Punjab Kings,Pune Warriors,Punjab Kings,field,1,0,1,0,0.4,0.4,0.5,0.2,0.0,0.4872,0.2857,0.2015,5,0.4,0.5417,0.5,0.0417,Punjab Kings,1
598026,2013,2013-04-22,MA Chidambaram Stadium,Chennai,Chennai Super Kings,Rajasthan Royals,Rajasthan Royals,bat,0,0,1,0,0.8,0.6,0.6,0.5,0.2,0.593,0.5385,0.0546,11,0.6364,0.6286,0.25,0.3786,Chennai Super Kings,1
598027,2013,2013-04-23,M Chinnaswamy Stadium,Bangalore,Royal Challengers Bengaluru,Pune Warriors,Pune Warriors,field,0,1,1,0,0.8,0.4,0.6,0.2,0.4,0.5238,0.2778,0.246,3,1.0,0.5625,0.0,0.5625,Royal Challengers Bengaluru,1
598059,2013,2013-04-23,Arun Jaitley Stadium,Delhi,Delhi Capitals,Punjab Kings,Punjab Kings,field,0,1,1,0,0.2,0.4,0.2,0.5,-0.2,0.4938,0.4937,0.0002,10,0.5,0.4516,0.5,-0.0484,Punjab Kings,0
598029,2013,2013-04-24,Eden Gardens,Kolkata,Kolkata Knight Riders,Mumbai Indians,Kolkata Knight Riders,bat,1,1,1,0,0.2,0.6,0.6,0.5,-0.4,0.4872,0.561,-0.0738,10,0.2,0.5806,0.75,-0.1694,Mumbai Indians,0
598030,2013,2013-04-25,MA Chidambaram Stadium,Chennai,Chennai Super Kings,Sunrisers Hyderabad,Sunrisers Hyderabad,bat,0,0,1,0,0.8,0.6,0.7,0.7143,0.2,0.5977,0.7143,-0.1166,0,0.5,0.6389,0.7143,-0.0754,Chennai Super Kings,1
598031,2013,2013-04-26,Eden Gardens,Kolkata,Kolkata Knight Riders,Punjab Kings,Punjab Kings,bat,0,0,1,0,0.2,0.6,0.5,0.5,-0.4,0.481,0.5,-0.019,10,0.5,0.5625,0.5,0.0625,Kolkata Knight Riders,1
598032,2013,2013-04-27,Sawai Mansingh Stadium,Jaipur,Rajasthan Royals,Sunrisers Hyderabad,Sunrisers Hyderabad,bat,0,0,1,0,0.4,0.6,0.5,0.625,-0.2,0.5316,0.625,-0.0934,0,0.5,0.6786,0.625,0.0536,Rajasthan Royals,1
598033,2013,2013-04-27,Wankhede Stadium,Mumbai,Mumbai Indians,Royal Challengers Bengaluru,Mumbai Indians,bat,1,1,1,0,0.6,0.8,0.5,0.7,-0.2,0.5663,0.5294,0.0369,12,0.5,0.5455,0.6667,-0.1212,Mumbai Indians,1
598034,2013,2013-04-28,MA Chidambaram Stadium,Chennai,Chennai Super Kings,Kolkata Knight Riders,Kolkata Knight Riders,field,0,1,1,0,0.8,0.4,0.7,0.5,0.4,0.6023,0.4875,0.1148,11,0.6364,0.6486,0.4,0.2486,Chennai Super Kings,1
598035,2013,2013-04-28,Shaheed Veer Narayan Singh International Stadium,Raipur,Delhi Capitals,Pune Warriors,Pune Warriors,field,0,1,0,0,0.2,0.2,0.1,0.2,0.0,0.4878,0.2703,0.2175,3,0.6667,0.4878,0.2703,0.2175,Delhi Capitals,1
598036,2013,2013-04-29,Sawai Mansingh Stadium,Jaipur,Rajasthan Royals,Royal Challengers Bengaluru,Rajasthan Royals,field,1,0,1,0,0.6,0.6,0.5,0.6,0.0,0.5375,0.5233,0.0142,10,0.4,0.6897,0.75,-0.0603,Rajasthan Royals,1
598037,2013,2013-04-29,Wankhede Stadium,Mumbai,Mumbai Indians,Punjab Kings,Mumbai Indians,bat,1,1,1,0,0.6,0.6,0.6,0.5,0.0,0.5714,0.4938,0.0776,10,0.4,0.5652,0.5,0.0652,Mumbai Indians,1
598038,2013,2013-04-30,Maharashtra Cricket Association Stadium,Pune,Pune Warriors,Chennai Super Kings,Chennai Super Kings,bat,0,0,0,0,0.2,1.0,0.2,0.7,-0.8,0.2632,0.6067,-0.3436,5,0.4,0.2727,0.0,0.2727,Chennai Super Kings,0
598039,2013,2013-05-01,Rajiv Gandhi International Stadium,Hyderabad,Sunrisers Hyderabad,Mumbai Indians,Mumbai Indians,bat,0,0,1,0,0.4,0.6,0.5556,0.6,-0.2,0.5556,0.5765,-0.0209,0,0.5,1.0,1.0,0.0,Sunrisers Hyderabad,1
598040,2013,2013-05-01,Shaheed Veer Narayan Singh International Stadium,Raipur,Delhi Capitals,Kolkata Knight Riders,Kolkata Knight Riders,bat,0,0,0,0,0.4,0.2,0.2,0.4,0.2,0.494,0.4815,0.0125,10,0.4,1.0,0.4815,0.5185,Delhi Capitals,1
598041,2013,2013-05-02,MA Chidambaram Stadium,Chennai,Chennai Super Kings,Punjab Kings,Chennai Super Kings,bat,1,1,1,0,1.0,0.4,0.8,0.4,0.6,0.6111,0.4878,0.1233,11,0.6364,0.6579,0.6667,-0.0088,Chennai Super Kings,1
598042,2013,2013-05-02,Maharashtra Cricket Association Stadium,Pune,Pune Warriors,Royal Challengers Bengaluru,Royal Challengers Bengaluru,bat,0,0,0,0,0.0,0.6,0.2,0.6,-0.6,0.2564,0.5172,-0.2608,4,0.0,0.25,1.0,-0.75,Royal Challengers Bengaluru,0
598043,2013,2013-05-03,Eden Gardens,Kolkata,Kolkata Knight Riders,Rajasthan Royals,Rajasthan Royals,bat,0,0,1,0,0.2,0.6,0.3,0.6,-0.4,0.4756,0.5432,-0.0676,11,0.4545,0.5758,0.25,0.3258,Kolkata Knight Riders,1
598044,2013,2013-05-04,Rajiv Gandhi International Stadium,Hyderabad,Sunrisers Hyderabad,Delhi Capitals,Delhi Capitals,bat,0,0,1,0,0.6,0.6,0.6,0.3,0.0,0.6,0.5,0.1,1,1.0,1.0,1.0,0.0,Sunrisers Hyderabad,1
598046,2013,2013-05-05,Wankhede Stadium,Mumbai,Mumbai Indians,Chennai Super Kings,Mumbai Indians,bat,1,1,1,0,0.6,1.0,0.6,0.9,-0.4,0.5698,0.6154,-0.0456,12,0.5833,0.5833,0.4,0.1833,Mumbai Indians,1
598047,2013,2013-05-05,Sawai Mansingh Stadium,Jaipur,Rajasthan Royals,Pune Warriors,Pune Warriors,bat,0,0,1,0,0.4,0.0,0.6,0.2,0.4,0.5366,0.25,0.2866,4,0.75,0.7,0.0,0.7,Rajasthan Royals,1
598064,2013,2013-05-06,Punjab Cricket Association IS Bindra Stadium,Chandigarh,Punjab Kings,Royal Challengers Bengaluru,Punjab Kings,field,1,0,1,0,0.4,0.6,0.4,0.6,-0.2,0.4819,0.5227,-0.0408,10,0.5,0.56,0.6667,-0.1067,Punjab Kings,1
598049,2013,2013-05-07,Sawai Mansingh Stadium,Jaipur,Rajasthan Royals,Delhi Capitals,Delhi Capitals,bat,0,0,1,0,0.6,0.6,0.6,0.3,0.0,0.5422,0.4941,0.0481,11,0.4545,0.7097,0.3333,0.3763,Rajasthan Royals,1
598050,2013,2013-05-07,Wankhede Stadium,Mumbai,Mumbai Indians,Kolkata Knight Riders,Mumbai Indians,bat,1,1,1,0,0.8,0.4,0.7,0.3,0.4,0.5747,0.4819,0.0928,11,0.8182,0.6,0.3333,0.2667,Mumbai Indians,1
598051,2013,2013-05-08,Rajiv Gandhi International Stadium,Hyderabad,Sunrisers Hyderabad,Chennai Super Kings,Sunrisers Hyderabad,field,1,0,1,0,0.6,0.8,0.6,0.8,-0.2,0.6364,0.6087,0.0277,1,0.0,1.0,1.0,0.0,Chennai Super Kings,0
598052,2013,2013-05-09,Punjab Cricket Association IS Bindra Stadium,Chandigarh,Punjab Kings,Rajasthan Royals,Rajasthan Royals,field,0,1,1,0,0.4,0.8,0.4,0.6,-0.4,0.4881,0.5476,-0.0595,10,0.3,0.5769,0.5,0.0769,Rajasthan Royals,0
598053,2013,2013-05-09,Maharashtra Cricket Association Stadium,Pune,Pune Warriors,Kolkata Knight Riders,Kolkata Knight Riders,bat,0,0,0,0,0.0,0.4,0.2,0.3,-0.4,0.2439,0.4762,-0.2323,3,0.0,0.2308,1.0,-0.7692,Kolkata Knight Riders,0
598054,2013,2013-05-10,Arun Jaitley Stadium,Delhi,Delhi Capitals,Royal Challengers Bengaluru,Delhi Capitals,field,1,0,1,0,0.4,0.4,0.3,0.6,0.0,0.4884,0.5169,-0.0285,10,0.5,0.4375,0.5,-0.0625,Royal Challengers Bengaluru,0
598055,2013,2013-05-11,Maharashtra Cricket Association Stadium,Pune,Pune Warriors,Mumbai Indians,Pune Warriors,bat,1,1,0,0,0.0,0.8,0.1,0.7,-0.8,0.2381,0.5795,-0.3415,5,0.2,0.2143,1.0,-0.7857,Mumbai Indians,0
598056,2013,2013-05-11,Punjab Cricket Association IS Bindra Stadium,Chandigarh,Punjab Kings,Sunrisers Hyderabad,Punjab Kings,field,1,0,1,0,0.2,0.4,0.4,0.5,-0.2,0.4824,0.5833,-0.101,1,0.0,0.5556,0.5833,-0.0278,Sunrisers Hyderabad,0
598057,2013,2013-05-12,JSCA International Stadium Complex,Ranchi,Kolkata Knight Riders,Royal Challengers Bengaluru,Kolkata Knight Riders,field,1,0,0,0,0.4,0.4,0.4,0.6,0.0,0.4824,0.5222,-0.0399,11,0.4545,0.4824,0.5222,-0.0399,Kolkata Knight Riders,1
598058,2013,2013-05-12,Sawai Mansingh Stadium,Jaipur,Rajasthan Royals,Chennai Super Kings,Rajasthan Royals,field,1,0,1,0,0.8,0.8,0.7,0.8,0.0,0.5529,0.6129,-0.06,12,0.3333,0.7188,0.6667,0.0521,Rajasthan Royals,1
598060,2013,2013-05-13,Wankhede Stadium,Mumbai,Mumbai Indians,Sunrisers Hyderabad,Sunrisers Hyderabad,bat,0,0,1,0,0.8,0.6,0.7,0.6,0.2,0.5843,0.6154,-0.0311,1,0.0,0.6154,0.6154,0.0,Mumbai Indians,1
598045,2013,2013-05-14,M Chinnaswamy Stadium,Bangalore,Royal Challengers Bengaluru,Punjab Kings,Punjab Kings,field,0,1,1,0,0.4,0.2,0.5,0.4,0.2,0.5165,0.4767,0.0397,11,0.4545,0.5758,0.5,0.0758,Punjab Kings,0
598062,2013,2013-05-14,MA Chidambaram Stadium,Chennai,Chennai Super Kings,Delhi Capitals,Chennai Super Kings,bat,1,1,1,0,0.6,0.4,0.8,0.3,0.2,0.6064,0.4828,0.1236,11,0.6364,0.6667,0.4,0.2667,Chennai Super Kings,1
598061,2013,2013-05-15,JSCA International Stadium Complex,Ranchi,Kolkata Knight Riders,Pune Warriors,Kolkata Knight Riders,field,1,0,0,0,0.6,0.0,0.4,0.1,0.6,0.4884,0.2326,0.2558,4,1.0,1.0,0.2326,0.7674,Pune Warriors,0
598063,2013,2013-05-15,Wankhede Stadium,Mumbai,Mumbai Indians,Rajasthan Royals,Rajasthan Royals,field,0,1,1,0,0.8,0.8,0.7,0.7,0.0,0.5889,0.5581,0.0307,10,0.5,0.6296,0.6667,-0.037,Mumbai Indians,1
598028,2013,2013-05-16,Himachal Pradesh Cricket Association Stadium,Dharamsala,Punjab Kings,Delhi Capitals,Delhi Capitals,field,0,1,0,0,0.4,0.2,0.4,0.3,0.2,0.4828,0.4773,0.0055,11,0.5455,0.4286,0.5,-0.0714,Punjab Kings,1
598065,2013,2013-05-17,Rajiv Gandhi International Stadium,Hyderabad,Sunrisers Hyderabad,Rajasthan Royals,Sunrisers Hyderabad,bat,1,1,1,0,0.6,0.8,0.5,0.6,-0.2,0.5714,0.5517,0.0197,1,0.0,0.8333,0.6667,0.1667,Sunrisers Hyderabad,1
598066,2013,2013-05-18,Himachal Pradesh Cricket Association Stadium,Dharamsala,Punjab Kings,Mumbai Indians,Mumbai Indians,field,0,1,0,0,0.6,1.0,0.5,0.8,-0.4,0.4886,0.5934,-0.1048,11,0.5455,0.5,0.5934,-0.0934,Punjab Kings,1
598068,2013,2013-05-18,M Chinnaswamy Stadium,Bangalore,Royal Challengers Bengaluru,Chennai Super Kings,Chennai Super Kings,field,0,1,1,0,0.4,0.6,0.5,0.8,-0.2,0.5109,0.6105,-0.0997,13,0.3846,0.5588,0.5,0.0588,Royal Challengers Bengaluru,1
598067,2013,2013-05-19,Maharashtra Cricket Association Stadium,Pune,Pune Warriors,Delhi Capitals,Pune Warriors,bat,1,1,0,0,0.2,0.0,0.1,0.3,0.2,0.25,0.4719,-0.2219,4,0.25,0.2,0.5,-0.3,Pune Warriors,1
598069,2013,2013-05-19,Rajiv Gandhi International Stadium,Hyderabad,Sunrisers Hyderabad,Kolkata Knight Riders,Kolkata Knight Riders,bat,0,0,1,0,0.6,0.6,0.6,0.4,0.0,0.6,0.4828,0.1172,1,0.0,0.8571,1.0,-0.1429,Sunrisers Hyderabad,1
598070,2013,2013-05-21,Arun Jaitley Stadium,Delhi,Chennai Super Kings,Mumbai Indians,Chennai Super Kings,bat,1,1,0,0,0.4,0.8,0.7,0.8,-0.4,0.6042,0.587,0.0172,13,0.3846,0.75,0.4,0.35,Chennai Super Kings,1
598071,2013,2013-05-22,Arun Jaitley Stadium,Delhi,Rajasthan Royals,Sunrisers Hyderabad,Sunrisers Hyderabad,bat,0,0,0,0,0.6,0.6,0.6,0.6,0.0,0.5455,0.625,-0.0795,2,0.5,0.25,1.0,-0.75,Rajasthan Royals,1
598072,2013,2013-05-24,Eden Gardens,Kolkata,Mumbai Indians,Rajasthan Royals,Rajasthan Royals,bat,0,0,0,0,0.6,0.6,0.7,0.7,0.0,0.5806,0.5506,0.0301,11,0.5455,0.8,0.2,0.6,Mumbai Indians,1
598073,2013,2013-05-26,Eden Gardens,Kolkata,Chennai Super Kings,Mumbai Indians,Mumbai Indians,bat,0,0,0,0,0.6,0.6,0.7,0.7,0.0,0.6082,0.5851,0.0231,14,0.4286,0.8,0.8333,-0.0333,Mumbai Indians,0
729279,2014,2014-04-16,Sheikh Zayed Stadium,Abu Dhabi,Mumbai Indians,Kolkata Knight Riders,Kolkata Knight Riders,bat,0,0,0,0,0.6,0.4,0.7,0.4,0.2,0.5895,0.4773,0.1122,12,0.8333,0.5895,0.4773,0.1122,Kolkata Knight Riders,0
729281,2014,2014-04-17,Sharjah Cricket Stadium,Sharjah,Delhi Capitals,Royal Challengers Bengaluru,Royal Challengers Bengaluru,field,0,1,0,0,0.0,0.4,0.3,0.5,-0.4,0.4667,0.5161,-0.0495,11,0.4545,0.4667,0.5161,-0.0495,Royal Challengers Bengaluru,0
729283,2014,2014-04-18,Sheikh Zayed Stadium,Abu Dhabi,Chennai Super Kings,Punjab Kings,Chennai Super Kings,bat,1,1,0,0,0.4,0.6,0.6,0.5,-0.2,0.602,0.4944,0.1077,12,0.6667,0.602,0.4944,0.1077,Punjab Kings,0
729285,2014,2014-04-18,Sheikh Zayed Stadium,Abu Dhabi,Sunrisers Hyderabad,Rajasthan Royals,Rajasthan Royals,field,0,1,0,0,0.6,0.4,0.5,0.6,0.2,0.5882,0.5444,0.0438,3,0.3333,0.5882,0.5444,0.0438,Rajasthan Royals,0
729287,2014,2014-04-19,Dubai International Cricket Stadium,Dubai,Royal Challengers Bengaluru,Mumbai Indians,Royal Challengers Bengaluru,field,1,0,0,0,0.6,0.4,0.5,0.7,0.2,0.5213,0.5833,-0.0621,13,0.4615,0.5213,0.5833,-0.0621,Royal Challengers Bengaluru,1
729289,2014,2014-04-19,Dubai International Cricket Stadium,Dubai,Kolkata Knight Riders,Delhi Capitals,Kolkata Knight Riders,bat,1,1,0,0,0.6,0.0,0.5,0.2,0.6,0.4831,0.4615,0.0216,11,0.5455,0.4831,0.4615,0.0216,Delhi Capitals,0
729291,2014,2014-04-20,Sharjah Cricket Stadium,Sharjah,Rajasthan Royals,Punjab Kings,Punjab Kings,field,0,1,0,0,0.4,0.8,0.6,0.5,-0.4,0.5495,0.5,0.0495,11,0.7273,0.5495,0.5,0.0495,Punjab Kings,0
729293,2014,2014-04-21,Sheikh Zayed Stadium,Abu Dhabi,Chennai Super Kings,Delhi Capitals,Chennai Super Kings,bat,1,1,0,0,0.4,0.2,0.5,0.3,0.2,0.596,0.4674,0.1286,12,0.6667,0.0,0.4674,-0.4674,Chennai Super Kings,1
729295,2014,2014-04-22,Sharjah Cricket Stadium,Sharjah,Punjab Kings,Sunrisers Hyderabad,Sunrisers Hyderabad,field,0,1,0,0,1.0,0.4,0.6,0.5,0.6,0.5055,0.5556,-0.0501,2,0.0,1.0,0.5556,0.4444,Punjab Kings,1
729297,2014,2014-04-23,Dubai International Cricket Stadium,Dubai,Rajasthan Royals,Chennai Super Kings,Rajasthan Royals,field,1,0,0,0,0.4,0.4,0.6,0.5,0.0,0.5435,0.6,-0.0565,13,0.3846,0.5435,0.6,-0.0565,Chennai Super Kings,0
729299,2014,2014-04-24,Sharjah Cricket Stadium,Sharjah,Royal Challengers Bengaluru,Kolkata Knight Riders,Royal Challengers Bengaluru,field,1,0,0,0,0.6,0.4,0.5,0.4,0.2,0.5263,0.4778,0.0485,12,0.5,1.0,0.4778,0.5222,Kolkata Knight Riders,0
729301,2014,2014-04-25,Dubai International Cricket Stadium,Dubai,Sunrisers Hyderabad,Delhi Capitals,Sunrisers Hyderabad,bat,1,1,0,0,0.4,0.2,0.5,0.2,0.2,0.5263,0.4624,0.064,2,1.0,0.5263,1.0,-0.4737,Sunrisers Hyderabad,1
729303,2014,2014-04-25,Dubai International Cricket Stadium,Dubai,Chennai Super Kings,Mumbai Indians,Mumbai Indians,bat,0,0,0,0,0.6,0.4,0.5,0.6,0.2,0.604,0.5773,0.0266,15,0.4,1.0,0.0,1.0,Chennai Super Kings,1
729305,2014,2014-04-26,Sheikh Zayed Stadium,Abu Dhabi,Rajasthan Royals,Royal Challengers Bengaluru,Rajasthan Royals,field,1,0,0,0,0.4,0.6,0.5,0.5,-0.2,0.5376,0.5208,0.0168,11,0.4545,1.0,0.5208,0.4792,Rajasthan Royals,1
729307,2014,2014-04-26,Sheikh Zayed Stadium,Abu Dhabi,Kolkata Knight Riders,Punjab Kings,Kolkata Knight Riders,field,1,0,0,0,0.4,1.0,0.5,0.7,-0.6,0.4835,0.5109,-0.0274,11,0.5455,1.0,1.0,0.0,Punjab Kings,0
729309,2014,2014-04-27,Sharjah Cricket Stadium,Sharjah,Delhi Capitals,Mumbai Indians,Mumbai Indians,bat,0,0,0,0,0.2,0.4,0.1,0.5,-0.2,0.4574,0.5714,-0.114,12,0.5,0.0,0.5714,-0.5714,Delhi Capitals,1
729311,2014,2014-04-27,Sharjah Cricket Stadium,Sharjah,Sunrisers Hyderabad,Chennai Super Kings,Sunrisers Hyderabad,bat,1,1,0,0,0.4,0.6,0.5,0.6,-0.2,0.55,0.6078,-0.0578,2,0.0,0.0,0.6078,-0.6078,Chennai Super Kings,0
729313,2014,2014-04-28,Dubai International Cricket Stadium,Dubai,Punjab Kings,Royal Challengers Bengaluru,Punjab Kings,field,1,0,0,0,1.0,0.6,0.8,0.5,0.4,0.5161,0.5155,0.0007,12,0.5833,0.5161,1.0,-0.4839,Punjab Kings,1
729315,2014,2014-04-29,Sheikh Zayed Stadium,Abu Dhabi,Kolkata Knight Riders,Rajasthan Royals,Rajasthan Royals,bat,0,0,0,0,0.4,0.4,0.5,0.5,0.0,0.4783,0.5426,-0.0643,12,0.5,0.5,1.0,-0.5,Rajasthan Royals,0
729317,2014,2014-04-30,Dubai International Cricket Stadium,Dubai,Mumbai Indians,Sunrisers Hyderabad,Mumbai Indians,field,1,0,0,0,0.2,0.2,0.4,0.4,0.0,0.5657,0.5238,0.0418,2,0.5,0.0,1.0,-1.0,Sunrisers Hyderabad,0
733971,2014,2014-05-02,JSCA International Stadium Complex,Ranchi,Chennai Super Kings,Kolkata Knight Riders,Chennai Super Kings,bat,1,1,0,0,0.8,0.4,0.6,0.4,0.4,0.6117,0.4731,0.1385,12,0.6667,0.6117,0.5,0.1117,Chennai Super Kings,1
733973,2014,2014-05-03,Wankhede Stadium,Mumbai,Mumbai Indians,Punjab Kings,Punjab Kings,bat,0,0,1,0,0.0,1.0,0.3,0.8,-1.0,0.56,0.5213,0.0387,12,0.4167,0.6429,0.4,0.2429,Mumbai Indians,1
733975,2014,2014-05-03,Arun Jaitley Stadium,Delhi,Delhi Capitals,Rajasthan Royals,Rajasthan Royals,field,0,1,1,0,0.4,0.6,0.2,0.5,-0.2,0.4632,0.5474,-0.0842,12,0.5,0.4242,0.4,0.0242,Rajasthan Royals,0
733977,2014,2014-05-04,M Chinnaswamy Stadium,Bangalore,Royal Challengers Bengaluru,Sunrisers Hyderabad,Royal Challengers Bengaluru,field,1,0,1,0,0.4,0.4,0.4,0.5,0.0,0.5102,0.5455,-0.0353,2,0.5,0.5714,0.0,0.5714,Royal Challengers Bengaluru,1
733979,2014,2014-05-05,"Narendra Modi Stadium, Ahmedabad",Ahmedabad,Rajasthan Royals,Kolkata Knight Riders,Kolkata Knight Riders,field,0,1,0,0,0.6,0.2,0.5,0.4,0.4,0.5521,0.4681,0.084,13,0.5385,0.75,0.0,0.75,Rajasthan Royals,1
733981,2014,2014-05-05,Arun Jaitley Stadium,Delhi,Delhi Capitals,Chennai Super Kings,Chennai Super Kings,field,0,1,1,0,0.4,1.0,0.2,0.7,-0.6,0.4583,0.6154,-0.1571,13,0.3077,0.4118,0.8,-0.3882,Chennai Super Kings,0
733983,2014,2014-05-06,Wankhede Stadium,Mumbai,Mumbai Indians,Royal Challengers Bengaluru,Royal Challengers Bengaluru,field,0,1,1,0,0.2,0.4,0.3,0.5,-0.2,0.5644,0.5152,0.0492,14,0.5,0.6552,0.5,0.1552,Mumbai Indians,1
733985,2014,2014-05-07,Arun Jaitley Stadium,Delhi,Delhi Capitals,Kolkata Knight Riders,Delhi Capitals,bat,1,1,1,0,0.2,0.2,0.2,0.3,0.0,0.4536,0.4632,-0.0095,12,0.5,0.4,0.6667,-0.2667,Kolkata Knight Riders,0
733987,2014,2014-05-07,Barabati Stadium,Cuttack,Punjab Kings,Chennai Super Kings,Chennai Super Kings,field,0,1,0,0,0.8,1.0,0.8,0.7,-0.2,0.5158,0.619,-0.1033,13,0.3846,0.0,0.619,-0.619,Punjab Kings,1
733989,2014,2014-05-08,"Narendra Modi Stadium, Ahmedabad",Ahmedabad,Rajasthan Royals,Sunrisers Hyderabad,Rajasthan Royals,field,1,0,0,0,0.8,0.4,0.6,0.4,0.4,0.5567,0.5217,0.035,4,0.75,0.8,0.5217,0.2783,Sunrisers Hyderabad,0
733991,2014,2014-05-09,M Chinnaswamy Stadium,Bangalore,Royal Challengers Bengaluru,Punjab Kings,Royal Challengers Bengaluru,field,1,0,1,0,0.2,0.8,0.4,0.9,-0.6,0.51,0.5208,-0.0108,13,0.3846,0.5833,0.6,-0.0167,Punjab Kings,0
733993,2014,2014-05-10,Arun Jaitley Stadium,Delhi,Delhi Capitals,Sunrisers Hyderabad,Sunrisers Hyderabad,field,0,1,1,0,0.2,0.6,0.2,0.5,-0.4,0.449,0.5417,-0.0927,3,0.0,0.3889,0.5,-0.1111,Sunrisers Hyderabad,0
733995,2014,2014-05-10,Wankhede Stadium,Mumbai,Mumbai Indians,Chennai Super Kings,Chennai Super Kings,field,0,1,1,0,0.4,0.8,0.4,0.7,-0.4,0.5686,0.6132,-0.0446,16,0.5625,0.6667,0.3333,0.3333,Chennai Super Kings,0
733997,2014,2014-05-11,Barabati Stadium,Cuttack,Punjab Kings,Kolkata Knight Riders,Kolkata Knight Riders,field,0,1,0,0,0.8,0.2,0.9,0.3,0.6,0.5258,0.4688,0.057,12,0.5,0.5,1.0,-0.5,Kolkata Knight Riders,0
733999,2014,2014-05-11,M Chinnaswamy Stadium,Bangalore,Royal Challengers Bengaluru,Rajasthan Royals,Royal Challengers Bengaluru,bat,1,1,1,0,0.2,0.8,0.4,0.6,-0.6,0.505,0.551,-0.0461,12,0.5,0.5676,0.5,0.0676,Rajasthan Royals,0
734001,2014,2014-05-12,Rajiv Gandhi International Stadium,Hyderabad,Sunrisers Hyderabad,Mumbai Indians,Sunrisers Hyderabad,bat,1,1,1,0,0.6,0.4,0.5,0.4,0.2,0.56,0.5631,-0.0031,3,0.6667,0.875,0.6667,0.2083,Mumbai Indians,0
734003,2014,2014-05-13,JSCA International Stadium Complex,Ranchi,Chennai Super Kings,Rajasthan Royals,Rajasthan Royals,bat,0,0,0,0,0.8,0.8,0.7,0.6,0.0,0.6168,0.5556,0.0613,14,0.6429,1.0,0.5556,0.4444,Chennai Super Kings,1
734005,2014,2014-05-13,M Chinnaswamy Stadium,Bangalore,Royal Challengers Bengaluru,Delhi Capitals,Delhi Capitals,field,0,1,1,0,0.2,0.2,0.4,0.2,0.0,0.5,0.4444,0.0556,12,0.5833,0.5526,0.5,0.0526,Royal Challengers Bengaluru,1
734007,2014,2014-05-14,Rajiv Gandhi International Stadium,Hyderabad,Sunrisers Hyderabad,Punjab Kings,Punjab Kings,field,0,1,1,0,0.6,0.6,0.4,0.8,0.0,0.5385,0.5204,0.0181,3,0.6667,0.7778,0.75,0.0278,Punjab Kings,0
734009,2014,2014-05-14,Barabati Stadium,Cuttack,Kolkata Knight Riders,Mumbai Indians,Kolkata Knight Riders,field,1,0,0,0,0.4,0.6,0.4,0.4,-0.2,0.4742,0.5673,-0.0931,13,0.2308,1.0,0.5673,0.4327,Kolkata Knight Riders,1
734011,2014,2014-05-15,"Narendra Modi Stadium, Ahmedabad",Ahmedabad,Rajasthan Royals,Delhi Capitals,Delhi Capitals,field,0,1,0,0,0.6,0.0,0.6,0.2,0.6,0.55,0.44,0.11,13,0.5385,0.6667,1.0,-0.3333,Rajasthan Royals,1
734013,2014,2014-05-18,JSCA International Stadium Complex,Ranchi,Chennai Super Kings,Royal Challengers Bengaluru,Chennai Super Kings,bat,1,1,0,0,0.8,0.4,0.8,0.4,0.4,0.6204,0.5049,0.1155,14,0.5714,1.0,0.0,1.0,Royal Challengers Bengaluru,0
734015,2014,2014-05-18,Rajiv Gandhi International Stadium,Hyderabad,Sunrisers Hyderabad,Kolkata Knight Riders,Sunrisers Hyderabad,bat,1,1,1,0,0.4,0.6,0.4,0.5,-0.2,0.5185,0.4796,0.0389,2,0.5,0.7,0.6667,0.0333,Kolkata Knight Riders,0
734017,2014,2014-05-19,"Narendra Modi Stadium, Ahmedabad",Ahmedabad,Rajasthan Royals,Mumbai Indians,Mumbai Indians,bat,0,0,0,0,0.6,0.6,0.6,0.3,0.0,0.5545,0.5619,-0.0074,12,0.4167,0.7143,0.5619,0.1524,Mumbai Indians,0
734019,2014,2014-05-19,Arun Jaitley Stadium,Delhi,Delhi Capitals,Punjab Kings,Punjab Kings,field,0,1,1,0,0.0,0.6,0.2,0.8,-0.6,0.4356,0.5253,-0.0896,12,0.4167,0.3784,0.6,-0.2216,Punjab Kings,0
734021,2014,2014-05-20,Rajiv Gandhi International Stadium,Hyderabad,Sunrisers Hyderabad,Royal Challengers Bengaluru,Royal Challengers Bengaluru,bat,0,0,1,0,0.4,0.4,0.4,0.4,0.0,0.5,0.5096,-0.0096,3,0.3333,0.6364,0.25,0.3864,Sunrisers Hyderabad,1
734023,2014,2014-05-20,Eden Gardens,Kolkata,Kolkata Knight Riders,Chennai Super Kings,Kolkata Knight Riders,field,1,0,1,0,0.8,0.6,0.5,0.8,0.2,0.4848,0.6147,-0.1298,13,0.3077,0.5882,0.6667,-0.0784,Kolkata Knight Riders,1
734025,2014,2014-05-21,Punjab Cricket Association IS Bindra Stadium,Chandigarh,Punjab Kings,Mumbai Indians,Mumbai Indians,field,0,1,1,0,0.8,0.6,0.8,0.4,0.2,0.53,0.566,-0.036,13,0.5385,0.5357,0.25,0.2857,Mumbai Indians,0
734027,2014,2014-05-22,Eden Gardens,Kolkata,Kolkata Knight Riders,Royal Challengers Bengaluru,Royal Challengers Bengaluru,field,0,1,1,0,1.0,0.4,0.6,0.3,0.6,0.49,0.5048,-0.0148,13,0.5385,0.6,0.25,0.35,Kolkata Knight Riders,1
734029,2014,2014-05-22,JSCA International Stadium Complex,Ranchi,Chennai Super Kings,Sunrisers Hyderabad,Sunrisers Hyderabad,field,0,1,0,0,0.4,0.4,0.7,0.5,0.0,0.6091,0.5172,0.0918,3,1.0,0.6667,0.5172,0.1494,Sunrisers Hyderabad,0
734031,2014,2014-05-23,Wankhede Stadium,Mumbai,Mumbai Indians,Delhi Capitals,Delhi Capitals,field,0,1,1,0,0.6,0.0,0.5,0.1,0.6,0.5701,0.4314,0.1387,13,0.4615,0.6452,0.25,0.3952,Mumbai Indians,1
734033,2014,2014-05-23,Punjab Cricket Association IS Bindra Stadium,Chandigarh,Punjab Kings,Rajasthan Royals,Rajasthan Royals,field,0,1,1,0,0.6,0.4,0.7,0.6,0.2,0.5248,0.549,-0.0243,12,0.3333,0.5172,0.6,-0.0828,Punjab Kings,1
734035,2014,2014-05-24,M Chinnaswamy Stadium,Bangalore,Royal Challengers Bengaluru,Chennai Super Kings,Chennai Super Kings,field,0,1,1,0,0.4,0.4,0.3,0.6,0.0,0.5,0.6036,-0.1036,15,0.4667,0.5641,0.4,0.1641,Chennai Super Kings,0
734037,2014,2014-05-24,Eden Gardens,Kolkata,Kolkata Knight Riders,Sunrisers Hyderabad,Kolkata Knight Riders,field,1,0,1,0,1.0,0.4,0.6,0.5,0.6,0.495,0.5333,-0.0383,3,0.6667,0.6111,0.0,0.6111,Kolkata Knight Riders,1
734039,2014,2014-05-25,Punjab Cricket Association IS Bindra Stadium,Chandigarh,Punjab Kings,Delhi Capitals,Punjab Kings,field,1,0,1,0,0.6,0.0,0.7,0.1,0.6,0.5294,0.4272,0.1022,13,0.6154,0.5333,0.5,0.0333,Punjab Kings,1
734041,2014,2014-05-25,Wankhede Stadium,Mumbai,Mumbai Indians,Rajasthan Royals,Mumbai Indians,field,1,0,1,0,0.8,0.4,0.6,0.6,0.4,0.5741,0.5437,0.0304,13,0.6154,0.6562,0.5,0.1562,Mumbai Indians,1
734043,2014,2014-05-27,Eden Gardens,Kolkata,Punjab Kings,Kolkata Knight Riders,Punjab Kings,field,1,0,0,1,0.8,1.0,0.7,0.7,-0.2,0.534,0.5,0.034,13,0.4615,0.4,0.6216,-0.2216,Kolkata Knight Riders,0
734045,2014,2014-05-28,Brabourne Stadium,Mumbai,Chennai Super Kings,Mumbai Indians,Chennai Super Kings,field,1,0,0,1,0.4,0.8,0.6,0.7,-0.4,0.6071,0.578,0.0292,17,0.4706,0.0,0.8571,-0.8571,Chennai Super Kings,1
734047,2014,2014-05-30,Wankhede Stadium,Mumbai,Chennai Super Kings,Punjab Kings,Chennai Super Kings,field,1,0,0,0,0.4,0.6,0.6,0.6,-0.2,0.6106,0.5288,0.0818,14,0.5714,0.4286,0.3333,0.0952,Punjab Kings,0
734049,2014,2014-06-01,M Chinnaswamy Stadium,Bangalore,Kolkata Knight Riders,Punjab Kings,Kolkata Knight Riders,field,1,0,0,0,1.0,0.6,0.8,0.7,0.4,0.5049,0.5333,-0.0285,14,0.5714,0.4,0.6667,-0.2667,Kolkata Knight Riders,1
829705,2015,2015-04-08,Eden Gardens,Kolkata,Kolkata Knight Riders,Mumbai Indians,Kolkata Knight Riders,field,1,0,1,0,1.0,0.8,0.9,0.7,0.2,0.5096,0.5727,-0.0631,14,0.2857,0.6316,0.8571,-0.2256,Kolkata Knight Riders,1
829707,2015,2015-04-09,MA Chidambaram Stadium,Chennai,Chennai Super Kings,Delhi Capitals,Delhi Capitals,field,0,1,1,0,0.4,0.0,0.5,0.1,0.4,0.6053,0.4231,0.1822,14,0.7143,0.675,0.3333,0.3417,Chennai Super Kings,1
829709,2015,2015-04-10,Maharashtra Cricket Association Stadium,Pune,Punjab Kings,Rajasthan Royals,Punjab Kings,field,1,0,0,0,0.6,0.2,0.6,0.5,0.4,0.5283,0.5385,-0.0102,13,0.3846,0.5,0.5,0.0,Rajasthan Royals,0
829711,2015,2015-04-11,MA Chidambaram Stadium,Chennai,Chennai Super Kings,Sunrisers Hyderabad,Chennai Super Kings,bat,1,1,1,0,0.6,0.4,0.5,0.5,0.2,0.6087,0.5161,0.0926,4,0.75,0.6829,0.0,0.6829,Chennai Super Kings,1
829713,2015,2015-04-11,Eden Gardens,Kolkata,Kolkata Knight Riders,Royal Challengers Bengaluru,Royal Challengers Bengaluru,field,0,1,1,0,1.0,0.4,1.0,0.3,0.6,0.5143,0.4953,0.019,14,0.5714,0.641,0.2,0.441,Royal Challengers Bengaluru,0
829715,2015,2015-04-12,Arun Jaitley Stadium,Delhi,Delhi Capitals,Rajasthan Royals,Rajasthan Royals,field,0,1,1,0,0.0,0.4,0.0,0.5,-0.4,0.419,0.5429,-0.1238,14,0.4286,0.3684,0.5,-0.1316,Rajasthan Royals,0
829717,2015,2015-04-12,Wankhede Stadium,Mumbai,Mumbai Indians,Punjab Kings,Mumbai Indians,field,1,0,1,0,0.6,0.4,0.6,0.5,0.2,0.5676,0.5234,0.0442,14,0.5,0.6667,0.4286,0.2381,Punjab Kings,0
829719,2015,2015-04-13,M Chinnaswamy Stadium,Bangalore,Royal Challengers Bengaluru,Sunrisers Hyderabad,Sunrisers Hyderabad,field,0,1,1,0,0.4,0.4,0.4,0.4,0.0,0.5,0.5,0.0,4,0.5,0.55,0.0,0.55,Sunrisers Hyderabad,0
829721,2015,2015-04-14,"Narendra Modi Stadium, Ahmedabad",Ahmedabad,Rajasthan Royals,Mumbai Indians,Mumbai Indians,bat,0,0,0,0,0.4,0.4,0.5,0.5,0.0,0.5472,0.5625,-0.0153,14,0.3571,0.625,1.0,-0.375,Rajasthan Royals,1
829725,2015,2015-04-15,Maharashtra Cricket Association Stadium,Pune,Punjab Kings,Delhi Capitals,Punjab Kings,bat,1,1,0,0,0.4,0.0,0.6,0.0,0.4,0.5278,0.4151,0.1127,14,0.6429,0.3333,0.3333,0.0,Delhi Capitals,0
829727,2015,2015-04-16,Dr. Y.S. Rajasekhara Reddy ACA-VDCA Cricket Stadium,Visakhapatnam,Sunrisers Hyderabad,Rajasthan Royals,Rajasthan Royals,field,0,1,0,0,0.6,0.6,0.5,0.5,0.0,0.5152,0.5514,-0.0363,5,0.4,0.5152,0.5514,-0.0363,Rajasthan Royals,0
829729,2015,2015-04-17,Wankhede Stadium,Mumbai,Mumbai Indians,Chennai Super Kings,Mumbai Indians,bat,1,1,1,0,0.2,0.8,0.5,0.6,-0.6,0.5575,0.6121,-0.0545,18,0.5,0.6471,0.375,0.2721,Chennai Super Kings,0
829731,2015,2015-04-18,Dr. Y.S. Rajasekhara Reddy ACA-VDCA Cricket Stadium,Visakhapatnam,Sunrisers Hyderabad,Delhi Capitals,Delhi Capitals,bat,0,0,0,0,0.4,0.2,0.4,0.1,0.2,0.5,0.4206,0.0794,4,1.0,0.0,0.4206,-0.4206,Delhi Capitals,0
829733,2015,2015-04-18,Maharashtra Cricket Association Stadium,Pune,Punjab Kings,Kolkata Knight Riders,Kolkata Knight Riders,field,0,1,0,0,0.4,0.8,0.5,0.9,-0.4,0.5229,0.5094,0.0135,15,0.4,0.25,1.0,-0.75,Kolkata Knight Riders,0
829735,2015,2015-04-19,"Narendra Modi Stadium, Ahmedabad",Ahmedabad,Rajasthan Royals,Chennai Super Kings,Chennai Super Kings,bat,0,0,0,0,0.8,0.8,0.6,0.6,0.0,0.5556,0.6154,-0.0598,15,0.3333,0.6667,0.0,0.6667,Rajasthan Royals,1
829737,2015,2015-04-19,M Chinnaswamy Stadium,Bangalore,Royal Challengers Bengaluru,Mumbai Indians,Royal Challengers Bengaluru,field,1,0,1,0,0.2,0.0,0.3,0.4,0.2,0.4954,0.5526,-0.0572,15,0.4667,0.5366,0.6667,-0.1301,Mumbai Indians,0
829739,2015,2015-04-20,Arun Jaitley Stadium,Delhi,Delhi Capitals,Kolkata Knight Riders,Kolkata Knight Riders,field,0,1,1,0,0.4,0.8,0.2,0.9,-0.4,0.4259,0.514,-0.0881,13,0.4615,0.359,0.75,-0.391,Kolkata Knight Riders,0
829741,2015,2015-04-21,"Narendra Modi Stadium, Ahmedabad",Ahmedabad,Rajasthan Royals,Punjab Kings,Punjab Kings,field,0,1,0,0,1.0,0.2,0.6,0.4,0.8,0.5596,0.5182,0.0415,14,0.6429,0.7,0.5182,0.1818,Punjab Kings,0
829743,2015,2015-04-22,Dr. Y.S. Rajasekhara Reddy ACA-VDCA Cricket Stadium,Visakhapatnam,Sunrisers Hyderabad,Kolkata Knight Riders,Kolkata Knight Riders,field,0,1,0,0,0.2,0.8,0.3,0.9,-0.6,0.4857,0.5185,-0.0328,4,0.25,0.0,0.5185,-0.5185,Sunrisers Hyderabad,1
829745,2015,2015-04-22,M Chinnaswamy Stadium,Bangalore,Royal Challengers Bengaluru,Chennai Super Kings,Royal Challengers Bengaluru,field,1,0,1,0,0.2,0.6,0.3,0.5,-0.4,0.4909,0.6102,-0.1193,16,0.4375,0.5238,0.5,0.0238,Chennai Super Kings,0
829747,2015,2015-04-23,Arun Jaitley Stadium,Delhi,Delhi Capitals,Mumbai Indians,Mumbai Indians,field,0,1,1,0,0.4,0.2,0.2,0.5,0.2,0.422,0.5565,-0.1345,14,0.5,0.35,0.3333,0.0167,Delhi Capitals,1
829749,2015,2015-04-24,"Narendra Modi Stadium, Ahmedabad",Ahmedabad,Rajasthan Royals,Royal Challengers Bengaluru,Royal Challengers Bengaluru,field,0,1,0,0,0.8,0.2,0.6,0.3,0.6,0.5545,0.4865,0.0681,13,0.5385,0.6364,0.4865,0.1499,Royal Challengers Bengaluru,0
829751,2015,2015-04-25,Wankhede Stadium,Mumbai,Mumbai Indians,Sunrisers Hyderabad,Mumbai Indians,bat,1,1,1,0,0.2,0.4,0.4,0.4,-0.2,0.5517,0.5,0.0517,4,0.5,0.6286,0.0,0.6286,Mumbai Indians,1
829753,2015,2015-04-25,MA Chidambaram Stadium,Chennai,Chennai Super Kings,Punjab Kings,Chennai Super Kings,bat,1,1,1,0,0.8,0.4,0.6,0.5,0.4,0.6134,0.5225,0.0909,15,0.5333,0.6905,0.5,0.1905,Chennai Super Kings,1
829757,2015,2015-04-26,Arun Jaitley Stadium,Delhi,Delhi Capitals,Royal Challengers Bengaluru,Royal Challengers Bengaluru,field,0,1,1,0,0.6,0.4,0.3,0.4,0.2,0.4273,0.4911,-0.0638,13,0.3846,0.3659,0.6,-0.2341,Royal Challengers Bengaluru,0
829759,2015,2015-04-27,Punjab Cricket Association IS Bindra Stadium,Chandigarh,Punjab Kings,Sunrisers Hyderabad,Punjab Kings,field,1,0,1,0,0.4,0.4,0.4,0.4,0.0,0.5179,0.4865,0.0314,4,0.5,0.5484,1.0,-0.4516,Sunrisers Hyderabad,0
829765,2015,2015-04-28,MA Chidambaram Stadium,Chennai,Chennai Super Kings,Kolkata Knight Riders,Kolkata Knight Riders,field,0,1,1,0,0.8,0.6,0.7,0.8,0.2,0.6167,0.5138,0.1029,14,0.6429,0.6977,0.3333,0.3643,Chennai Super Kings,1
829723,2015,2015-04-30,Eden Gardens,Kolkata,Kolkata Knight Riders,Chennai Super Kings,Kolkata Knight Riders,field,1,0,1,0,0.4,0.8,0.7,0.8,-0.4,0.5091,0.6198,-0.1107,15,0.3333,0.625,0.5714,0.0536,Kolkata Knight Riders,1
829767,2015,2015-05-01,Arun Jaitley Stadium,Delhi,Delhi Capitals,Punjab Kings,Delhi Capitals,field,1,0,1,0,0.6,0.2,0.3,0.3,0.4,0.4234,0.5133,-0.0899,15,0.4,0.3571,0.6667,-0.3095,Delhi Capitals,1
829769,2015,2015-05-01,Wankhede Stadium,Mumbai,Mumbai Indians,Rajasthan Royals,Rajasthan Royals,field,0,1,1,0,0.4,0.6,0.4,0.5,-0.2,0.5556,0.5495,0.006,15,0.6,0.6389,0.4,0.2389,Mumbai Indians,1
829771,2015,2015-05-02,M Chinnaswamy Stadium,Bangalore,Royal Challengers Bengaluru,Kolkata Knight Riders,Royal Challengers Bengaluru,field,1,0,1,0,0.4,0.6,0.4,0.7,-0.2,0.4956,0.5135,-0.0179,15,0.4667,0.5116,0.5,0.0116,Royal Challengers Bengaluru,1
829773,2015,2015-05-02,Rajiv Gandhi International Stadium,Hyderabad,Sunrisers Hyderabad,Chennai Super Kings,Chennai Super Kings,field,0,1,1,0,0.4,0.6,0.5,0.7,-0.2,0.5,0.6148,-0.1148,5,0.2,0.6667,1.0,-0.3333,Sunrisers Hyderabad,1
829775,2015,2015-05-03,Punjab Cricket Association IS Bindra Stadium,Chandigarh,Punjab Kings,Mumbai Indians,Mumbai Indians,bat,0,0,1,0,0.2,0.6,0.3,0.4,-0.4,0.5088,0.5593,-0.0506,15,0.5333,0.5312,0.4,0.1312,Mumbai Indians,0
829777,2015,2015-05-03,Brabourne Stadium,Mumbai,Rajasthan Royals,Delhi Capitals,Delhi Capitals,field,0,1,0,0,0.4,0.6,0.5,0.4,-0.2,0.5446,0.4286,0.1161,15,0.6,0.0,0.0,0.0,Rajasthan Royals,1
829779,2015,2015-05-04,MA Chidambaram Stadium,Chennai,Chennai Super Kings,Royal Challengers Bengaluru,Chennai Super Kings,bat,1,1,1,0,0.6,0.6,0.6,0.4,0.0,0.6098,0.5,0.1098,17,0.5882,0.7045,0.2857,0.4188,Chennai Super Kings,1
829781,2015,2015-05-04,Eden Gardens,Kolkata,Kolkata Knight Riders,Sunrisers Hyderabad,Sunrisers Hyderabad,field,0,1,1,0,0.4,0.6,0.6,0.5,-0.2,0.5089,0.5128,-0.0039,5,0.6,0.6341,0.0,0.6341,Kolkata Knight Riders,1
829783,2015,2015-05-05,Wankhede Stadium,Mumbai,Mumbai Indians,Delhi Capitals,Delhi Capitals,bat,0,0,1,0,0.8,0.4,0.4,0.4,0.4,0.563,0.4248,0.1382,15,0.4667,0.6486,0.2,0.4486,Mumbai Indians,1
829785,2015,2015-05-06,M Chinnaswamy Stadium,Bangalore,Royal Challengers Bengaluru,Punjab Kings,Punjab Kings,field,0,1,1,0,0.6,0.2,0.4,0.2,0.4,0.4957,0.5043,-0.0087,14,0.3571,0.5227,0.5714,-0.0487,Royal Challengers Bengaluru,1
829761,2015,2015-05-07,Eden Gardens,Kolkata,Kolkata Knight Riders,Delhi Capitals,Kolkata Knight Riders,bat,1,1,1,0,0.4,0.4,0.6,0.4,0.0,0.5133,0.4211,0.0922,14,0.5714,0.6429,0.25,0.3929,Kolkata Knight Riders,1
829787,2015,2015-05-07,Brabourne Stadium,Mumbai,Rajasthan Royals,Sunrisers Hyderabad,Rajasthan Royals,field,1,0,0,0,0.4,0.6,0.6,0.4,-0.2,0.5487,0.5,0.0487,6,0.6667,0.5,0.5,0.0,Sunrisers Hyderabad,0
829789,2015,2015-05-08,MA Chidambaram Stadium,Chennai,Chennai Super Kings,Mumbai Indians,Chennai Super Kings,bat,1,1,1,0,0.6,0.8,0.7,0.5,-0.2,0.6129,0.5667,0.0462,19,0.5263,0.7111,0.4,0.3111,Mumbai Indians,0
829791,2015,2015-05-09,Eden Gardens,Kolkata,Kolkata Knight Riders,Punjab Kings,Punjab Kings,bat,0,0,1,0,0.6,0.0,0.6,0.2,0.6,0.5175,0.5,0.0175,16,0.625,0.6512,0.3333,0.3178,Kolkata Knight Riders,1
829793,2015,2015-05-09,Shaheed Veer Narayan Singh International Stadium,Raipur,Delhi Capitals,Sunrisers Hyderabad,Sunrisers Hyderabad,bat,0,0,0,0,0.2,0.6,0.4,0.5,-0.4,0.4174,0.5122,-0.0948,5,0.2,1.0,0.5122,0.4878,Sunrisers Hyderabad,0
829795,2015,2015-05-10,Wankhede Stadium,Mumbai,Mumbai Indians,Royal Challengers Bengaluru,Royal Challengers Bengaluru,bat,0,0,1,0,1.0,0.8,0.6,0.5,0.2,0.5702,0.5,0.0702,16,0.5625,0.6579,0.4,0.2579,Royal Challengers Bengaluru,0
829797,2015,2015-05-10,MA Chidambaram Stadium,Chennai,Chennai Super Kings,Rajasthan Royals,Chennai Super Kings,bat,1,1,1,0,0.4,0.2,0.6,0.6,0.2,0.608,0.5439,0.0641,16,0.625,0.6957,0.2,0.4957,Chennai Super Kings,1
829799,2015,2015-05-11,Rajiv Gandhi International Stadium,Hyderabad,Sunrisers Hyderabad,Punjab Kings,Sunrisers Hyderabad,bat,1,1,1,0,0.8,0.0,0.6,0.2,0.8,0.5238,0.4957,0.0281,5,0.6,0.6923,0.8,-0.1077,Sunrisers Hyderabad,1
829801,2015,2015-05-12,Shaheed Veer Narayan Singh International Stadium,Raipur,Delhi Capitals,Chennai Super Kings,Chennai Super Kings,bat,0,0,0,0,0.2,0.4,0.4,0.6,-0.2,0.4138,0.6111,-0.1973,15,0.2667,0.6667,0.6111,0.0556,Delhi Capitals,1
829803,2015,2015-05-13,Punjab Cricket Association IS Bindra Stadium,Chandigarh,Punjab Kings,Royal Challengers Bengaluru,Royal Challengers Bengaluru,field,0,1,1,0,0.0,0.8,0.1,0.6,-0.8,0.4915,0.5043,-0.0127,15,0.6,0.5152,0.5,0.0152,Punjab Kings,1
829805,2015,2015-05-14,Wankhede Stadium,Mumbai,Mumbai Indians,Kolkata Knight Riders,Kolkata Knight Riders,field,0,1,1,0,0.8,0.8,0.6,0.6,0.0,0.5656,0.5217,0.0438,15,0.6667,0.641,0.25,0.391,Mumbai Indians,1
829807,2015,2015-05-15,Rajiv Gandhi International Stadium,Hyderabad,Sunrisers Hyderabad,Royal Challengers Bengaluru,Sunrisers Hyderabad,bat,1,1,1,0,0.8,0.6,0.6,0.5,0.2,0.5349,0.5,0.0349,5,0.6,0.7143,0.2,0.5143,Royal Challengers Bengaluru,0
829809,2015,2015-05-16,Punjab Cricket Association IS Bindra Stadium,Chandigarh,Punjab Kings,Chennai Super Kings,Punjab Kings,bat,1,1,1,0,0.2,0.4,0.2,0.5,-0.2,0.4958,0.6063,-0.1105,16,0.4375,0.5294,0.6667,-0.1373,Chennai Super Kings,0
829811,2015,2015-05-16,Brabourne Stadium,Mumbai,Rajasthan Royals,Kolkata Knight Riders,Rajasthan Royals,bat,1,1,0,0,0.2,0.6,0.5,0.6,-0.4,0.5391,0.5172,0.0219,14,0.5714,0.3333,0.0,0.3333,Rajasthan Royals,1
829815,2015,2015-05-17,Rajiv Gandhi International Stadium,Hyderabad,Sunrisers Hyderabad,Mumbai Indians,Sunrisers Hyderabad,bat,1,1,1,0,0.6,0.8,0.6,0.7,-0.2,0.5227,0.5691,-0.0464,5,0.4,0.6667,0.75,-0.0833,Mumbai Indians,0
829817,2015,2015-05-19,Wankhede Stadium,Mumbai,Chennai Super Kings,Mumbai Indians,Mumbai Indians,bat,0,0,0,1,0.6,0.8,0.6,0.8,-0.2,0.6094,0.5726,0.0368,20,0.5,0.4444,0.65,-0.2056,Mumbai Indians,0
829819,2015,2015-05-20,Maharashtra Cricket Association Stadium,Pune,Royal Challengers Bengaluru,Rajasthan Royals,Royal Challengers Bengaluru,bat,1,1,0,0,0.6,0.4,0.6,0.5,0.2,0.5042,0.5431,-0.0389,14,0.5,1.0,0.6667,0.3333,Royal Challengers Bengaluru,1
829821,2015,2015-05-22,JSCA International Stadium Complex,Ranchi,Chennai Super Kings,Royal Challengers Bengaluru,Chennai Super Kings,field,1,0,0,0,0.4,0.8,0.5,0.7,-0.4,0.6047,0.5083,0.0963,18,0.6111,0.5,0.5,0.0,Chennai Super Kings,1
829823,2015,2015-05-24,Eden Gardens,Kolkata,Mumbai Indians,Chennai Super Kings,Chennai Super Kings,field,0,1,0,0,0.8,0.6,0.8,0.5,0.2,0.576,0.6077,-0.0317,21,0.5238,0.75,0.5,0.25,Mumbai Indians,1
980901,2016,2016-04-09,Wankhede Stadium,Mumbai,Mumbai Indians,Rising Pune Supergiant,Mumbai Indians,bat,1,1,1,0,0.8,0.5,0.9,0.5,0.3,0.5794,0.5,0.0794,0,0.5,0.6585,0.5,0.1585,Rising Pune Supergiant,0
980903,2016,2016-04-10,Eden Gardens,Kolkata,Kolkata Knight Riders,Delhi Capitals,Kolkata Knight Riders,field,1,0,1,0,0.6,0.2,0.5,0.4,0.4,0.5128,0.4188,0.094,15,0.6,0.6591,0.2,0.4591,Kolkata Knight Riders,1
980905,2016,2016-04-11,Punjab Cricket Association IS Bindra Stadium,Chandigarh,Punjab Kings,Gujarat Lions,Gujarat Lions,field,0,1,1,0,0.2,0.5,0.2,0.5,-0.3,0.4917,0.5,-0.0083,0,0.5,0.5143,0.5,0.0143,Gujarat Lions,0
980907,2016,2016-04-12,M Chinnaswamy Stadium,Bangalore,Royal Challengers Bengaluru,Sunrisers Hyderabad,Sunrisers Hyderabad,field,0,1,1,0,0.6,0.6,0.7,0.6,0.0,0.5041,0.5111,-0.007,6,0.5,0.5333,0.3333,0.2,Royal Challengers Bengaluru,1
980909,2016,2016-04-13,Eden Gardens,Kolkata,Kolkata Knight Riders,Mumbai Indians,Mumbai Indians,field,0,1,1,0,0.6,0.8,0.5,0.8,-0.2,0.5169,0.5748,-0.0579,16,0.3125,0.6667,0.7778,-0.1111,Mumbai Indians,0
980911,2016,2016-04-14,Saurashtra Cricket Association Stadium,Rajkot,Gujarat Lions,Rising Pune Supergiant,Rising Pune Supergiant,bat,0,0,0,0,1.0,1.0,1.0,1.0,0.0,1.0,1.0,0.0,0,0.5,1.0,1.0,0.0,Gujarat Lions,1
980913,2016,2016-04-15,Arun Jaitley Stadium,Delhi,Delhi Capitals,Punjab Kings,Delhi Capitals,field,1,0,1,0,0.2,0.2,0.3,0.1,0.0,0.4153,0.4876,-0.0723,16,0.4375,0.3721,0.5714,-0.1993,Delhi Capitals,1
980915,2016,2016-04-16,Rajiv Gandhi International Stadium,Hyderabad,Sunrisers Hyderabad,Kolkata Knight Riders,Sunrisers Hyderabad,bat,1,1,1,0,0.4,0.4,0.5,0.5,0.0,0.5,0.5126,-0.0126,6,0.3333,0.625,0.75,-0.125,Kolkata Knight Riders,0
980917,2016,2016-04-16,Wankhede Stadium,Mumbai,Mumbai Indians,Gujarat Lions,Gujarat Lions,field,0,1,1,0,0.8,1.0,0.8,1.0,-0.2,0.5781,1.0,-0.4219,0,0.5,0.6429,1.0,-0.3571,Gujarat Lions,0
980919,2016,2016-04-17,Punjab Cricket Association IS Bindra Stadium,Chandigarh,Punjab Kings,Rising Pune Supergiant,Rising Pune Supergiant,bat,0,0,1,0,0.2,0.5,0.1,0.5,-0.3,0.4836,0.5,-0.0164,0,0.5,0.5,0.5,0.0,Punjab Kings,1
980921,2016,2016-04-17,M Chinnaswamy Stadium,Bangalore,Royal Challengers Bengaluru,Delhi Capitals,Delhi Capitals,field,0,1,1,0,0.6,0.4,0.7,0.4,0.2,0.5082,0.4202,0.088,14,0.6429,0.5435,0.4,0.1435,Delhi Capitals,0
980923,2016,2016-04-18,Rajiv Gandhi International Stadium,Hyderabad,Sunrisers Hyderabad,Mumbai Indians,Sunrisers Hyderabad,field,1,0,1,0,0.2,0.6,0.5,0.7,-0.4,0.4894,0.5736,-0.0843,6,0.3333,0.5882,0.8,-0.2118,Sunrisers Hyderabad,1
980925,2016,2016-04-19,Punjab Cricket Association IS Bindra Stadium,Chandigarh,Punjab Kings,Kolkata Knight Riders,Kolkata Knight Riders,field,0,1,1,0,0.4,0.4,0.2,0.6,0.0,0.4878,0.5167,-0.0289,17,0.3529,0.5135,0.5,0.0135,Kolkata Knight Riders,0
980927,2016,2016-04-20,Wankhede Stadium,Mumbai,Mumbai Indians,Royal Challengers Bengaluru,Mumbai Indians,field,1,0,1,0,0.4,0.6,0.6,0.6,-0.2,0.5692,0.5041,0.0652,17,0.5294,0.6279,0.5,0.1279,Mumbai Indians,1
980929,2016,2016-04-21,Saurashtra Cricket Association Stadium,Rajkot,Gujarat Lions,Sunrisers Hyderabad,Sunrisers Hyderabad,field,0,1,0,0,1.0,0.2,1.0,0.5,0.8,1.0,0.5,0.5,0,0.5,1.0,0.5,0.5,Sunrisers Hyderabad,0
980931,2016,2016-04-22,Maharashtra Cricket Association Stadium,Pune,Rising Pune Supergiant,Royal Challengers Bengaluru,Rising Pune Supergiant,field,1,0,0,0,0.3333,0.4,0.3333,0.5,-0.0667,0.3333,0.5,-0.1667,0,0.5,0.3333,1.0,-0.6667,Royal Challengers Bengaluru,0
980933,2016,2016-04-23,Arun Jaitley Stadium,Delhi,Delhi Capitals,Mumbai Indians,Mumbai Indians,field,0,1,1,0,0.6,0.4,0.4,0.6,0.2,0.425,0.5725,-0.1475,16,0.5,0.3864,0.2857,0.1006,Delhi Capitals,1
980935,2016,2016-04-23,Rajiv Gandhi International Stadium,Hyderabad,Sunrisers Hyderabad,Punjab Kings,Sunrisers Hyderabad,field,1,0,1,0,0.4,0.2,0.5,0.2,0.2,0.5102,0.4839,0.0263,6,0.6667,0.6111,0.6667,-0.0556,Sunrisers Hyderabad,1
980937,2016,2016-04-24,Saurashtra Cricket Association Stadium,Rajkot,Gujarat Lions,Royal Challengers Bengaluru,Royal Challengers Bengaluru,bat,0,0,0,0,0.75,0.4,0.75,0.6,0.35,0.75,0.504,0.246,0,0.5,0.5,0.504,-0.004,Gujarat Lions,1
980939,2016,2016-04-24,Maharashtra Cricket Association Stadium,Pune,Rising Pune Supergiant,Kolkata Knight Riders,Kolkata Knight Riders,field,0,1,0,0,0.25,0.6,0.25,0.6,-0.35,0.25,0.5207,-0.2707,0,0.5,0.0,1.0,-1.0,Kolkata Knight Riders,0
980941,2016,2016-04-25,Punjab Cricket Association IS Bindra Stadium,Chandigarh,Punjab Kings,Mumbai Indians,Punjab Kings,field,1,0,1,0,0.2,0.4,0.2,0.6,-0.2,0.48,0.5682,-0.0882,16,0.5,0.5,0.5,0.0,Mumbai Indians,0
980943,2016,2016-04-26,Rajiv Gandhi International Stadium,Hyderabad,Sunrisers Hyderabad,Rising Pune Supergiant,Rising Pune Supergiant,field,0,1,1,0,0.6,0.2,0.6,0.2,0.4,0.52,0.2,0.32,0,0.5,0.6316,0.2,0.4316,Rising Pune Supergiant,0
980945,2016,2016-04-27,Arun Jaitley Stadium,Delhi,Delhi Capitals,Gujarat Lions,Delhi Capitals,field,1,0,1,0,0.8,0.8,0.5,0.8,0.0,0.4298,0.8,-0.3702,0,0.5,0.4,0.8,-0.4,Gujarat Lions,0
980947,2016,2016-04-28,Wankhede Stadium,Mumbai,Mumbai Indians,Kolkata Knight Riders,Mumbai Indians,field,1,0,1,0,0.4,0.8,0.6,0.7,-0.4,0.5714,0.5246,0.0468,17,0.7059,0.6364,0.2,0.4364,Mumbai Indians,1
980949,2016,2016-04-29,Maharashtra Cricket Association Stadium,Pune,Rising Pune Supergiant,Gujarat Lions,Gujarat Lions,field,0,1,0,0,0.2,0.8,0.3333,0.8333,-0.6,0.3333,0.8333,-0.5,1,0.0,0.0,0.8333,-0.8333,Gujarat Lions,0
980951,2016,2016-04-30,Arun Jaitley Stadium,Delhi,Delhi Capitals,Kolkata Knight Riders,Kolkata Knight Riders,field,0,1,1,0,0.6,0.6,0.4,0.6,0.0,0.4262,0.5203,-0.0941,16,0.375,0.3913,0.8,-0.4087,Delhi Capitals,1
980953,2016,2016-04-30,Rajiv Gandhi International Stadium,Hyderabad,Sunrisers Hyderabad,Royal Challengers Bengaluru,Royal Challengers Bengaluru,field,0,1,1,0,0.6,0.4,0.5,0.5,0.2,0.5098,0.5,0.0098,7,0.4286,0.6,0.3333,0.2667,Sunrisers Hyderabad,1
980955,2016,2016-05-01,Saurashtra Cricket Association Stadium,Rajkot,Gujarat Lions,Punjab Kings,Gujarat Lions,field,1,0,0,0,0.8,0.2,0.8571,0.2,0.6,0.8571,0.4762,0.381,1,1.0,0.6667,0.4762,0.1905,Punjab Kings,0
980957,2016,2016-05-01,Maharashtra Cricket Association Stadium,Pune,Rising Pune Supergiant,Mumbai Indians,Mumbai Indians,field,0,1,0,0,0.2,0.6,0.2857,0.6,-0.4,0.2857,0.5746,-0.2889,1,1.0,0.0,1.0,-1.0,Mumbai Indians,0
980959,2016,2016-05-02,M Chinnaswamy Stadium,Bangalore,Royal Challengers Bengaluru,Kolkata Knight Riders,Kolkata Knight Riders,field,0,1,1,0,0.2,0.6,0.4,0.5,-0.4,0.4961,0.5161,-0.0201,16,0.5,0.5319,0.4286,0.1033,Kolkata Knight Riders,0
980961,2016,2016-05-03,Saurashtra Cricket Association Stadium,Rajkot,Gujarat Lions,Delhi Capitals,Delhi Capitals,field,0,1,0,0,0.6,0.8,0.75,0.5,-0.2,0.75,0.4309,0.3191,1,1.0,0.5,0.4309,0.0691,Delhi Capitals,0
980963,2016,2016-05-04,Eden Gardens,Kolkata,Kolkata Knight Riders,Punjab Kings,Punjab Kings,field,0,1,1,0,0.6,0.4,0.5,0.3,0.2,0.52,0.4803,0.0397,18,0.6667,0.6522,0.2857,0.3665,Kolkata Knight Riders,1
980965,2016,2016-05-05,Arun Jaitley Stadium,Delhi,Delhi Capitals,Rising Pune Supergiant,Rising Pune Supergiant,field,0,1,1,0,0.8,0.2,0.6,0.25,0.6,0.4355,0.25,0.1855,0,0.5,0.4043,0.25,0.1543,Rising Pune Supergiant,0
980967,2016,2016-05-06,Rajiv Gandhi International Stadium,Hyderabad,Sunrisers Hyderabad,Gujarat Lions,Sunrisers Hyderabad,field,1,0,1,0,0.8,0.6,0.5,0.6667,0.2,0.5192,0.6667,-0.1474,1,1.0,0.619,0.6667,-0.0476,Sunrisers Hyderabad,1
980969,2016,2016-05-07,M Chinnaswamy Stadium,Bangalore,Royal Challengers Bengaluru,Rising Pune Supergiant,Royal Challengers Bengaluru,field,1,0,1,0,0.2,0.4,0.4,0.3333,-0.2,0.4922,0.3333,0.1589,1,1.0,0.5208,0.3333,0.1875,Royal Challengers Bengaluru,1
980971,2016,2016-05-07,Punjab Cricket Association IS Bindra Stadium,Chandigarh,Punjab Kings,Delhi Capitals,Delhi Capitals,field,0,1,1,0,0.2,0.6,0.3,0.6,-0.4,0.4766,0.432,0.0446,17,0.5294,0.4872,0.3333,0.1538,Punjab Kings,1
980973,2016,2016-05-08,Dr. Y.S. Rajasekhara Reddy ACA-VDCA Cricket Stadium,Visakhapatnam,Mumbai Indians,Sunrisers Hyderabad,Mumbai Indians,field,1,0,0,0,0.8,0.8,0.6,0.5,0.0,0.5778,0.5283,0.0495,7,0.5714,1.0,0.3333,0.6667,Sunrisers Hyderabad,0
980975,2016,2016-05-08,Eden Gardens,Kolkata,Kolkata Knight Riders,Gujarat Lions,Gujarat Lions,field,0,1,1,0,0.6,0.4,0.6,0.6,0.2,0.5238,0.6,-0.0762,0,0.5,0.6596,0.6,0.0596,Gujarat Lions,0
980977,2016,2016-05-09,Punjab Cricket Association IS Bindra Stadium,Chandigarh,Punjab Kings,Royal Challengers Bengaluru,Punjab Kings,field,1,0,1,0,0.4,0.4,0.3,0.4,0.0,0.4806,0.4961,-0.0155,16,0.625,0.5,0.4,0.1,Royal Challengers Bengaluru,0
980979,2016,2016-05-10,Dr. Y.S. Rajasekhara Reddy ACA-VDCA Cricket Stadium,Visakhapatnam,Rising Pune Supergiant,Sunrisers Hyderabad,Sunrisers Hyderabad,bat,0,0,0,0,0.4,0.8,0.3,0.6,-0.4,0.3,0.537,-0.237,1,1.0,0.3,0.5,-0.2,Sunrisers Hyderabad,0
980981,2016,2016-05-11,M Chinnaswamy Stadium,Bangalore,Royal Challengers Bengaluru,Mumbai Indians,Mumbai Indians,field,0,1,1,0,0.4,0.6,0.4,0.5,-0.2,0.5,0.5735,-0.0735,18,0.4444,0.5306,0.7143,-0.1837,Mumbai Indians,0
980983,2016,2016-05-12,Rajiv Gandhi International Stadium,Hyderabad,Sunrisers Hyderabad,Delhi Capitals,Delhi Capitals,field,0,1,1,0,0.8,0.4,0.7,0.6,0.4,0.5455,0.4286,0.1169,6,0.8333,0.6364,0.75,-0.1136,Delhi Capitals,0
980985,2016,2016-05-13,Dr. Y.S. Rajasekhara Reddy ACA-VDCA Cricket Stadium,Visakhapatnam,Mumbai Indians,Punjab Kings,Mumbai Indians,bat,1,1,0,0,0.8,0.4,0.6,0.3,0.4,0.5766,0.4769,0.0997,17,0.5294,0.5,0.4769,0.0231,Punjab Kings,0
980987,2016,2016-05-14,M Chinnaswamy Stadium,Bangalore,Royal Challengers Bengaluru,Gujarat Lions,Gujarat Lions,field,0,1,1,0,0.4,0.4,0.4,0.6,0.0,0.4962,0.6364,-0.1402,1,0.0,0.52,0.6364,-0.1164,Royal Challengers Bengaluru,1
980989,2016,2016-05-14,Eden Gardens,Kolkata,Kolkata Knight Riders,Rising Pune Supergiant,Rising Pune Supergiant,bat,0,0,1,0,0.4,0.2,0.6,0.2,0.2,0.5197,0.2727,0.247,1,1.0,0.6458,0.2727,0.3731,Kolkata Knight Riders,1
980991,2016,2016-05-15,Punjab Cricket Association IS Bindra Stadium,Chandigarh,Punjab Kings,Sunrisers Hyderabad,Punjab Kings,bat,1,1,1,0,0.6,0.8,0.4,0.7,-0.2,0.4809,0.5357,-0.0548,7,0.2857,0.4878,1.0,-0.5122,Sunrisers Hyderabad,0
980993,2016,2016-05-15,Dr. Y.S. Rajasekhara Reddy ACA-VDCA Cricket Stadium,Visakhapatnam,Mumbai Indians,Delhi Capitals,Delhi Capitals,field,0,1,0,0,0.6,0.6,0.5,0.6,0.0,0.5725,0.4331,0.1394,17,0.4706,0.3333,1.0,-0.6667,Mumbai Indians,1
980995,2016,2016-05-16,Eden Gardens,Kolkata,Kolkata Knight Riders,Royal Challengers Bengaluru,Royal Challengers Bengaluru,field,0,1,1,0,0.6,0.6,0.6,0.4,0.0,0.5234,0.5,0.0234,17,0.5294,0.6531,0.3333,0.3197,Royal Challengers Bengaluru,0
980997,2016,2016-05-17,Dr. Y.S. Rajasekhara Reddy ACA-VDCA Cricket Stadium,Visakhapatnam,Rising Pune Supergiant,Delhi Capitals,Rising Pune Supergiant,field,1,0,0,0,0.2,0.4,0.2,0.6,-0.2,0.25,0.4297,-0.1797,1,1.0,0.0,0.5,-0.5,Rising Pune Supergiant,1
980999,2016,2016-05-18,M Chinnaswamy Stadium,Bangalore,Royal Challengers Bengaluru,Punjab Kings,Punjab Kings,field,0,1,1,0,0.8,0.4,0.5,0.4,0.4,0.5038,0.4773,0.0265,17,0.4118,0.5294,0.5,0.0294,Royal Challengers Bengaluru,1
981001,2016,2016-05-19,Green Park,Kanpur,Gujarat Lions,Kolkata Knight Riders,Gujarat Lions,field,1,0,0,0,0.2,0.6,0.5,0.6,-0.4,0.5833,0.5194,0.064,1,1.0,0.5833,0.5194,0.064,Gujarat Lions,1
981003,2016,2016-05-20,Shaheed Veer Narayan Singh International Stadium,Raipur,Delhi Capitals,Sunrisers Hyderabad,Delhi Capitals,field,1,0,0,0,0.2,0.8,0.5,0.8,-0.6,0.4264,0.5439,-0.1175,7,0.2857,0.75,1.0,-0.25,Delhi Capitals,1
981005,2016,2016-05-21,Dr. Y.S. Rajasekhara Reddy ACA-VDCA Cricket Stadium,Visakhapatnam,Rising Pune Supergiant,Punjab Kings,Punjab Kings,bat,0,0,0,0,0.4,0.4,0.3,0.3,0.0,0.3077,0.4737,-0.166,1,0.0,0.5,1.0,-0.5,Rising Pune Supergiant,1
981007,2016,2016-05-21,Green Park,Kanpur,Gujarat Lions,Mumbai Indians,Gujarat Lions,field,1,0,0,0,0.4,0.6,0.5,0.6,-0.2,0.6154,0.5755,0.0398,1,1.0,1.0,0.5755,0.4245,Gujarat Lions,1
981009,2016,2016-05-22,Eden Gardens,Kolkata,Kolkata Knight Riders,Sunrisers Hyderabad,Sunrisers Hyderabad,field,0,1,1,0,0.4,0.6,0.5,0.7,-0.2,0.5154,0.5345,-0.0191,7,0.7143,0.64,0.0,0.64,Kolkata Knight Riders,1
981011,2016,2016-05-22,Shaheed Veer Narayan Singh International Stadium,Raipur,Delhi Capitals,Royal Challengers Bengaluru,Royal Challengers Bengaluru,field,0,1,0,0,0.4,0.8,0.5,0.6,-0.4,0.4308,0.5075,-0.0767,15,0.4,0.8,0.5075,0.2925,Royal Challengers Bengaluru,0
981013,2016,2016-05-24,M Chinnaswamy Stadium,Bangalore,Gujarat Lions,Royal Challengers Bengaluru,Royal Challengers Bengaluru,field,0,1,0,1,0.6,0.8,0.6,0.6,-0.2,0.6429,0.5111,0.1317,2,0.5,0.0,0.5385,-0.5385,Royal Challengers Bengaluru,0
981015,2016,2016-05-25,Arun Jaitley Stadium,Delhi,Sunrisers Hyderabad,Kolkata Knight Riders,Kolkata Knight Riders,field,0,1,0,0,0.4,0.4,0.6,0.5,0.0,0.5254,0.5191,0.0063,8,0.25,0.6667,0.6667,0.0,Sunrisers Hyderabad,1
981017,2016,2016-05-27,Arun Jaitley Stadium,Delhi,Gujarat Lions,Sunrisers Hyderabad,Sunrisers Hyderabad,field,0,1,0,0,0.6,0.4,0.5,0.6,0.2,0.6,0.5333,0.0667,2,0.0,1.0,0.75,0.25,Sunrisers Hyderabad,0
981019,2016,2016-05-29,M Chinnaswamy Stadium,Bangalore,Royal Challengers Bengaluru,Sunrisers Hyderabad,Sunrisers Hyderabad,bat,0,0,1,0,1.0,0.6,0.7,0.7,0.4,0.5147,0.541,-0.0263,8,0.5,0.5472,0.25,0.2972,Sunrisers Hyderabad,0
1082591,2017,2017-04-05,Rajiv Gandhi International Stadium,Hyderabad,Sunrisers Hyderabad,Royal Challengers Bengaluru,Royal Challengers Bengaluru,field,0,1,1,0,0.6,0.8,0.7,0.7,-0.2,0.5484,0.5109,0.0374,9,0.5556,0.6087,0.2857,0.323,Sunrisers Hyderabad,1
1082592,2017,2017-04-06,Maharashtra Cricket Association Stadium,Pune,Rising Pune Supergiant,Mumbai Indians,Rising Pune Supergiant,field,1,0,0,0,0.4,0.4,0.4,0.6,0.0,0.3571,0.5714,-0.2143,2,0.5,0.0,1.0,-1.0,Rising Pune Supergiant,1
1082593,2017,2017-04-07,Saurashtra Cricket Association Stadium,Rajkot,Gujarat Lions,Kolkata Knight Riders,Kolkata Knight Riders,field,0,1,0,0,0.4,0.4,0.4,0.4,0.0,0.5625,0.5152,0.0473,2,1.0,0.4,0.5152,-0.1152,Kolkata Knight Riders,0
1082594,2017,2017-04-08,Holkar Cricket Stadium,Indore,Punjab Kings,Rising Pune Supergiant,Punjab Kings,field,1,0,0,0,0.2,0.6,0.3,0.5,-0.4,0.4701,0.4,0.0701,2,0.5,1.0,0.4,0.6,Punjab Kings,1
1082595,2017,2017-04-08,M Chinnaswamy Stadium,Bengaluru,Royal Challengers Bengaluru,Delhi Capitals,Royal Challengers Bengaluru,bat,1,1,1,0,0.6,0.4,0.7,0.4,0.2,0.5072,0.4275,0.0798,16,0.625,0.537,0.5,0.037,Royal Challengers Bengaluru,1
1082596,2017,2017-04-09,Rajiv Gandhi International Stadium,Hyderabad,Sunrisers Hyderabad,Gujarat Lions,Sunrisers Hyderabad,field,1,0,1,0,0.8,0.4,0.7,0.3,0.4,0.5556,0.5294,0.0261,3,1.0,0.625,0.0,0.625,Sunrisers Hyderabad,1
1082597,2017,2017-04-09,Wankhede Stadium,Mumbai,Mumbai Indians,Kolkata Knight Riders,Mumbai Indians,field,1,0,1,0,0.4,0.4,0.5,0.5,0.0,0.5674,0.5188,0.0486,18,0.7222,0.6444,0.1667,0.4778,Mumbai Indians,1
1082598,2017,2017-04-10,Holkar Cricket Stadium,Indore,Punjab Kings,Royal Challengers Bengaluru,Royal Challengers Bengaluru,bat,0,0,0,0,0.4,0.6,0.4,0.7,-0.2,0.4741,0.5108,-0.0367,18,0.5556,1.0,0.5108,0.4892,Punjab Kings,1
1082599,2017,2017-04-11,Maharashtra Cricket Association Stadium,Pune,Rising Pune Supergiant,Delhi Capitals,Rising Pune Supergiant,field,1,0,0,0,0.6,0.2,0.4,0.4,0.4,0.375,0.4242,-0.0492,2,1.0,0.2,0.5,-0.3,Delhi Capitals,0
1082600,2017,2017-04-12,Wankhede Stadium,Mumbai,Mumbai Indians,Sunrisers Hyderabad,Mumbai Indians,field,1,0,1,0,0.4,1.0,0.6,0.7,-0.6,0.5704,0.5625,0.0079,8,0.5,0.6522,0.0,0.6522,Mumbai Indians,1
1082601,2017,2017-04-13,Eden Gardens,Kolkata,Kolkata Knight Riders,Punjab Kings,Kolkata Knight Riders,field,1,0,1,0,0.4,0.4,0.5,0.5,0.0,0.5149,0.4779,0.037,19,0.6842,0.6471,0.25,0.3971,Kolkata Knight Riders,1
1082602,2017,2017-04-14,M Chinnaswamy Stadium,Bangalore,Royal Challengers Bengaluru,Mumbai Indians,Mumbai Indians,field,0,1,1,0,0.4,0.6,0.6,0.6,-0.2,0.5071,0.5734,-0.0663,19,0.4211,0.5455,0.75,-0.2045,Mumbai Indians,0
1082603,2017,2017-04-14,Saurashtra Cricket Association Stadium,Rajkot,Gujarat Lions,Rising Pune Supergiant,Gujarat Lions,field,1,0,0,0,0.2,0.6,0.3,0.4,-0.4,0.5,0.3529,0.1471,2,1.0,0.3333,0.0,0.3333,Gujarat Lions,1
1082604,2017,2017-04-15,Eden Gardens,Kolkata,Kolkata Knight Riders,Sunrisers Hyderabad,Sunrisers Hyderabad,field,0,1,1,0,0.6,0.8,0.5,0.6,-0.2,0.5185,0.5538,-0.0353,9,0.6667,0.6538,0.0,0.6538,Kolkata Knight Riders,1
1082605,2017,2017-04-15,Arun Jaitley Stadium,Delhi,Delhi Capitals,Punjab Kings,Delhi Capitals,bat,1,1,1,0,0.4,0.4,0.4,0.4,0.0,0.4286,0.4745,-0.0459,18,0.4444,0.3958,0.5,-0.1042,Delhi Capitals,1
1082606,2017,2017-04-16,Wankhede Stadium,Mumbai,Mumbai Indians,Gujarat Lions,Mumbai Indians,field,1,0,1,0,0.6,0.2,0.6,0.4,0.4,0.5764,0.5263,0.0501,2,0.0,0.6596,1.0,-0.3404,Mumbai Indians,1
1082607,2017,2017-04-16,M Chinnaswamy Stadium,Bangalore,Royal Challengers Bengaluru,Rising Pune Supergiant,Royal Challengers Bengaluru,field,1,0,1,0,0.2,0.4,0.6,0.4,-0.2,0.5035,0.3333,0.1702,2,1.0,0.5357,0.0,0.5357,Rising Pune Supergiant,0
1082608,2017,2017-04-17,Arun Jaitley Stadium,Delhi,Delhi Capitals,Kolkata Knight Riders,Delhi Capitals,bat,1,1,1,0,0.6,0.6,0.4,0.5,0.0,0.4328,0.5221,-0.0892,17,0.4118,0.4082,0.5714,-0.1633,Kolkata Knight Riders,0
1082609,2017,2017-04-17,Rajiv Gandhi International Stadium,Hyderabad,Sunrisers Hyderabad,Punjab Kings,Punjab Kings,field,0,1,1,0,0.6,0.4,0.6,0.4,0.2,0.5455,0.471,0.0744,8,0.75,0.64,0.5714,0.0686,Sunrisers Hyderabad,1
1082610,2017,2017-04-18,Saurashtra Cricket Association Stadium,Rajkot,Gujarat Lions,Royal Challengers Bengaluru,Gujarat Lions,field,1,0,0,0,0.2,0.2,0.4,0.5,0.0,0.5,0.5,0.0,3,0.3333,0.4286,0.0,0.4286,Royal Challengers Bengaluru,0
1082611,2017,2017-04-19,Rajiv Gandhi International Stadium,Hyderabad,Sunrisers Hyderabad,Delhi Capitals,Sunrisers Hyderabad,bat,1,1,1,0,0.6,0.4,0.6,0.4,0.2,0.5522,0.4296,0.1226,8,0.625,0.6538,0.8,-0.1462,Sunrisers Hyderabad,1
1082612,2017,2017-04-20,Holkar Cricket Stadium,Indore,Punjab Kings,Mumbai Indians,Mumbai Indians,field,0,1,0,0,0.4,0.8,0.3,0.6,-0.4,0.4676,0.5793,-0.1117,18,0.5,1.0,0.5793,0.4207,Mumbai Indians,0
1082613,2017,2017-04-21,Eden Gardens,Kolkata,Kolkata Knight Riders,Gujarat Lions,Gujarat Lions,field,0,1,1,0,0.8,0.2,0.6,0.3,0.6,0.5255,0.4762,0.0494,3,0.3333,0.6604,1.0,-0.3396,Gujarat Lions,0
1082614,2017,2017-04-22,Wankhede Stadium,Mumbai,Mumbai Indians,Delhi Capitals,Delhi Capitals,field,0,1,1,0,1.0,0.4,0.7,0.4,0.6,0.5822,0.4265,0.1557,18,0.5,0.6667,0.1667,0.5,Mumbai Indians,1
1082615,2017,2017-04-22,Maharashtra Cricket Association Stadium,Pune,Rising Pune Supergiant,Sunrisers Hyderabad,Rising Pune Supergiant,field,1,0,0,0,0.4,0.6,0.4,0.7,-0.2,0.3684,0.5588,-0.1904,2,0.5,0.1667,1.0,-0.8333,Rising Pune Supergiant,1
1082616,2017,2017-04-23,Saurashtra Cricket Association Stadium,Rajkot,Gujarat Lions,Punjab Kings,Gujarat Lions,field,1,0,0,0,0.4,0.2,0.4,0.3,0.2,0.5,0.4643,0.0357,2,0.5,0.375,1.0,-0.625,Punjab Kings,0
1082617,2017,2017-04-23,Eden Gardens,Kolkata,Kolkata Knight Riders,Royal Challengers Bengaluru,Royal Challengers Bengaluru,field,0,1,1,0,0.6,0.4,0.5,0.5,0.2,0.5217,0.5035,0.0182,18,0.5,0.6481,0.4286,0.2196,Kolkata Knight Riders,1
1082618,2017,2017-04-24,Wankhede Stadium,Mumbai,Mumbai Indians,Rising Pune Supergiant,Mumbai Indians,field,1,0,1,0,1.0,0.4,0.7,0.5,0.6,0.585,0.4,0.185,3,0.3333,0.6735,1.0,-0.3265,Rising Pune Supergiant,0
1082620,2017,2017-04-26,Maharashtra Cricket Association Stadium,Pune,Rising Pune Supergiant,Kolkata Knight Riders,Kolkata Knight Riders,field,0,1,0,0,0.6,0.8,0.6,0.6,-0.2,0.4286,0.5252,-0.0966,2,0.0,0.2857,1.0,-0.7143,Kolkata Knight Riders,0
1082621,2017,2017-04-27,M Chinnaswamy Stadium,Bangalore,Royal Challengers Bengaluru,Gujarat Lions,Gujarat Lions,field,0,1,1,0,0.2,0.4,0.4,0.3,-0.2,0.5,0.4783,0.0217,4,0.75,0.5263,0.0,0.5263,Gujarat Lions,0
1082622,2017,2017-04-28,Eden Gardens,Kolkata,Kolkata Knight Riders,Delhi Capitals,Kolkata Knight Riders,field,1,0,1,0,0.8,0.4,0.7,0.3,0.4,0.5286,0.4234,0.1052,18,0.6111,0.6545,0.1667,0.4879,Kolkata Knight Riders,1
1082623,2017,2017-04-28,Punjab Cricket Association IS Bindra Stadium,Chandigarh,Punjab Kings,Sunrisers Hyderabad,Punjab Kings,field,1,0,1,0,0.2,0.4,0.3,0.7,-0.2,0.4681,0.5507,-0.0826,9,0.2222,0.4762,1.0,-0.5238,Sunrisers Hyderabad,0
1082624,2017,2017-04-29,Maharashtra Cricket Association Stadium,Pune,Rising Pune Supergiant,Royal Challengers Bengaluru,Royal Challengers Bengaluru,field,0,1,0,0,0.6,0.2,0.6,0.3,0.4,0.4091,0.4966,-0.0875,3,0.3333,0.25,1.0,-0.75,Rising Pune Supergiant,1
1082625,2017,2017-04-29,Saurashtra Cricket Association Stadium,Rajkot,Gujarat Lions,Mumbai Indians,Gujarat Lions,bat,1,1,0,0,0.4,0.8,0.3,0.7,-0.4,0.5,0.5811,-0.0811,3,0.6667,0.3333,0.5811,-0.2477,Mumbai Indians,0
1082626,2017,2017-04-30,Punjab Cricket Association IS Bindra Stadium,Chandigarh,Punjab Kings,Delhi Capitals,Punjab Kings,field,1,0,1,0,0.2,0.2,0.3,0.3,0.0,0.4648,0.4203,0.0445,19,0.5263,0.4651,0.25,0.2151,Punjab Kings,1
1082627,2017,2017-04-30,Rajiv Gandhi International Stadium,Hyderabad,Sunrisers Hyderabad,Kolkata Knight Riders,Kolkata Knight Riders,field,0,1,1,0,0.6,0.8,0.7,0.7,-0.2,0.5571,0.5319,0.0252,10,0.3,0.6667,0.8,-0.1333,Sunrisers Hyderabad,1
1082628,2017,2017-05-01,Wankhede Stadium,Mumbai,Mumbai Indians,Royal Challengers Bengaluru,Royal Challengers Bengaluru,bat,0,0,1,0,0.8,0.2,0.7,0.2,0.6,0.5839,0.4932,0.0907,20,0.6,0.66,0.4286,0.2314,Mumbai Indians,1
1082629,2017,2017-05-01,Maharashtra Cricket Association Stadium,Pune,Rising Pune Supergiant,Gujarat Lions,Rising Pune Supergiant,field,1,0,0,0,0.8,0.4,0.6,0.3,0.4,0.4348,0.48,-0.0452,3,0.0,0.3333,1.0,-0.6667,Rising Pune Supergiant,1
1082630,2017,2017-05-02,Arun Jaitley Stadium,Delhi,Delhi Capitals,Sunrisers Hyderabad,Delhi Capitals,field,1,0,1,0,0.0,0.8,0.3,0.7,-0.8,0.4173,0.5634,-0.1461,9,0.3333,0.4,0.8,-0.4,Delhi Capitals,1
1082631,2017,2017-05-03,Eden Gardens,Kolkata,Kolkata Knight Riders,Rising Pune Supergiant,Rising Pune Supergiant,field,0,1,1,0,0.6,0.8,0.7,0.6,-0.2,0.5282,0.4583,0.0698,3,1.0,0.6607,0.0,0.6607,Rising Pune Supergiant,0
1082632,2017,2017-05-04,Arun Jaitley Stadium,Delhi,Delhi Capitals,Gujarat Lions,Delhi Capitals,field,1,0,1,0,0.2,0.4,0.3,0.3,-0.2,0.4214,0.4615,-0.0401,2,0.5,0.4118,0.5,-0.0882,Delhi Capitals,1
1082633,2017,2017-05-05,M Chinnaswamy Stadium,Bangalore,Royal Challengers Bengaluru,Punjab Kings,Royal Challengers Bengaluru,field,1,0,1,0,0.2,0.4,0.2,0.4,-0.2,0.4898,0.4685,0.0213,19,0.4211,0.5172,0.4444,0.0728,Punjab Kings,0
1082634,2017,2017-05-06,Rajiv Gandhi International Stadium,Hyderabad,Sunrisers Hyderabad,Rising Pune Supergiant,Sunrisers Hyderabad,field,1,0,1,0,0.6,0.8,0.6,0.6,-0.2,0.5556,0.48,0.0756,3,0.3333,0.6786,1.0,-0.3214,Rising Pune Supergiant,0
1082635,2017,2017-05-06,Arun Jaitley Stadium,Delhi,Delhi Capitals,Mumbai Indians,Delhi Capitals,field,1,0,1,0,0.4,0.8,0.4,0.8,-0.4,0.4255,0.5867,-0.1611,19,0.4737,0.4231,0.25,0.1731,Mumbai Indians,0
1082636,2017,2017-05-07,M Chinnaswamy Stadium,Bangalore,Royal Challengers Bengaluru,Kolkata Knight Riders,Kolkata Knight Riders,field,0,1,1,0,0.0,0.6,0.2,0.6,-0.6,0.4865,0.5245,-0.038,19,0.4737,0.5085,0.5,0.0085,Kolkata Knight Riders,0
1082637,2017,2017-05-07,Punjab Cricket Association IS Bindra Stadium,Chandigarh,Punjab Kings,Gujarat Lions,Gujarat Lions,field,0,1,1,0,0.6,0.2,0.5,0.3,0.4,0.4722,0.4444,0.0278,3,0.6667,0.4773,1.0,-0.5227,Gujarat Lions,0
1082638,2017,2017-05-08,Rajiv Gandhi International Stadium,Hyderabad,Sunrisers Hyderabad,Mumbai Indians,Mumbai Indians,bat,0,0,1,0,0.4,0.8,0.5,0.9,-0.4,0.5479,0.5894,-0.0415,9,0.4444,0.6552,0.6667,-0.0115,Sunrisers Hyderabad,1
1082639,2017,2017-05-09,Punjab Cricket Association IS Bindra Stadium,Chandigarh,Punjab Kings,Kolkata Knight Riders,Kolkata Knight Riders,field,0,1,1,0,0.6,0.6,0.4,0.7,0.0,0.469,0.5278,-0.0588,20,0.3,0.4667,0.6,-0.1333,Punjab Kings,1
1082640,2017,2017-05-10,Green Park,Kanpur,Gujarat Lions,Delhi Capitals,Delhi Capitals,field,0,1,0,0,0.4,0.4,0.4,0.4,0.0,0.4643,0.4225,0.0418,3,0.3333,1.0,0.4225,0.5775,Delhi Capitals,0
1082641,2017,2017-05-11,Wankhede Stadium,Mumbai,Mumbai Indians,Punjab Kings,Mumbai Indians,field,1,0,1,0,0.6,0.6,0.8,0.4,0.0,0.5855,0.4726,0.1129,19,0.5263,0.6667,0.5,0.1667,Punjab Kings,0
1082642,2017,2017-05-12,Arun Jaitley Stadium,Delhi,Delhi Capitals,Rising Pune Supergiant,Delhi Capitals,bat,1,1,1,0,0.6,0.8,0.4,0.7,-0.2,0.4266,0.5,-0.0734,3,0.3333,0.4151,1.0,-0.5849,Delhi Capitals,1
1082643,2017,2017-05-13,Green Park,Kanpur,Gujarat Lions,Sunrisers Hyderabad,Sunrisers Hyderabad,field,0,1,0,0,0.2,0.6,0.3,0.5,-0.4,0.4483,0.5541,-0.1058,4,0.0,0.6667,0.5541,0.1126,Sunrisers Hyderabad,0
1082644,2017,2017-05-13,Eden Gardens,Kolkata,Kolkata Knight Riders,Mumbai Indians,Kolkata Knight Riders,field,1,0,1,0,0.4,0.6,0.6,0.7,-0.2,0.5241,0.5817,-0.0576,19,0.2632,0.6491,0.8,-0.1509,Mumbai Indians,0
1082645,2017,2017-05-14,Maharashtra Cricket Association Stadium,Pune,Rising Pune Supergiant,Punjab Kings,Rising Pune Supergiant,field,1,0,0,0,0.8,0.8,0.7,0.5,0.0,0.4815,0.4762,0.0053,3,0.3333,0.4,0.2,0.2,Rising Pune Supergiant,1
1082646,2017,2017-05-14,Arun Jaitley Stadium,Delhi,Delhi Capitals,Royal Challengers Bengaluru,Royal Challengers Bengaluru,bat,0,0,1,0,0.8,0.0,0.4,0.1,0.8,0.4306,0.4832,-0.0527,17,0.3529,0.4259,0.6667,-0.2407,Royal Challengers Bengaluru,0
1082647,2017,2017-05-16,Wankhede Stadium,Mumbai,Mumbai Indians,Rising Pune Supergiant,Mumbai Indians,field,1,0,1,0,0.6,0.8,0.7,0.8,-0.2,0.5844,0.5,0.0844,4,0.25,0.6538,1.0,-0.3462,Rising Pune Supergiant,0
1082648,2017,2017-05-17,M Chinnaswamy Stadium,Bangalore,Sunrisers Hyderabad,Kolkata Knight Riders,Kolkata Knight Riders,field,0,1,0,0,0.6,0.2,0.6,0.5,0.4,0.56,0.5205,0.0395,11,0.3636,0.4,0.5556,-0.1556,Kolkata Knight Riders,0
1082649,2017,2017-05-19,M Chinnaswamy Stadium,Bangalore,Mumbai Indians,Kolkata Knight Riders,Mumbai Indians,field,1,0,0,0,0.4,0.4,0.6,0.5,0.0,0.5806,0.5238,0.0568,20,0.75,0.7778,0.6,0.1778,Mumbai Indians,1
1082650,2017,2017-05-21,Rajiv Gandhi International Stadium,Hyderabad,Mumbai Indians,Rising Pune Supergiant,Mumbai Indians,bat,1,1,0,0,0.4,0.8,0.6,0.8,-0.4,0.5833,0.5172,0.0661,5,0.2,0.5714,1.0,-0.4286,Mumbai Indians,1
1136561,2018,2018-04-07,Wankhede Stadium,Mumbai,Mumbai Indians,Chennai Super Kings,Chennai Super Kings,field,0,1,1,0,0.6,0.4,0.6,0.4,0.2,0.586,0.6031,-0.0171,22,0.5455,0.6415,0.4,0.2415,Chennai Super Kings,0
1136562,2018,2018-04-08,Punjab Cricket Association IS Bindra Stadium,Chandigarh,Delhi Capitals,Punjab Kings,Punjab Kings,field,0,1,0,1,0.6,0.6,0.4,0.5,0.0,0.4276,0.473,-0.0454,20,0.45,0.2,0.4783,-0.2783,Punjab Kings,0
1136563,2018,2018-04-08,Eden Gardens,Kolkata,Royal Challengers Bengaluru,Kolkata Knight Riders,Kolkata Knight Riders,field,0,1,0,1,0.2,0.4,0.2,0.5,-0.2,0.4867,0.5203,-0.0336,20,0.45,0.375,0.6379,-0.2629,Kolkata Knight Riders,0
1136564,2018,2018-04-09,Rajiv Gandhi International Stadium,Hyderabad,Rajasthan Royals,Sunrisers Hyderabad,Sunrisers Hyderabad,field,0,1,0,1,0.4,0.4,0.4,0.6,0.0,0.5385,0.5526,-0.0142,7,0.5714,0.5,0.6667,-0.1667,Sunrisers Hyderabad,0
1136565,2018,2018-04-10,MA Chidambaram Stadium,Chennai,Kolkata Knight Riders,Chennai Super Kings,Chennai Super Kings,field,0,1,0,1,0.4,0.6,0.5,0.5,-0.2,0.5235,0.6061,-0.0826,16,0.375,0.2857,0.7021,-0.4164,Chennai Super Kings,0
1136566,2018,2018-04-11,Sawai Mansingh Stadium,Jaipur,Rajasthan Royals,Delhi Capitals,Delhi Capitals,field,0,1,1,0,0.2,0.4,0.3,0.4,-0.2,0.5339,0.4247,0.1092,16,0.625,0.7273,0.25,0.4773,Rajasthan Royals,1
1136567,2018,2018-04-12,Rajiv Gandhi International Stadium,Hyderabad,Mumbai Indians,Sunrisers Hyderabad,Sunrisers Hyderabad,field,0,1,0,1,0.6,0.6,0.6,0.6,0.0,0.5823,0.5584,0.0238,10,0.5,0.625,0.6774,-0.0524,Sunrisers Hyderabad,0
1136568,2018,2018-04-13,M Chinnaswamy Stadium,Bengaluru,Punjab Kings,Royal Challengers Bengaluru,Royal Challengers Bengaluru,field,0,1,0,1,0.6,0.2,0.6,0.2,0.4,0.4765,0.4834,-0.0069,20,0.6,0.5,0.5,0.0,Royal Challengers Bengaluru,0
1136569,2018,2018-04-14,Wankhede Stadium,Mumbai,Mumbai Indians,Delhi Capitals,Delhi Capitals,field,0,1,1,0,0.4,0.4,0.5,0.4,0.0,0.5786,0.4218,0.1568,20,0.55,0.6296,0.1429,0.4868,Delhi Capitals,0
1136570,2018,2018-04-14,Eden Gardens,Kolkata,Kolkata Knight Riders,Sunrisers Hyderabad,Sunrisers Hyderabad,field,0,1,1,0,0.4,0.8,0.4,0.6,-0.4,0.52,0.5641,-0.0441,12,0.6667,0.6441,0.0,0.6441,Sunrisers Hyderabad,0
1136571,2018,2018-04-15,M Chinnaswamy Stadium,Bengaluru,Rajasthan Royals,Royal Challengers Bengaluru,Royal Challengers Bengaluru,field,0,1,0,1,0.4,0.4,0.3,0.3,0.0,0.5378,0.4868,0.051,15,0.4667,0.6,0.5082,0.0918,Rajasthan Royals,1
1136572,2018,2018-04-15,Punjab Cricket Association IS Bindra Stadium,Chandigarh,Punjab Kings,Chennai Super Kings,Chennai Super Kings,field,0,1,1,0,0.6,0.6,0.6,0.6,0.0,0.4733,0.609,-0.1357,17,0.4118,0.4894,0.75,-0.2606,Punjab Kings,1
1136573,2018,2018-04-16,Eden Gardens,Kolkata,Kolkata Knight Riders,Delhi Capitals,Delhi Capitals,field,0,1,1,0,0.4,0.4,0.3,0.5,0.0,0.5166,0.4257,0.0909,19,0.6316,0.6333,0.1429,0.4905,Kolkata Knight Riders,1
1136574,2018,2018-04-17,Wankhede Stadium,Mumbai,Mumbai Indians,Royal Challengers Bengaluru,Royal Challengers Bengaluru,field,0,1,1,0,0.4,0.4,0.4,0.2,0.0,0.575,0.4837,0.0913,21,0.619,0.6182,0.375,0.2432,Mumbai Indians,1
1136575,2018,2018-04-18,Sawai Mansingh Stadium,Jaipur,Rajasthan Royals,Kolkata Knight Riders,Kolkata Knight Riders,field,0,1,1,0,0.6,0.4,0.4,0.4,0.2,0.5417,0.5197,0.0219,15,0.6,0.7353,0.25,0.4853,Kolkata Knight Riders,0
1136576,2018,2018-04-19,Punjab Cricket Association IS Bindra Stadium,Chandigarh,Punjab Kings,Sunrisers Hyderabad,Punjab Kings,bat,1,1,1,0,0.6,0.8,0.6,0.7,-0.2,0.4768,0.5696,-0.0928,10,0.2,0.5,1.0,-0.5,Punjab Kings,1
1136577,2018,2018-04-20,Maharashtra Cricket Association Stadium,Pune,Chennai Super Kings,Rajasthan Royals,Rajasthan Royals,field,0,1,0,0,0.6,0.4,0.5,0.4,0.2,0.6045,0.5372,0.0673,17,0.6471,0.5,0.5,0.0,Chennai Super Kings,1
1136578,2018,2018-04-21,Eden Gardens,Kolkata,Kolkata Knight Riders,Punjab Kings,Punjab Kings,field,0,1,1,0,0.6,0.6,0.5,0.7,0.0,0.5229,0.4803,0.0426,21,0.6667,0.6393,0.2222,0.4171,Punjab Kings,0
1136579,2018,2018-04-21,M Chinnaswamy Stadium,Bengaluru,Delhi Capitals,Royal Challengers Bengaluru,Royal Challengers Bengaluru,field,0,1,0,1,0.2,0.4,0.5,0.2,-0.2,0.4228,0.4805,-0.0577,18,0.3333,0.4286,0.5,-0.0714,Royal Challengers Bengaluru,0
1136580,2018,2018-04-22,Rajiv Gandhi International Stadium,Hyderabad,Chennai Super Kings,Sunrisers Hyderabad,Sunrisers Hyderabad,field,0,1,0,1,0.6,0.6,0.6,0.6,0.0,0.6074,0.5625,0.0449,6,0.6667,0.6667,0.6875,-0.0208,Chennai Super Kings,1
1136581,2018,2018-04-22,Sawai Mansingh Stadium,Jaipur,Mumbai Indians,Rajasthan Royals,Mumbai Indians,bat,1,1,0,1,0.4,0.4,0.4,0.4,0.0,0.5776,0.5328,0.0449,16,0.625,0.4,0.7143,-0.3143,Rajasthan Royals,0
1136582,2018,2018-04-23,Arun Jaitley Stadium,Delhi,Punjab Kings,Delhi Capitals,Delhi Capitals,field,0,1,0,1,0.8,0.2,0.7,0.4,0.6,0.4837,0.42,0.0637,21,0.5714,0.4444,0.4182,0.0263,Punjab Kings,1
1136583,2018,2018-04-24,Wankhede Stadium,Mumbai,Sunrisers Hyderabad,Mumbai Indians,Mumbai Indians,field,0,1,0,1,0.6,0.2,0.5,0.4,0.4,0.5556,0.5741,-0.0185,11,0.5455,0.0,0.625,-0.625,Sunrisers Hyderabad,1
1136584,2018,2018-04-25,M Chinnaswamy Stadium,Bengaluru,Royal Challengers Bengaluru,Chennai Super Kings,Chennai Super Kings,field,0,1,1,0,0.4,0.8,0.3,0.6,-0.4,0.4839,0.6103,-0.1264,19,0.3684,0.5079,0.5714,-0.0635,Chennai Super Kings,0
1136585,2018,2018-04-26,Rajiv Gandhi International Stadium,Hyderabad,Sunrisers Hyderabad,Punjab Kings,Punjab Kings,field,0,1,1,0,0.6,0.8,0.6,0.7,-0.2,0.561,0.487,0.074,11,0.7273,0.6667,0.5,0.1667,Sunrisers Hyderabad,1
1136586,2018,2018-04-27,Arun Jaitley Stadium,Delhi,Delhi Capitals,Kolkata Knight Riders,Kolkata Knight Riders,field,0,1,1,0,0.2,0.4,0.3,0.4,-0.2,0.4172,0.5195,-0.1023,20,0.35,0.4107,0.625,-0.2143,Delhi Capitals,1
1136587,2018,2018-04-28,Maharashtra Cricket Association Stadium,Pune,Chennai Super Kings,Mumbai Indians,Mumbai Indians,field,0,1,0,0,0.8,0.2,0.7,0.4,0.6,0.6131,0.5706,0.0426,23,0.4783,0.6667,0.75,-0.0833,Mumbai Indians,0
1136588,2018,2018-04-29,Sawai Mansingh Stadium,Jaipur,Sunrisers Hyderabad,Rajasthan Royals,Sunrisers Hyderabad,bat,1,1,0,1,0.6,0.6,0.7,0.4,0.0,0.5663,0.5366,0.0297,8,0.5,0.0,0.7222,-0.7222,Sunrisers Hyderabad,1
1136589,2018,2018-04-29,M Chinnaswamy Stadium,Bengaluru,Royal Challengers Bengaluru,Kolkata Knight Riders,Kolkata Knight Riders,field,0,1,1,0,0.4,0.4,0.3,0.4,0.0,0.4808,0.5161,-0.0354,21,0.4286,0.5,0.5455,-0.0455,Kolkata Knight Riders,0
1136590,2018,2018-04-30,Maharashtra Cricket Association Stadium,Pune,Chennai Super Kings,Delhi Capitals,Delhi Capitals,field,0,1,0,0,0.6,0.4,0.6,0.4,0.2,0.6087,0.4211,0.1876,16,0.6875,0.5,0.6,-0.1,Chennai Super Kings,1
1136591,2018,2018-05-01,M Chinnaswamy Stadium,Bengaluru,Royal Challengers Bengaluru,Mumbai Indians,Mumbai Indians,field,0,1,1,0,0.2,0.4,0.3,0.4,-0.2,0.4777,0.5732,-0.0955,22,0.3636,0.4923,0.8,-0.3077,Royal Challengers Bengaluru,1
1136592,2018,2018-05-02,Arun Jaitley Stadium,Delhi,Delhi Capitals,Rajasthan Royals,Rajasthan Royals,field,0,1,1,0,0.2,0.4,0.3,0.4,-0.2,0.4183,0.5323,-0.114,17,0.3529,0.4211,0.5714,-0.1504,Delhi Capitals,1
1136593,2018,2018-05-03,Eden Gardens,Kolkata,Chennai Super Kings,Kolkata Knight Riders,Kolkata Knight Riders,field,0,1,0,1,0.8,0.6,0.7,0.5,0.2,0.6115,0.5192,0.0923,17,0.6471,0.4444,0.629,-0.1846,Kolkata Knight Riders,0
1136594,2018,2018-05-04,Holkar Cricket Stadium,Indore,Punjab Kings,Mumbai Indians,Mumbai Indians,field,0,1,0,0,0.8,0.4,0.7,0.4,0.4,0.4839,0.5697,-0.0858,20,0.5,0.75,1.0,-0.25,Mumbai Indians,0
1136595,2018,2018-05-05,Maharashtra Cricket Association Stadium,Pune,Royal Challengers Bengaluru,Chennai Super Kings,Chennai Super Kings,field,0,1,0,0,0.4,0.6,0.4,0.6,-0.2,0.481,0.6071,-0.1261,20,0.35,0.8,0.6,0.2,Chennai Super Kings,0
1136596,2018,2018-05-05,Rajiv Gandhi International Stadium,Hyderabad,Delhi Capitals,Sunrisers Hyderabad,Delhi Capitals,bat,1,1,0,1,0.4,0.6,0.3,0.7,-0.2,0.4221,0.5714,-0.1494,10,0.4,0.6667,0.6765,-0.0098,Sunrisers Hyderabad,0
1136597,2018,2018-05-06,Wankhede Stadium,Mumbai,Mumbai Indians,Kolkata Knight Riders,Kolkata Knight Riders,field,0,1,1,0,0.4,0.6,0.4,0.5,-0.2,0.5723,0.5223,0.05,21,0.7619,0.614,0.1429,0.4712,Mumbai Indians,1
1136598,2018,2018-05-06,Holkar Cricket Stadium,Indore,Rajasthan Royals,Punjab Kings,Punjab Kings,field,0,1,0,0,0.2,0.6,0.4,0.6,-0.4,0.528,0.4808,0.0472,15,0.6,0.0,0.6,-0.6,Punjab Kings,0
1136599,2018,2018-05-07,Rajiv Gandhi International Stadium,Hyderabad,Sunrisers Hyderabad,Royal Challengers Bengaluru,Royal Challengers Bengaluru,field,0,1,1,0,0.8,0.4,0.7,0.4,0.4,0.5765,0.478,0.0985,10,0.6,0.6857,0.25,0.4357,Sunrisers Hyderabad,1
1136600,2018,2018-05-08,Sawai Mansingh Stadium,Jaipur,Rajasthan Royals,Punjab Kings,Rajasthan Royals,bat,1,1,1,0,0.2,0.6,0.3,0.6,-0.4,0.5238,0.4841,0.0397,16,0.5625,0.7027,0.0,0.7027,Rajasthan Royals,1
1136601,2018,2018-05-09,Eden Gardens,Kolkata,Mumbai Indians,Kolkata Knight Riders,Kolkata Knight Riders,field,0,1,0,1,0.6,0.4,0.4,0.5,0.2,0.5749,0.519,0.0559,22,0.7727,0.8182,0.6349,0.1833,Mumbai Indians,1
1136602,2018,2018-05-10,Arun Jaitley Stadium,Delhi,Delhi Capitals,Sunrisers Hyderabad,Delhi Capitals,bat,1,1,1,0,0.4,1.0,0.3,0.8,-0.6,0.4194,0.5814,-0.162,11,0.3636,0.431,0.6667,-0.2356,Sunrisers Hyderabad,0
1136603,2018,2018-05-11,Sawai Mansingh Stadium,Jaipur,Chennai Super Kings,Rajasthan Royals,Chennai Super Kings,bat,1,1,0,1,0.6,0.4,0.7,0.4,0.2,0.6099,0.5276,0.0824,18,0.6667,0.5,0.7105,-0.2105,Rajasthan Royals,0
1136604,2018,2018-05-12,Holkar Cricket Stadium,Indore,Kolkata Knight Riders,Punjab Kings,Punjab Kings,field,0,1,0,0,0.4,0.4,0.4,0.6,0.0,0.5157,0.481,0.0347,22,0.6364,0.5157,0.6667,-0.1509,Kolkata Knight Riders,1
1136605,2018,2018-05-12,Arun Jaitley Stadium,Delhi,Delhi Capitals,Royal Challengers Bengaluru,Royal Challengers Bengaluru,field,0,1,1,0,0.4,0.2,0.3,0.3,0.2,0.4167,0.475,-0.0583,19,0.3158,0.4237,0.7143,-0.2906,Royal Challengers Bengaluru,0
1136606,2018,2018-05-13,Maharashtra Cricket Association Stadium,Pune,Sunrisers Hyderabad,Chennai Super Kings,Chennai Super Kings,field,0,1,0,0,1.0,0.4,0.8,0.6,0.6,0.5862,0.6056,-0.0194,7,0.2857,0.5,0.6667,-0.1667,Chennai Super Kings,0
1136607,2018,2018-05-13,Wankhede Stadium,Mumbai,Mumbai Indians,Rajasthan Royals,Rajasthan Royals,field,0,1,1,0,0.8,0.4,0.5,0.5,0.4,0.5774,0.5312,0.0461,17,0.5882,0.6207,0.3333,0.2874,Rajasthan Royals,0
1136608,2018,2018-05-14,Holkar Cricket Stadium,Indore,Punjab Kings,Royal Challengers Bengaluru,Royal Challengers Bengaluru,field,0,1,0,0,0.2,0.4,0.5,0.4,-0.2,0.478,0.4783,-0.0003,21,0.5714,0.5714,0.0,0.5714,Royal Challengers Bengaluru,0
1136609,2018,2018-05-15,Eden Gardens,Kolkata,Rajasthan Royals,Kolkata Knight Riders,Kolkata Knight Riders,field,0,1,0,1,0.6,0.6,0.5,0.5,0.0,0.5349,0.5188,0.0161,16,0.5625,0.1667,0.625,-0.4583,Kolkata Knight Riders,0
1136610,2018,2018-05-16,Wankhede Stadium,Mumbai,Mumbai Indians,Punjab Kings,Punjab Kings,field,0,1,1,0,0.6,0.2,0.5,0.5,0.4,0.574,0.475,0.099,21,0.5238,0.6102,0.5556,0.0546,Mumbai Indians,1
1136611,2018,2018-05-17,M Chinnaswamy Stadium,Bengaluru,Royal Challengers Bengaluru,Sunrisers Hyderabad,Sunrisers Hyderabad,field,0,1,1,0,0.6,0.8,0.4,0.7,-0.2,0.4815,0.5795,-0.0981,11,0.3636,0.5,0.3333,0.1667,Royal Challengers Bengaluru,1
1136612,2018,2018-05-18,Arun Jaitley Stadium,Delhi,Delhi Capitals,Chennai Super Kings,Chennai Super Kings,field,0,1,1,0,0.2,0.6,0.3,0.6,-0.4,0.414,0.6084,-0.1944,17,0.2941,0.4167,0.8333,-0.4167,Delhi Capitals,1
1136613,2018,2018-05-19,Sawai Mansingh Stadium,Jaipur,Rajasthan Royals,Royal Challengers Bengaluru,Rajasthan Royals,bat,1,1,1,0,0.6,0.6,0.4,0.5,0.0,0.5308,0.4847,0.0461,16,0.5,0.7179,0.6,0.1179,Rajasthan Royals,1
1136614,2018,2018-05-19,Rajiv Gandhi International Stadium,Hyderabad,Sunrisers Hyderabad,Kolkata Knight Riders,Sunrisers Hyderabad,bat,1,1,1,0,0.6,0.6,0.6,0.6,0.0,0.573,0.5217,0.0513,13,0.3846,0.6944,0.6667,0.0278,Kolkata Knight Riders,0
1136615,2018,2018-05-20,Arun Jaitley Stadium,Delhi,Delhi Capitals,Mumbai Indians,Delhi Capitals,bat,1,1,1,0,0.4,0.8,0.3,0.6,-0.4,0.4177,0.5765,-0.1587,21,0.4762,0.4262,0.3333,0.0929,Delhi Capitals,1
1136616,2018,2018-05-20,Maharashtra Cricket Association Stadium,Pune,Punjab Kings,Chennai Super Kings,Chennai Super Kings,field,0,1,0,0,0.2,0.4,0.4,0.6,-0.2,0.472,0.6042,-0.1321,18,0.4444,0.1667,0.7143,-0.5476,Chennai Super Kings,0
1136617,2018,2018-05-22,Wankhede Stadium,Mumbai,Sunrisers Hyderabad,Chennai Super Kings,Chennai Super Kings,field,0,1,0,0,0.4,0.6,0.6,0.6,-0.2,0.5667,0.6069,-0.0402,8,0.25,0.25,0.4545,-0.2045,Chennai Super Kings,0
1136618,2018,2018-05-23,Eden Gardens,Kolkata,Kolkata Knight Riders,Rajasthan Royals,Rajasthan Royals,field,0,1,1,0,0.6,0.8,0.6,0.5,-0.2,0.5247,0.5344,-0.0097,17,0.4706,0.6308,0.1429,0.4879,Kolkata Knight Riders,1
1136619,2018,2018-05-25,Eden Gardens,Kolkata,Sunrisers Hyderabad,Kolkata Knight Riders,Kolkata Knight Riders,field,0,1,0,1,0.2,0.8,0.6,0.6,-0.6,0.5604,0.5276,0.0328,14,0.3571,0.1667,0.6364,-0.4697,Sunrisers Hyderabad,1
1136620,2018,2018-05-27,Wankhede Stadium,Mumbai,Sunrisers Hyderabad,Chennai Super Kings,Chennai Super Kings,field,0,1,0,0,0.2,0.6,0.6,0.6,-0.4,0.5652,0.6096,-0.0444,9,0.2222,0.2,0.5,-0.3,Chennai Super Kings,0
1175356,2019,2019-03-23,MA Chidambaram Stadium,Chennai,Royal Challengers Bengaluru,Chennai Super Kings,Chennai Super Kings,field,0,1,0,1,0.6,0.8,0.5,0.6,-0.2,0.4817,0.6122,-0.1305,21,0.3333,0.25,0.7083,-0.4583,Chennai Super Kings,0
1175357,2019,2019-03-24,Eden Gardens,Kolkata,Sunrisers Hyderabad,Kolkata Knight Riders,Kolkata Knight Riders,field,0,1,0,1,0.2,0.8,0.5,0.6,-0.6,0.5591,0.5244,0.0347,15,0.4,0.2857,0.6269,-0.3412,Kolkata Knight Riders,0
1175358,2019,2019-03-24,Wankhede Stadium,Mumbai,Delhi Capitals,Mumbai Indians,Mumbai Indians,field,0,1,0,1,0.4,0.6,0.4,0.5,-0.2,0.4214,0.5731,-0.1517,22,0.5,0.25,0.6167,-0.3667,Delhi Capitals,1
1175359,2019,2019-03-25,Sawai Mansingh Stadium,Jaipur,Punjab Kings,Rajasthan Royals,Rajasthan Royals,field,0,1,0,1,0.0,0.6,0.3,0.5,-0.6,0.4691,0.5303,-0.0612,17,0.4118,0.0,0.725,-0.725,Punjab Kings,1
1175360,2019,2019-03-26,Arun Jaitley Stadium,Delhi,Delhi Capitals,Chennai Super Kings,Delhi Capitals,bat,1,1,1,0,0.6,0.8,0.5,0.7,-0.2,0.425,0.6149,-0.1899,18,0.3333,0.4355,0.7143,-0.2788,Chennai Super Kings,0
1175361,2019,2019-03-27,Eden Gardens,Kolkata,Kolkata Knight Riders,Punjab Kings,Punjab Kings,field,0,1,1,0,0.8,0.2,0.7,0.3,0.6,0.5273,0.4724,0.0549,23,0.6522,0.6324,0.3,0.3324,Kolkata Knight Riders,1
1175362,2019,2019-03-28,M Chinnaswamy Stadium,Bengaluru,Mumbai Indians,Royal Challengers Bengaluru,Royal Challengers Bengaluru,field,0,1,0,1,0.4,0.6,0.5,0.4,-0.2,0.5698,0.4788,0.091,23,0.6087,0.7273,0.5075,0.2198,Mumbai Indians,1
1175363,2019,2019-03-29,Rajiv Gandhi International Stadium,Hyderabad,Rajasthan Royals,Sunrisers Hyderabad,Rajasthan Royals,bat,1,1,0,1,0.4,0.2,0.4,0.4,0.2,0.5263,0.5532,-0.0269,9,0.4444,0.4,0.6757,-0.2757,Sunrisers Hyderabad,0
1175364,2019,2019-03-30,Punjab Cricket Association IS Bindra Stadium,Chandigarh,Mumbai Indians,Punjab Kings,Punjab Kings,field,0,1,0,1,0.4,0.2,0.6,0.2,0.2,0.5723,0.4695,0.1027,22,0.5455,0.5714,0.5102,0.0612,Punjab Kings,0
1175365,2019,2019-03-30,Arun Jaitley Stadium,Delhi,Kolkata Knight Riders,Delhi Capitals,Delhi Capitals,field,0,1,0,1,0.8,0.6,0.7,0.5,0.2,0.5301,0.4224,0.1078,21,0.619,0.5556,0.4286,0.127,Delhi Capitals,0
1175366,2019,2019-03-31,Rajiv Gandhi International Stadium,Hyderabad,Sunrisers Hyderabad,Royal Challengers Bengaluru,Royal Challengers Bengaluru,field,0,1,1,0,0.4,0.4,0.4,0.4,0.0,0.5579,0.4759,0.082,12,0.5833,0.6842,0.2222,0.462,Sunrisers Hyderabad,1
1175367,2019,2019-03-31,MA Chidambaram Stadium,Chennai,Chennai Super Kings,Rajasthan Royals,Rajasthan Royals,field,0,1,1,0,1.0,0.2,0.7,0.4,0.8,0.6174,0.5224,0.0951,19,0.6316,0.7143,0.1667,0.5476,Chennai Super Kings,1
1175368,2019,2019-04-01,Punjab Cricket Association IS Bindra Stadium,Chandigarh,Punjab Kings,Delhi Capitals,Delhi Capitals,field,0,1,1,0,0.4,0.8,0.3,0.5,-0.4,0.4727,0.4259,0.0468,22,0.5909,0.52,0.1667,0.3533,Punjab Kings,1
1175369,2019,2019-04-02,Sawai Mansingh Stadium,Jaipur,Royal Challengers Bengaluru,Rajasthan Royals,Rajasthan Royals,field,0,1,0,1,0.2,0.2,0.4,0.4,0.0,0.4731,0.5185,-0.0455,17,0.4706,0.5,0.7073,-0.2073,Rajasthan Royals,0
1175370,2019,2019-04-03,Wankhede Stadium,Mumbai,Mumbai Indians,Chennai Super Kings,Chennai Super Kings,field,0,1,1,0,0.4,1.0,0.5,0.8,-0.6,0.569,0.62,-0.051,24,0.5417,0.6066,0.5385,0.0681,Mumbai Indians,1
1175371,2019,2019-04-04,Arun Jaitley Stadium,Delhi,Delhi Capitals,Sunrisers Hyderabad,Sunrisers Hyderabad,field,0,1,1,0,0.6,0.6,0.5,0.4,0.0,0.4233,0.5625,-0.1392,12,0.3333,0.4375,0.7143,-0.2768,Sunrisers Hyderabad,0
1175372,2019,2019-04-05,M Chinnaswamy Stadium,Bengaluru,Royal Challengers Bengaluru,Kolkata Knight Riders,Kolkata Knight Riders,field,0,1,1,0,0.0,0.6,0.3,0.6,-0.6,0.4702,0.5269,-0.0567,22,0.4091,0.5,0.5833,-0.0833,Kolkata Knight Riders,0
1178393,2019,2019-04-06,MA Chidambaram Stadium,Chennai,Chennai Super Kings,Punjab Kings,Chennai Super Kings,bat,1,1,1,0,0.8,0.6,0.7,0.4,0.2,0.6159,0.4759,0.14,19,0.5789,0.72,0.4,0.32,Chennai Super Kings,1
1178394,2019,2019-04-06,Rajiv Gandhi International Stadium,Hyderabad,Mumbai Indians,Sunrisers Hyderabad,Sunrisers Hyderabad,field,0,1,0,1,0.4,0.6,0.6,0.4,-0.2,0.5714,0.567,0.0044,12,0.4167,0.5556,0.6923,-0.1368,Mumbai Indians,1
1178395,2019,2019-04-07,M Chinnaswamy Stadium,Bengaluru,Royal Challengers Bengaluru,Delhi Capitals,Delhi Capitals,field,0,1,1,0,0.0,0.4,0.3,0.4,-0.4,0.4675,0.4207,0.0467,20,0.7,0.4928,0.375,0.1178,Delhi Capitals,0
1178396,2019,2019-04-07,Sawai Mansingh Stadium,Jaipur,Rajasthan Royals,Kolkata Knight Riders,Kolkata Knight Riders,field,0,1,1,0,0.2,0.6,0.5,0.7,-0.4,0.5221,0.5298,-0.0077,18,0.5,0.7143,0.4,0.3143,Kolkata Knight Riders,0
1178397,2019,2019-04-08,Punjab Cricket Association IS Bindra Stadium,Chandigarh,Sunrisers Hyderabad,Punjab Kings,Punjab Kings,field,0,1,0,1,0.6,0.6,0.4,0.3,0.0,0.5612,0.4731,0.0882,12,0.75,0.8,0.5294,0.2706,Punjab Kings,0
1178398,2019,2019-04-09,MA Chidambaram Stadium,Chennai,Kolkata Knight Riders,Chennai Super Kings,Chennai Super Kings,field,0,1,0,1,0.8,0.8,0.8,0.8,0.0,0.5325,0.6184,-0.0859,18,0.3889,0.25,0.7255,-0.4755,Chennai Super Kings,0
1178399,2019,2019-04-10,Wankhede Stadium,Mumbai,Punjab Kings,Mumbai Indians,Mumbai Indians,field,0,1,0,1,0.6,0.6,0.4,0.6,0.0,0.4762,0.5739,-0.0977,23,0.4783,0.5,0.6129,-0.1129,Mumbai Indians,0
1178400,2019,2019-04-11,Sawai Mansingh Stadium,Jaipur,Rajasthan Royals,Chennai Super Kings,Chennai Super Kings,field,0,1,1,0,0.2,0.8,0.4,0.8,-0.6,0.5182,0.6209,-0.1027,20,0.35,0.6977,0.4,0.2977,Chennai Super Kings,0
1178401,2019,2019-04-12,Eden Gardens,Kolkata,Kolkata Knight Riders,Delhi Capitals,Delhi Capitals,field,0,1,1,0,0.6,0.4,0.7,0.5,0.2,0.5294,0.4242,0.1052,22,0.5909,0.6377,0.125,0.5127,Delhi Capitals,0
1178402,2019,2019-04-13,Wankhede Stadium,Mumbai,Mumbai Indians,Rajasthan Royals,Rajasthan Royals,field,0,1,1,0,0.8,0.2,0.6,0.3,0.6,0.5763,0.5145,0.0618,18,0.5556,0.619,0.4286,0.1905,Rajasthan Royals,0
1178403,2019,2019-04-13,Punjab Cricket Association IS Bindra Stadium,Chandigarh,Punjab Kings,Royal Challengers Bengaluru,Royal Challengers Bengaluru,field,0,1,1,0,0.6,0.0,0.4,0.3,0.6,0.4734,0.4647,0.0087,22,0.5455,0.5385,0.5,0.0385,Royal Challengers Bengaluru,0
1178404,2019,2019-04-14,Eden Gardens,Kolkata,Kolkata Knight Riders,Chennai Super Kings,Chennai Super Kings,field,0,1,1,0,0.4,0.8,0.6,0.9,-0.4,0.5263,0.6234,-0.0971,19,0.3684,0.6286,0.4,0.2286,Chennai Super Kings,0
1178405,2019,2019-04-14,Rajiv Gandhi International Stadium,Hyderabad,Delhi Capitals,Sunrisers Hyderabad,Sunrisers Hyderabad,field,0,1,0,1,0.6,0.6,0.6,0.4,0.0,0.4277,0.5556,-0.1278,13,0.3077,0.5714,0.675,-0.1036,Delhi Capitals,1
1178406,2019,2019-04-15,Wankhede Stadium,Mumbai,Royal Challengers Bengaluru,Mumbai Indians,Mumbai Indians,field,0,1,0,1,0.2,0.6,0.3,0.5,-0.4,0.4678,0.573,-0.1052,24,0.375,0.3333,0.6094,-0.276,Mumbai Indians,0
1178407,2019,2019-04-16,Punjab Cricket Association IS Bindra Stadium,Chandigarh,Punjab Kings,Rajasthan Royals,Rajasthan Royals,field,0,1,1,0,0.4,0.4,0.4,0.3,0.0,0.4706,0.518,-0.0474,18,0.4444,0.5283,0.5,0.0283,Punjab Kings,1
1178408,2019,2019-04-17,Rajiv Gandhi International Stadium,Hyderabad,Chennai Super Kings,Sunrisers Hyderabad,Chennai Super Kings,bat,1,1,0,1,0.8,0.4,0.9,0.4,0.4,0.6258,0.55,0.0758,10,0.8,0.75,0.6585,0.0915,Sunrisers Hyderabad,0
1178409,2019,2019-04-18,Arun Jaitley Stadium,Delhi,Mumbai Indians,Delhi Capitals,Mumbai Indians,bat,1,1,0,1,0.8,0.6,0.6,0.7,0.2,0.5754,0.4311,0.1443,23,0.4783,0.3,0.4308,-0.1308,Mumbai Indians,1
1178410,2019,2019-04-19,Eden Gardens,Kolkata,Royal Challengers Bengaluru,Kolkata Knight Riders,Kolkata Knight Riders,field,0,1,0,1,0.2,0.4,0.2,0.5,-0.2,0.4651,0.5233,-0.0581,23,0.3913,0.3333,0.6197,-0.2864,Royal Challengers Bengaluru,1
1178411,2019,2019-04-20,Sawai Mansingh Stadium,Jaipur,Mumbai Indians,Rajasthan Royals,Rajasthan Royals,field,0,1,0,1,0.8,0.4,0.6,0.3,0.4,0.5778,0.5143,0.0635,19,0.5263,0.3333,0.6818,-0.3485,Rajasthan Royals,0
1178412,2019,2019-04-20,Arun Jaitley Stadium,Delhi,Punjab Kings,Delhi Capitals,Delhi Capitals,field,0,1,0,1,0.4,0.6,0.5,0.6,-0.2,0.4737,0.4286,0.0451,23,0.6087,0.5,0.4242,0.0758,Delhi Capitals,0
1178413,2019,2019-04-21,Rajiv Gandhi International Stadium,Hyderabad,Kolkata Knight Riders,Sunrisers Hyderabad,Sunrisers Hyderabad,field,0,1,0,1,0.2,0.4,0.4,0.5,-0.2,0.5202,0.5545,-0.0342,16,0.625,0.7143,0.6667,0.0476,Sunrisers Hyderabad,0
1178414,2019,2019-04-21,M Chinnaswamy Stadium,Bengaluru,Royal Challengers Bengaluru,Chennai Super Kings,Chennai Super Kings,field,0,1,1,0,0.4,0.8,0.2,0.8,-0.4,0.4682,0.6218,-0.1536,22,0.3182,0.4857,0.625,-0.1393,Royal Challengers Bengaluru,1
1178415,2019,2019-04-22,Sawai Mansingh Stadium,Jaipur,Rajasthan Royals,Delhi Capitals,Delhi Capitals,field,0,1,1,0,0.4,0.8,0.3,0.6,-0.4,0.5177,0.432,0.0858,18,0.6111,0.6889,0.2,0.4889,Delhi Capitals,0
1178416,2019,2019-04-23,MA Chidambaram Stadium,Chennai,Sunrisers Hyderabad,Chennai Super Kings,Chennai Super Kings,field,0,1,0,1,0.4,0.6,0.5,0.7,-0.2,0.5588,0.6178,-0.059,11,0.2727,0.0,0.7308,-0.7308,Chennai Super Kings,0
1178417,2019,2019-04-24,M Chinnaswamy Stadium,Bengaluru,Royal Challengers Bengaluru,Punjab Kings,Punjab Kings,field,0,1,1,0,0.6,0.4,0.3,0.5,0.2,0.4713,0.4709,0.0003,23,0.4783,0.493,0.4545,0.0384,Royal Challengers Bengaluru,1
1178418,2019,2019-04-25,Eden Gardens,Kolkata,Kolkata Knight Riders,Rajasthan Royals,Rajasthan Royals,field,0,1,1,0,0.0,0.4,0.4,0.3,-0.4,0.5172,0.5141,0.0032,19,0.5263,0.6111,0.125,0.4861,Rajasthan Royals,0
1178419,2019,2019-04-26,MA Chidambaram Stadium,Chennai,Mumbai Indians,Chennai Super Kings,Chennai Super Kings,field,0,1,0,1,0.6,0.6,0.6,0.7,0.0,0.5746,0.6203,-0.0457,25,0.56,0.5,0.7358,-0.2358,Mumbai Indians,1
1178420,2019,2019-04-27,Sawai Mansingh Stadium,Jaipur,Sunrisers Hyderabad,Rajasthan Royals,Rajasthan Royals,field,0,1,0,1,0.4,0.6,0.5,0.4,-0.2,0.5534,0.5175,0.0359,10,0.6,0.5,0.6739,-0.1739,Rajasthan Royals,0
1178421,2019,2019-04-28,Arun Jaitley Stadium,Delhi,Delhi Capitals,Royal Challengers Bengaluru,Delhi Capitals,bat,1,1,1,0,0.8,0.8,0.6,0.4,0.0,0.4353,0.4743,-0.039,21,0.3333,0.4328,0.75,-0.3172,Delhi Capitals,1
1178422,2019,2019-04-28,Eden Gardens,Kolkata,Kolkata Knight Riders,Mumbai Indians,Mumbai Indians,field,0,1,1,0,0.0,0.6,0.3,0.7,-0.6,0.5143,0.5769,-0.0626,23,0.2174,0.6027,0.8333,-0.2306,Kolkata Knight Riders,1
1178423,2019,2019-04-29,Rajiv Gandhi International Stadium,Hyderabad,Sunrisers Hyderabad,Punjab Kings,Punjab Kings,field,0,1,1,0,0.4,0.2,0.5,0.4,0.2,0.5481,0.4682,0.0799,13,0.6923,0.6744,0.4444,0.23,Sunrisers Hyderabad,1
1178425,2019,2019-05-01,MA Chidambaram Stadium,Chennai,Chennai Super Kings,Delhi Capitals,Delhi Capitals,field,0,1,1,0,0.4,0.8,0.6,0.7,-0.4,0.6164,0.4386,0.1778,19,0.6842,0.7222,0.2857,0.4365,Chennai Super Kings,1
1178426,2019,2019-05-02,Wankhede Stadium,Mumbai,Mumbai Indians,Sunrisers Hyderabad,Mumbai Indians,bat,1,1,1,0,0.6,0.6,0.6,0.5,0.0,0.5738,0.5524,0.0214,13,0.4615,0.6154,0.1667,0.4487,Mumbai Indians,1
1178427,2019,2019-05-03,Punjab Cricket Association IS Bindra Stadium,Chandigarh,Punjab Kings,Kolkata Knight Riders,Kolkata Knight Riders,field,0,1,1,0,0.2,0.2,0.4,0.3,0.0,0.4655,0.517,-0.0515,24,0.3333,0.537,0.5,0.037,Kolkata Knight Riders,0
1178428,2019,2019-05-04,Arun Jaitley Stadium,Delhi,Rajasthan Royals,Delhi Capitals,Rajasthan Royals,bat,1,1,0,1,0.6,0.6,0.5,0.6,0.0,0.5208,0.436,0.0848,19,0.5789,0.5,0.4412,0.0588,Delhi Capitals,0
1178429,2019,2019-05-04,M Chinnaswamy Stadium,Bengaluru,Sunrisers Hyderabad,Royal Challengers Bengaluru,Royal Challengers Bengaluru,field,0,1,0,1,0.4,0.6,0.4,0.4,-0.2,0.5472,0.4716,0.0756,13,0.6154,0.2857,0.5,-0.2143,Royal Challengers Bengaluru,0
1178430,2019,2019-05-05,Punjab Cricket Association IS Bindra Stadium,Chandigarh,Chennai Super Kings,Punjab Kings,Punjab Kings,field,0,1,0,1,0.4,0.2,0.6,0.3,0.2,0.6188,0.4629,0.1559,20,0.6,0.6,0.5273,0.0727,Punjab Kings,0
1178431,2019,2019-05-05,Wankhede Stadium,Mumbai,Kolkata Knight Riders,Mumbai Indians,Mumbai Indians,field,0,1,0,1,0.4,0.6,0.4,0.7,-0.2,0.5198,0.5761,-0.0563,24,0.25,0.125,0.6212,-0.4962,Mumbai Indians,0
1181764,2019,2019-05-07,MA Chidambaram Stadium,Chennai,Chennai Super Kings,Mumbai Indians,Chennai Super Kings,bat,1,1,1,0,0.4,0.6,0.6,0.7,-0.2,0.6149,0.5784,0.0365,26,0.4231,0.7273,0.5714,0.1558,Mumbai Indians,0
1181766,2019,2019-05-08,Dr. Y.S. Rajasekhara Reddy ACA-VDCA Cricket Stadium,Visakhapatnam,Sunrisers Hyderabad,Delhi Capitals,Delhi Capitals,field,0,1,0,0,0.2,0.8,0.3,0.7,-0.6,0.5421,0.4393,0.1027,14,0.6429,0.6,0.3333,0.2667,Delhi Capitals,0
1181767,2019,2019-05-10,Dr. Y.S. Rajasekhara Reddy ACA-VDCA Cricket Stadium,Visakhapatnam,Delhi Capitals,Chennai Super Kings,Chennai Super Kings,field,0,1,0,0,0.8,0.4,0.8,0.5,0.4,0.4425,0.6111,-0.1686,20,0.3,0.5,1.0,-0.5,Chennai Super Kings,0
1181768,2019,2019-05-12,Rajiv Gandhi International Stadium,Hyderabad,Mumbai Indians,Chennai Super Kings,Mumbai Indians,bat,1,1,0,0,0.8,0.4,0.7,0.5,0.4,0.5806,0.6135,-0.0329,27,0.5926,0.6,0.6,0.0,Mumbai Indians,1
1216492,2020/21,2020-09-19,Sheikh Zayed Stadium,Abu Dhabi,Mumbai Indians,Chennai Super Kings,Chennai Super Kings,field,0,1,0,0,0.8,0.4,0.7,0.4,0.4,0.5829,0.6098,-0.0269,28,0.6071,0.0,0.5,-0.5,Chennai Super Kings,0
1216493,2020/21,2020-09-20,Dubai International Cricket Stadium,Dubai,Delhi Capitals,Punjab Kings,Punjab Kings,field,0,1,0,0,0.6,0.2,0.7,0.3,0.4,0.44,0.4659,-0.0259,24,0.4167,0.5,1.0,-0.5,Delhi Capitals,1
1216534,2020/21,2020-09-21,Dubai International Cricket Stadium,Dubai,Royal Challengers Bengaluru,Sunrisers Hyderabad,Sunrisers Hyderabad,field,0,1,0,0,0.8,0.2,0.5,0.3,0.6,0.4746,0.537,-0.0625,14,0.4286,0.5,1.0,-0.5,Royal Challengers Bengaluru,1
1216496,2020/21,2020-09-22,Sharjah Cricket Stadium,Sharjah,Rajasthan Royals,Chennai Super Kings,Chennai Super Kings,field,0,1,0,0,0.6,0.4,0.5,0.4,0.2,0.5172,0.6121,-0.0949,21,0.3333,0.0,1.0,-1.0,Rajasthan Royals,1
1216508,2020/21,2020-09-23,Sheikh Zayed Stadium,Abu Dhabi,Mumbai Indians,Kolkata Knight Riders,Kolkata Knight Riders,field,0,1,0,0,0.8,0.4,0.7,0.3,0.4,0.5798,0.5169,0.0629,25,0.76,0.0,0.3333,-0.3333,Mumbai Indians,1
1216510,2020/21,2020-09-24,Dubai International Cricket Stadium,Dubai,Punjab Kings,Royal Challengers Bengaluru,Royal Challengers Bengaluru,field,0,1,0,0,0.2,0.8,0.3,0.6,-0.6,0.4633,0.4775,-0.0143,24,0.5,0.5,0.6667,-0.1667,Punjab Kings,1
1216539,2020/21,2020-09-25,Dubai International Cricket Stadium,Dubai,Delhi Capitals,Chennai Super Kings,Chennai Super Kings,field,0,1,0,0,0.6,0.4,0.7,0.4,0.2,0.4432,0.6084,-0.1653,21,0.2857,0.6667,1.0,-0.3333,Delhi Capitals,1
1216545,2020/21,2020-09-26,Sheikh Zayed Stadium,Abu Dhabi,Sunrisers Hyderabad,Kolkata Knight Riders,Sunrisers Hyderabad,bat,1,1,0,0,0.2,0.4,0.3,0.2,-0.2,0.5321,0.514,0.0181,17,0.4118,0.0,0.25,-0.25,Kolkata Knight Riders,0
1216527,2020/21,2020-09-27,Sharjah Cricket Stadium,Sharjah,Punjab Kings,Rajasthan Royals,Rajasthan Royals,field,0,1,0,0,0.4,0.6,0.3,0.5,-0.2,0.4663,0.5205,-0.0543,19,0.4737,1.0,0.5,0.5,Rajasthan Royals,0
1216547,2020/21,2020-09-28,Dubai International Cricket Stadium,Dubai,Royal Challengers Bengaluru,Mumbai Indians,Mumbai Indians,field,0,1,0,0,0.6,0.8,0.6,0.7,-0.2,0.4749,0.582,-0.1072,25,0.36,0.5,0.0,0.5,Royal Challengers Bengaluru,1
1216532,2020/21,2020-09-29,Sheikh Zayed Stadium,Abu Dhabi,Sunrisers Hyderabad,Delhi Capitals,Delhi Capitals,field,0,1,0,0,0.0,0.8,0.3,0.7,-0.8,0.5273,0.4463,0.0809,15,0.6,0.0,0.0,0.0,Sunrisers Hyderabad,1
1216504,2020/21,2020-09-30,Dubai International Cricket Stadium,Dubai,Kolkata Knight Riders,Rajasthan Royals,Rajasthan Royals,field,0,1,0,0,0.6,0.8,0.3,0.6,-0.2,0.5167,0.5238,-0.0071,20,0.5,0.0,0.0,0.0,Kolkata Knight Riders,1
1216503,2020/21,2020-10-01,Sheikh Zayed Stadium,Abu Dhabi,Mumbai Indians,Punjab Kings,Punjab Kings,field,0,1,0,0,0.6,0.4,0.6,0.3,0.2,0.5789,0.4637,0.1153,24,0.5417,0.3333,1.0,-0.6667,Mumbai Indians,1
1216516,2020/21,2020-10-02,Dubai International Cricket Stadium,Dubai,Sunrisers Hyderabad,Chennai Super Kings,Sunrisers Hyderabad,bat,1,1,0,0,0.2,0.4,0.3,0.4,-0.2,0.5315,0.6048,-0.0733,12,0.25,0.6667,0.6667,0.0,Sunrisers Hyderabad,1
1216514,2020/21,2020-10-03,Sheikh Zayed Stadium,Abu Dhabi,Rajasthan Royals,Royal Challengers Bengaluru,Rajasthan Royals,bat,1,1,0,0,0.6,0.6,0.6,0.7,0.0,0.5203,0.4778,0.0425,18,0.5556,1.0,0.0,1.0,Royal Challengers Bengaluru,0
1216515,2020/21,2020-10-03,Sharjah Cricket Stadium,Sharjah,Delhi Capitals,Kolkata Knight Riders,Kolkata Knight Riders,field,0,1,0,0,0.6,0.6,0.7,0.4,0.0,0.4438,0.5193,-0.0755,23,0.4348,0.5,1.0,-0.5,Delhi Capitals,1
1216513,2020/21,2020-10-04,Dubai International Cricket Stadium,Dubai,Punjab Kings,Chennai Super Kings,Punjab Kings,bat,1,1,0,0,0.4,0.2,0.3,0.3,0.2,0.4611,0.6012,-0.1401,21,0.4286,0.6667,0.5,0.1667,Chennai Super Kings,0
1216538,2020/21,2020-10-04,Sharjah Cricket Stadium,Sharjah,Mumbai Indians,Sunrisers Hyderabad,Mumbai Indians,bat,1,1,0,0,0.6,0.4,0.7,0.3,0.2,0.5812,0.5357,0.0454,14,0.5,0.0,0.0,0.0,Mumbai Indians,1
1216519,2020/21,2020-10-05,Dubai International Cricket Stadium,Dubai,Delhi Capitals,Royal Challengers Bengaluru,Royal Challengers Bengaluru,field,0,1,0,0,0.6,0.8,0.7,0.7,-0.2,0.4469,0.4807,-0.0337,22,0.3636,0.75,0.6,0.15,Delhi Capitals,1
1216511,2020/21,2020-10-06,Sheikh Zayed Stadium,Abu Dhabi,Mumbai Indians,Rajasthan Royals,Mumbai Indians,bat,1,1,0,0,0.6,0.4,0.7,0.5,0.2,0.5833,0.5168,0.0666,20,0.5,0.5,0.75,-0.25,Mumbai Indians,1
1216501,2020/21,2020-10-07,Sheikh Zayed Stadium,Abu Dhabi,Kolkata Knight Riders,Chennai Super Kings,Kolkata Knight Riders,bat,1,1,0,0,0.4,0.4,0.4,0.4,0.0,0.5165,0.6036,-0.0871,20,0.35,0.4,0.6667,-0.2667,Kolkata Knight Riders,1
1216542,2020/21,2020-10-08,Dubai International Cricket Stadium,Dubai,Sunrisers Hyderabad,Punjab Kings,Sunrisers Hyderabad,bat,1,1,0,0,0.4,0.2,0.3,0.2,0.2,0.531,0.4586,0.0724,14,0.7143,0.75,0.5,0.25,Sunrisers Hyderabad,1
1216500,2020/21,2020-10-09,Sharjah Cricket Stadium,Sharjah,Delhi Capitals,Rajasthan Royals,Rajasthan Royals,field,0,1,0,0,0.8,0.4,0.7,0.5,0.4,0.45,0.5133,-0.0633,20,0.45,0.6667,0.6667,0.0,Delhi Capitals,1
1216523,2020/21,2020-10-10,Sheikh Zayed Stadium,Abu Dhabi,Kolkata Knight Riders,Punjab Kings,Kolkata Knight Riders,bat,1,1,0,0,0.6,0.2,0.5,0.2,0.4,0.5191,0.456,0.0631,25,0.68,0.5,0.6667,-0.1667,Kolkata Knight Riders,1
1216525,2020/21,2020-10-10,Dubai International Cricket Stadium,Dubai,Royal Challengers Bengaluru,Chennai Super Kings,Royal Challengers Bengaluru,bat,1,1,0,0,0.6,0.2,0.7,0.3,0.4,0.478,0.6,-0.122,23,0.3478,0.5,0.6,-0.1,Royal Challengers Bengaluru,1
1216507,2020/21,2020-10-11,Dubai International Cricket Stadium,Dubai,Sunrisers Hyderabad,Rajasthan Royals,Sunrisers Hyderabad,bat,1,1,0,0,0.6,0.2,0.4,0.4,0.4,0.5351,0.5099,0.0252,11,0.5455,0.8,0.0,0.8,Rajasthan Royals,0
1216529,2020/21,2020-10-11,Sheikh Zayed Stadium,Abu Dhabi,Delhi Capitals,Mumbai Indians,Delhi Capitals,bat,1,1,0,0,0.8,0.8,0.7,0.8,0.0,0.453,0.5855,-0.1325,24,0.5,0.0,0.6,-0.6,Mumbai Indians,0
1216540,2020/21,2020-10-12,Sharjah Cricket Stadium,Sharjah,Royal Challengers Bengaluru,Kolkata Knight Riders,Royal Challengers Bengaluru,bat,1,1,0,0,0.6,0.8,0.7,0.6,-0.2,0.4809,0.5217,-0.0409,24,0.4167,0.5,0.5,0.0,Royal Challengers Bengaluru,1
1216528,2020/21,2020-10-13,Dubai International Cricket Stadium,Dubai,Chennai Super Kings,Sunrisers Hyderabad,Chennai Super Kings,bat,1,1,0,0,0.2,0.6,0.3,0.3,-0.4,0.5965,0.5304,0.0661,13,0.6923,0.5,0.6667,-0.1667,Chennai Super Kings,1
1216543,2020/21,2020-10-14,Dubai International Cricket Stadium,Dubai,Delhi Capitals,Rajasthan Royals,Delhi Capitals,bat,1,1,0,0,0.6,0.2,0.7,0.5,0.4,0.4505,0.5132,-0.0626,21,0.4762,0.8,0.3333,0.4667,Delhi Capitals,1
1216531,2020/21,2020-10-15,Sharjah Cricket Stadium,Sharjah,Royal Challengers Bengaluru,Punjab Kings,Royal Challengers Bengaluru,bat,1,1,0,0,0.8,0.0,0.7,0.2,0.8,0.4837,0.4536,0.0301,25,0.48,0.6667,0.6667,0.0,Punjab Kings,0
1216526,2020/21,2020-10-16,Sheikh Zayed Stadium,Abu Dhabi,Kolkata Knight Riders,Mumbai Indians,Kolkata Knight Riders,bat,1,1,0,0,0.6,0.8,0.6,0.8,-0.2,0.5189,0.5876,-0.0687,26,0.2308,0.5714,0.6667,-0.0952,Mumbai Indians,0
1216509,2020/21,2020-10-17,Sharjah Cricket Stadium,Sharjah,Chennai Super Kings,Delhi Capitals,Chennai Super Kings,bat,1,1,0,0,0.4,0.8,0.4,0.7,-0.4,0.5988,0.4536,0.1453,22,0.6818,0.5,0.75,-0.25,Delhi Capitals,0
1216522,2020/21,2020-10-17,Dubai International Cricket Stadium,Dubai,Rajasthan Royals,Royal Challengers Bengaluru,Rajasthan Royals,bat,1,1,0,0,0.2,0.6,0.4,0.6,-0.4,0.5098,0.4811,0.0287,19,0.5263,0.25,0.5714,-0.3214,Royal Challengers Bengaluru,0
1216512,2020/21,2020-10-18,Sheikh Zayed Stadium,Abu Dhabi,Kolkata Knight Riders,Sunrisers Hyderabad,Sunrisers Hyderabad,field,0,1,0,0,0.4,0.4,0.5,0.3,0.0,0.5161,0.5259,-0.0097,18,0.6111,0.5,0.3333,0.1667,Kolkata Knight Riders,1
1216517,2020/21,2020-10-18,Dubai International Cricket Stadium,Dubai,Mumbai Indians,Punjab Kings,Mumbai Indians,bat,1,1,0,0,1.0,0.2,0.8,0.3,0.8,0.5897,0.4565,0.1332,25,0.56,0.0,0.4,-0.4,Punjab Kings,0
1216533,2020/21,2020-10-19,Sheikh Zayed Stadium,Abu Dhabi,Chennai Super Kings,Rajasthan Royals,Chennai Super Kings,bat,1,1,0,0,0.4,0.2,0.3,0.3,0.2,0.5954,0.5065,0.0889,22,0.6364,0.5,0.6,-0.1,Rajasthan Royals,0
1216546,2020/21,2020-10-20,Dubai International Cricket Stadium,Dubai,Delhi Capitals,Punjab Kings,Delhi Capitals,bat,1,1,0,0,0.8,0.4,0.7,0.4,0.4,0.4565,0.4595,-0.0029,25,0.44,0.8333,0.5,0.3333,Punjab Kings,0
1216494,2020/21,2020-10-21,Sheikh Zayed Stadium,Abu Dhabi,Kolkata Knight Riders,Royal Challengers Bengaluru,Kolkata Knight Riders,bat,1,1,0,0,0.6,0.6,0.5,0.7,0.0,0.5187,0.4839,0.0348,25,0.56,0.5556,0.5,0.0556,Royal Challengers Bengaluru,0
1216518,2020/21,2020-10-22,Dubai International Cricket Stadium,Dubai,Rajasthan Royals,Sunrisers Hyderabad,Sunrisers Hyderabad,field,0,1,0,0,0.4,0.2,0.4,0.3,0.2,0.5097,0.5214,-0.0117,12,0.5,0.2,0.5714,-0.3714,Sunrisers Hyderabad,0
1216521,2020/21,2020-10-23,Sharjah Cricket Stadium,Sharjah,Chennai Super Kings,Mumbai Indians,Mumbai Indians,field,0,1,0,0,0.2,0.8,0.3,0.7,-0.6,0.592,0.5867,0.0052,29,0.4138,0.3333,0.5,-0.1667,Mumbai Indians,0
1216497,2020/21,2020-10-24,Sheikh Zayed Stadium,Abu Dhabi,Kolkata Knight Riders,Delhi Capitals,Delhi Capitals,field,0,1,0,0,0.4,0.6,0.5,0.7,-0.2,0.516,0.4541,0.0619,24,0.5417,0.5,0.0,0.5,Kolkata Knight Riders,1
1216498,2020/21,2020-10-24,Dubai International Cricket Stadium,Dubai,Punjab Kings,Sunrisers Hyderabad,Sunrisers Hyderabad,field,0,1,0,0,0.6,0.4,0.4,0.4,0.2,0.4624,0.5254,-0.0631,15,0.2667,0.5714,0.625,-0.0536,Punjab Kings,1
1216541,2020/21,2020-10-25,Sheikh Zayed Stadium,Abu Dhabi,Mumbai Indians,Rajasthan Royals,Mumbai Indians,bat,1,1,0,0,0.8,0.4,0.7,0.3,0.4,0.5888,0.5064,0.0824,21,0.5238,0.7143,0.6667,0.0476,Rajasthan Royals,0
1216544,2020/21,2020-10-25,Dubai International Cricket Stadium,Dubai,Royal Challengers Bengaluru,Chennai Super Kings,Royal Challengers Bengaluru,bat,1,1,0,0,0.8,0.2,0.7,0.2,0.6,0.4866,0.5886,-0.1019,24,0.375,0.625,0.5714,0.0536,Chennai Super Kings,0
1216520,2020/21,2020-10-26,Sharjah Cricket Stadium,Sharjah,Kolkata Knight Riders,Punjab Kings,Punjab Kings,field,0,1,0,0,0.4,0.8,0.6,0.5,-0.4,0.5185,0.4652,0.0533,26,0.6923,0.3333,0.75,-0.4167,Punjab Kings,0
1216524,2020/21,2020-10-27,Dubai International Cricket Stadium,Dubai,Sunrisers Hyderabad,Delhi Capitals,Delhi Capitals,field,0,1,0,0,0.2,0.4,0.4,0.6,-0.2,0.521,0.4516,0.0694,16,0.625,0.5556,0.7143,-0.1587,Sunrisers Hyderabad,1
1216499,2020/21,2020-10-28,Sheikh Zayed Stadium,Abu Dhabi,Royal Challengers Bengaluru,Mumbai Indians,Mumbai Indians,field,0,1,0,0,0.6,0.6,0.6,0.7,0.0,0.484,0.5859,-0.1018,26,0.3846,0.6667,0.625,0.0417,Mumbai Indians,0
1216536,2020/21,2020-10-29,Dubai International Cricket Stadium,Dubai,Kolkata Knight Riders,Chennai Super Kings,Chennai Super Kings,field,0,1,0,0,0.4,0.4,0.5,0.3,0.0,0.5158,0.5909,-0.0751,21,0.381,0.5,0.625,-0.125,Chennai Super Kings,0
1216537,2020/21,2020-10-30,Sheikh Zayed Stadium,Abu Dhabi,Punjab Kings,Rajasthan Royals,Rajasthan Royals,field,0,1,0,0,1.0,0.4,0.5,0.3,0.6,0.4681,0.5096,-0.0415,20,0.45,0.5,0.7143,-0.2143,Rajasthan Royals,0
1216502,2020/21,2020-10-31,Sharjah Cricket Stadium,Sharjah,Royal Challengers Bengaluru,Sunrisers Hyderabad,Sunrisers Hyderabad,field,0,1,0,0,0.4,0.4,0.6,0.5,0.0,0.4815,0.525,-0.0435,15,0.4667,0.5,0.0,0.5,Sunrisers Hyderabad,0
1216535,2020/21,2020-10-31,Dubai International Cricket Stadium,Dubai,Delhi Capitals,Mumbai Indians,Mumbai Indians,field,0,1,0,0,0.4,0.6,0.5,0.7,-0.2,0.4492,0.5879,-0.1387,25,0.48,0.625,0.0,0.625,Mumbai Indians,0
1216506,2020/21,2020-11-01,Sheikh Zayed Stadium,Abu Dhabi,Punjab Kings,Chennai Super Kings,Chennai Super Kings,field,0,1,0,0,0.8,0.4,0.5,0.4,0.4,0.4656,0.5932,-0.1276,22,0.4091,0.4,0.4,0.0,Chennai Super Kings,0
1216530,2020/21,2020-11-01,Dubai International Cricket Stadium,Dubai,Kolkata Knight Riders,Rajasthan Royals,Rajasthan Royals,field,0,1,0,0,0.4,0.6,0.4,0.4,-0.2,0.5131,0.5127,0.0004,21,0.5238,0.3333,0.1667,0.1667,Kolkata Knight Riders,1
1216505,2020/21,2020-11-02,Sheikh Zayed Stadium,Abu Dhabi,Royal Challengers Bengaluru,Delhi Capitals,Delhi Capitals,field,0,1,0,0,0.4,0.2,0.5,0.5,0.2,0.4789,0.4468,0.0321,23,0.6087,0.5,0.0,0.5,Delhi Capitals,0
1216495,2020/21,2020-11-03,Sharjah Cricket Stadium,Sharjah,Mumbai Indians,Sunrisers Hyderabad,Sunrisers Hyderabad,field,0,1,0,0,0.6,0.6,0.8,0.5,0.0,0.59,0.5289,0.0611,15,0.5333,0.6667,0.25,0.4167,Sunrisers Hyderabad,0
1237177,2020/21,2020-11-05,Dubai International Cricket Stadium,Dubai,Mumbai Indians,Delhi Capitals,Delhi Capitals,field,0,1,0,0,0.6,0.2,0.7,0.5,0.4,0.5871,0.4497,0.1373,26,0.5385,0.1667,0.5556,-0.3889,Mumbai Indians,1
1237178,2020/21,2020-11-06,Sheikh Zayed Stadium,Abu Dhabi,Royal Challengers Bengaluru,Sunrisers Hyderabad,Sunrisers Hyderabad,field,0,1,0,0,0.2,0.8,0.4,0.5,-0.6,0.4764,0.5328,-0.0563,16,0.4375,0.4,0.25,0.15,Sunrisers Hyderabad,0
1237180,2020/21,2020-11-08,Sheikh Zayed Stadium,Abu Dhabi,Delhi Capitals,Sunrisers Hyderabad,Delhi Capitals,bat,1,1,0,0,0.2,0.8,0.4,0.6,-0.6,0.4474,0.5366,-0.0892,17,0.3529,0.2,0.4,-0.2,Delhi Capitals,1
1237181,2020/21,2020-11-10,Dubai International Cricket Stadium,Dubai,Delhi Capitals,Mumbai Indians,Delhi Capitals,bat,1,1,0,0,0.4,0.6,0.4,0.7,-0.2,0.4503,0.5891,-0.1388,27,0.4444,0.5,0.2857,0.2143,Mumbai Indians,0
1254058,2021,2021-04-09,MA Chidambaram Stadium,Chennai,Mumbai Indians,Royal Challengers Bengaluru,Royal Challengers Bengaluru,field,0,1,0,0,0.8,0.0,0.7,0.4,0.8,0.5911,0.474,0.1172,27,0.6296,0.625,0.2222,0.4028,Royal Challengers Bengaluru,0
1254059,2021,2021-04-10,Wankhede Stadium,Mumbai,Chennai Super Kings,Delhi Capitals,Delhi Capitals,field,0,1,0,0,0.6,0.4,0.5,0.4,0.2,0.5955,0.4479,0.1476,23,0.6522,0.5,0.3333,0.1667,Delhi Capitals,0
1254060,2021,2021-04-11,MA Chidambaram Stadium,Chennai,Kolkata Knight Riders,Sunrisers Hyderabad,Sunrisers Hyderabad,field,0,1,0,0,0.4,0.8,0.5,0.5,-0.4,0.5156,0.5323,-0.0166,19,0.6316,0.2222,0.0,0.2222,Kolkata Knight Riders,1
1254061,2021,2021-04-12,Wankhede Stadium,Mumbai,Punjab Kings,Rajasthan Royals,Rajasthan Royals,field,0,1,0,0,0.6,0.6,0.5,0.4,0.0,0.4632,0.5094,-0.0463,21,0.4286,0.4545,0.5,-0.0455,Punjab Kings,1
1254062,2021,2021-04-13,MA Chidambaram Stadium,Chennai,Mumbai Indians,Kolkata Knight Riders,Kolkata Knight Riders,field,0,1,0,0,0.6,0.6,0.6,0.5,0.0,0.5882,0.5181,0.0701,27,0.7778,0.5556,0.3,0.2556,Mumbai Indians,1
1254063,2021,2021-04-14,MA Chidambaram Stadium,Chennai,Royal Challengers Bengaluru,Sunrisers Hyderabad,Sunrisers Hyderabad,field,0,1,0,0,0.2,0.6,0.4,0.5,-0.4,0.4767,0.528,-0.0513,17,0.4118,0.3,0.0,0.3,Royal Challengers Bengaluru,1
1254064,2021,2021-04-15,Wankhede Stadium,Mumbai,Delhi Capitals,Rajasthan Royals,Rajasthan Royals,field,0,1,0,0,0.6,0.4,0.4,0.4,0.2,0.4508,0.5062,-0.0555,22,0.5,0.4,0.4444,-0.0444,Rajasthan Royals,0
1254065,2021,2021-04-16,Wankhede Stadium,Mumbai,Punjab Kings,Chennai Super Kings,Chennai Super Kings,field,0,1,0,0,0.6,0.6,0.6,0.4,0.0,0.466,0.5922,-0.1262,23,0.3913,0.5,0.4667,0.0333,Chennai Super Kings,0
1254066,2021,2021-04-17,MA Chidambaram Stadium,Chennai,Mumbai Indians,Sunrisers Hyderabad,Mumbai Indians,bat,1,1,0,0,0.6,0.4,0.6,0.5,0.2,0.5902,0.5238,0.0664,16,0.5,0.6,0.0,0.6,Mumbai Indians,1
1254067,2021,2021-04-18,MA Chidambaram Stadium,Chennai,Royal Challengers Bengaluru,Kolkata Knight Riders,Royal Challengers Bengaluru,bat,1,1,0,0,0.4,0.4,0.4,0.4,0.0,0.4794,0.5155,-0.0361,26,0.4615,0.3636,0.2727,0.0909,Royal Challengers Bengaluru,1
1254068,2021,2021-04-18,Wankhede Stadium,Mumbai,Punjab Kings,Delhi Capitals,Delhi Capitals,field,0,1,0,0,0.4,0.4,0.6,0.3,0.0,0.4635,0.4485,0.0151,26,0.5769,0.4615,0.3636,0.0979,Delhi Capitals,0
1254069,2021,2021-04-19,Wankhede Stadium,Mumbai,Chennai Super Kings,Rajasthan Royals,Rajasthan Royals,field,0,1,0,0,0.8,0.6,0.5,0.5,0.2,0.5944,0.5093,0.0851,23,0.6087,0.5,0.5,0.0,Chennai Super Kings,1
1254070,2021,2021-04-20,MA Chidambaram Stadium,Chennai,Mumbai Indians,Delhi Capitals,Mumbai Indians,bat,1,1,0,0,0.8,0.6,0.7,0.4,0.2,0.5922,0.4513,0.141,28,0.5714,0.6364,0.25,0.3864,Delhi Capitals,0
1254071,2021,2021-04-21,MA Chidambaram Stadium,Chennai,Punjab Kings,Sunrisers Hyderabad,Punjab Kings,bat,1,1,0,0,0.2,0.2,0.6,0.5,0.0,0.4611,0.5197,-0.0585,16,0.3125,0.3333,0.0,0.3333,Sunrisers Hyderabad,0
1254072,2021,2021-04-21,Wankhede Stadium,Mumbai,Chennai Super Kings,Kolkata Knight Riders,Kolkata Knight Riders,field,0,1,0,0,0.8,0.4,0.6,0.4,0.4,0.5967,0.5128,0.0839,22,0.6364,0.5294,0.1111,0.4183,Chennai Super Kings,1
1254073,2021,2021-04-22,Wankhede Stadium,Mumbai,Rajasthan Royals,Royal Challengers Bengaluru,Royal Challengers Bengaluru,field,0,1,0,0,0.4,0.6,0.4,0.5,-0.2,0.5062,0.4821,0.0241,20,0.5,0.4545,0.3,0.1545,Royal Challengers Bengaluru,0
1254074,2021,2021-04-23,MA Chidambaram Stadium,Chennai,Mumbai Indians,Punjab Kings,Punjab Kings,field,0,1,0,0,0.6,0.2,0.6,0.5,0.4,0.5894,0.4588,0.1306,26,0.5385,0.5833,0.2857,0.2976,Punjab Kings,0
1254075,2021,2021-04-24,Wankhede Stadium,Mumbai,Kolkata Knight Riders,Rajasthan Royals,Rajasthan Royals,field,0,1,0,0,0.4,0.2,0.4,0.4,0.2,0.5102,0.5031,0.0071,22,0.5455,0.1,0.4167,-0.3167,Rajasthan Royals,0
1254076,2021,2021-04-25,Wankhede Stadium,Mumbai,Chennai Super Kings,Royal Challengers Bengaluru,Chennai Super Kings,bat,1,1,0,0,0.8,0.8,0.6,0.5,0.0,0.5989,0.4847,0.1142,25,0.64,0.5556,0.3636,0.1919,Chennai Super Kings,1
1254077,2021,2021-04-25,MA Chidambaram Stadium,Chennai,Delhi Capitals,Sunrisers Hyderabad,Delhi Capitals,bat,1,1,0,0,0.6,0.2,0.5,0.5,0.4,0.4541,0.5234,-0.0694,18,0.3889,0.3333,0.1429,0.1905,Delhi Capitals,1
1254078,2021,2021-04-26,"Narendra Modi Stadium, Ahmedabad",Ahmedabad,Punjab Kings,Kolkata Knight Riders,Kolkata Knight Riders,field,0,1,0,0,0.4,0.2,0.5,0.3,0.2,0.4615,0.5076,-0.0461,27,0.3333,1.0,0.0,1.0,Kolkata Knight Riders,0
1254079,2021,2021-04-27,"Narendra Modi Stadium, Ahmedabad",Ahmedabad,Royal Challengers Bengaluru,Delhi Capitals,Delhi Capitals,field,0,1,0,0,0.8,0.8,0.4,0.6,0.0,0.4822,0.4569,0.0254,24,0.5833,1.0,0.5,0.5,Royal Challengers Bengaluru,1
1254080,2021,2021-04-28,Arun Jaitley Stadium,Delhi,Sunrisers Hyderabad,Chennai Super Kings,Sunrisers Hyderabad,bat,1,1,0,0,0.2,0.8,0.5,0.7,-0.6,0.5194,0.6011,-0.0817,14,0.2857,0.75,0.75,0.0,Chennai Super Kings,0
1254081,2021,2021-04-29,Arun Jaitley Stadium,Delhi,Rajasthan Royals,Mumbai Indians,Mumbai Indians,field,0,1,0,0,0.4,0.4,0.5,0.6,0.0,0.5061,0.5865,-0.0804,22,0.5,0.4444,0.3636,0.0808,Mumbai Indians,0
1254082,2021,2021-04-29,"Narendra Modi Stadium, Ahmedabad",Ahmedabad,Kolkata Knight Riders,Delhi Capitals,Delhi Capitals,field,0,1,0,0,0.2,0.6,0.4,0.6,-0.4,0.5101,0.4545,0.0556,25,0.56,0.3333,0.3333,0.0,Delhi Capitals,0
1254083,2021,2021-04-30,"Narendra Modi Stadium, Ahmedabad",Ahmedabad,Punjab Kings,Royal Challengers Bengaluru,Royal Challengers Bengaluru,field,0,1,0,0,0.2,0.8,0.4,0.5,-0.6,0.4592,0.4848,-0.0257,26,0.5385,0.5,1.0,-0.5,Punjab Kings,1
1254084,2021,2021-05-01,Arun Jaitley Stadium,Delhi,Chennai Super Kings,Mumbai Indians,Mumbai Indians,field,0,1,0,0,1.0,0.6,0.8,0.6,0.4,0.6033,0.5885,0.0147,30,0.4,0.7778,0.4167,0.3611,Mumbai Indians,0
1254085,2021,2021-05-02,Arun Jaitley Stadium,Delhi,Rajasthan Royals,Sunrisers Hyderabad,Sunrisers Hyderabad,field,0,1,0,0,0.4,0.2,0.4,0.4,0.2,0.503,0.5154,-0.0124,13,0.4615,0.4,0.6667,-0.2667,Rajasthan Royals,1
1254086,2021,2021-05-02,"Narendra Modi Stadium, Ahmedabad",Ahmedabad,Punjab Kings,Delhi Capitals,Delhi Capitals,field,0,1,0,0,0.4,0.8,0.4,0.6,-0.4,0.4619,0.4573,0.0046,27,0.5556,0.6667,0.5,0.1667,Delhi Capitals,0
1254104,2021,2021-09-19,Dubai International Cricket Stadium,Dubai,Chennai Super Kings,Mumbai Indians,Chennai Super Kings,bat,1,1,0,0,0.8,0.6,0.8,0.6,0.2,0.6,0.5905,0.0095,31,0.3871,0.6667,0.375,0.2917,Chennai Super Kings,1
1254087,2021,2021-09-20,Sheikh Zayed Stadium,Abu Dhabi,Royal Challengers Bengaluru,Kolkata Knight Riders,Royal Challengers Bengaluru,bat,1,1,0,0,0.6,0.2,0.5,0.3,0.4,0.4824,0.5075,-0.0251,27,0.4815,0.3333,0.5455,-0.2121,Kolkata Knight Riders,0
1254111,2021,2021-09-21,Dubai International Cricket Stadium,Dubai,Rajasthan Royals,Punjab Kings,Punjab Kings,field,0,1,0,0,0.4,0.4,0.5,0.3,0.0,0.506,0.4596,0.0464,22,0.5455,0.1429,0.625,-0.4821,Rajasthan Royals,1
1254105,2021,2021-09-22,Dubai International Cricket Stadium,Dubai,Sunrisers Hyderabad,Delhi Capitals,Sunrisers Hyderabad,bat,1,1,0,0,0.2,0.8,0.3,0.7,-0.6,0.5115,0.46,0.0515,19,0.5789,0.6,0.4545,0.1455,Delhi Capitals,0
1254096,2021,2021-09-23,Sheikh Zayed Stadium,Abu Dhabi,Mumbai Indians,Kolkata Knight Riders,Kolkata Knight Riders,field,0,1,0,0,0.4,0.4,0.6,0.4,0.0,0.5877,0.51,0.0777,28,0.7857,0.6667,0.5833,0.0833,Kolkata Knight Riders,0
1254113,2021,2021-09-24,Sharjah Cricket Stadium,Sharjah,Royal Challengers Bengaluru,Chennai Super Kings,Chennai Super Kings,field,0,1,0,0,0.4,0.8,0.5,0.8,-0.4,0.48,0.6022,-0.1222,26,0.3462,0.4,0.25,0.15,Chennai Super Kings,0
1254097,2021,2021-09-25,Sheikh Zayed Stadium,Abu Dhabi,Delhi Capitals,Rajasthan Royals,Rajasthan Royals,field,0,1,0,0,0.8,0.6,0.7,0.5,0.2,0.4627,0.509,-0.0463,23,0.4783,0.3333,0.75,-0.4167,Delhi Capitals,1
1254107,2021,2021-09-25,Sharjah Cricket Stadium,Sharjah,Punjab Kings,Sunrisers Hyderabad,Sunrisers Hyderabad,field,0,1,0,0,0.4,0.2,0.3,0.2,0.2,0.4573,0.5076,-0.0503,17,0.2941,0.8,0.4,0.4,Punjab Kings,1
1254098,2021,2021-09-26,Sheikh Zayed Stadium,Abu Dhabi,Kolkata Knight Riders,Chennai Super Kings,Kolkata Knight Riders,bat,1,1,0,0,0.6,0.8,0.5,0.8,-0.2,0.5124,0.6043,-0.0918,23,0.3478,0.6154,0.5,0.1154,Chennai Super Kings,0
1254108,2021,2021-09-26,Dubai International Cricket Stadium,Dubai,Royal Challengers Bengaluru,Mumbai Indians,Mumbai Indians,field,0,1,0,0,0.2,0.4,0.5,0.5,-0.2,0.4776,0.5849,-0.1073,28,0.3929,0.5556,0.3333,0.2222,Royal Challengers Bengaluru,1
1254100,2021,2021-09-27,Dubai International Cricket Stadium,Dubai,Rajasthan Royals,Sunrisers Hyderabad,Rajasthan Royals,bat,1,1,0,0,0.6,0.0,0.4,0.1,0.6,0.506,0.5038,0.0022,14,0.5,0.25,0.5455,-0.2955,Sunrisers Hyderabad,0
1254092,2021,2021-09-28,Sharjah Cricket Stadium,Sharjah,Delhi Capitals,Kolkata Knight Riders,Kolkata Knight Riders,field,0,1,0,0,0.8,0.6,0.8,0.4,0.2,0.4653,0.5099,-0.0446,26,0.4615,0.8,0.25,0.55,Kolkata Knight Riders,0
1254099,2021,2021-09-28,Sheikh Zayed Stadium,Abu Dhabi,Punjab Kings,Mumbai Indians,Mumbai Indians,field,0,1,0,0,0.4,0.4,0.4,0.4,0.0,0.46,0.5822,-0.1222,27,0.4815,0.3333,0.6,-0.2667,Mumbai Indians,0
1254103,2021,2021-09-29,Dubai International Cricket Stadium,Dubai,Rajasthan Royals,Royal Challengers Bengaluru,Royal Challengers Bengaluru,field,0,1,0,0,0.4,0.4,0.4,0.6,0.0,0.503,0.4802,0.0228,21,0.4762,0.2222,0.6,-0.3778,Royal Challengers Bengaluru,0
1254091,2021,2021-09-30,Sharjah Cricket Stadium,Sharjah,Sunrisers Hyderabad,Chennai Super Kings,Chennai Super Kings,field,0,1,0,0,0.2,0.8,0.2,0.8,-0.6,0.5075,0.6064,-0.0989,15,0.2667,0.3333,0.4,-0.0667,Chennai Super Kings,0
1254102,2021,2021-10-01,Dubai International Cricket Stadium,Dubai,Kolkata Knight Riders,Punjab Kings,Punjab Kings,field,0,1,0,0,0.6,0.4,0.4,0.3,0.2,0.5123,0.4577,0.0546,28,0.6786,0.5,0.5556,-0.0556,Punjab Kings,0
1254089,2021,2021-10-02,Sheikh Zayed Stadium,Abu Dhabi,Chennai Super Kings,Rajasthan Royals,Rajasthan Royals,field,0,1,0,0,0.8,0.4,0.9,0.4,0.4,0.6085,0.5,0.1085,24,0.625,0.5714,0.6667,-0.0952,Rajasthan Royals,0
1254112,2021,2021-10-02,Sharjah Cricket Stadium,Sharjah,Mumbai Indians,Delhi Capitals,Delhi Capitals,field,0,1,0,0,0.4,0.8,0.5,0.7,-0.4,0.5841,0.4631,0.1211,29,0.5517,0.5,0.6667,-0.1667,Delhi Capitals,0
1254090,2021,2021-10-03,Sharjah Cricket Stadium,Sharjah,Royal Challengers Bengaluru,Punjab Kings,Royal Challengers Bengaluru,bat,1,1,0,0,0.4,0.4,0.6,0.4,0.0,0.4828,0.4604,0.0224,27,0.4444,0.3333,0.8333,-0.5,Royal Challengers Bengaluru,1
1254109,2021,2021-10-03,Dubai International Cricket Stadium,Dubai,Sunrisers Hyderabad,Kolkata Knight Riders,Sunrisers Hyderabad,bat,1,1,0,0,0.2,0.6,0.2,0.4,-0.4,0.5037,0.5098,-0.0061,20,0.35,0.5833,0.4,0.1833,Kolkata Knight Riders,0
1254110,2021,2021-10-04,Dubai International Cricket Stadium,Dubai,Chennai Super Kings,Delhi Capitals,Delhi Capitals,field,0,1,0,0,0.8,0.8,0.8,0.8,0.0,0.6053,0.4657,0.1396,24,0.625,0.7,0.5,0.2,Delhi Capitals,0
1254093,2021,2021-10-05,Sharjah Cricket Stadium,Sharjah,Rajasthan Royals,Mumbai Indians,Mumbai Indians,field,0,1,0,0,0.4,0.2,0.4,0.4,0.2,0.5029,0.5814,-0.0785,23,0.4783,0.5,0.4,0.1,Mumbai Indians,0
1254095,2021,2021-10-06,Sheikh Zayed Stadium,Abu Dhabi,Sunrisers Hyderabad,Royal Challengers Bengaluru,Royal Challengers Bengaluru,field,0,1,0,0,0.2,0.6,0.2,0.6,-0.4,0.5,0.4853,0.0147,18,0.5556,0.3333,0.2857,0.0476,Sunrisers Hyderabad,1
1254094,2021,2021-10-07,Dubai International Cricket Stadium,Dubai,Chennai Super Kings,Punjab Kings,Punjab Kings,field,0,1,0,0,0.6,0.4,0.7,0.4,0.2,0.6021,0.4581,0.144,24,0.625,0.6364,0.6,0.0364,Punjab Kings,0
1254106,2021,2021-10-07,Sharjah Cricket Stadium,Sharjah,Kolkata Knight Riders,Rajasthan Royals,Rajasthan Royals,field,0,1,0,0,0.6,0.2,0.5,0.4,0.4,0.5122,0.5,0.0122,23,0.5217,0.4,0.4,0.0,Kolkata Knight Riders,1
1254088,2021,2021-10-08,Sheikh Zayed Stadium,Abu Dhabi,Mumbai Indians,Sunrisers Hyderabad,Mumbai Indians,bat,1,1,0,0,0.4,0.4,0.4,0.3,0.0,0.5833,0.5036,0.0797,17,0.5294,0.6364,0.4286,0.2078,Mumbai Indians,1
1254101,2021,2021-10-08,Dubai International Cricket Stadium,Dubai,Delhi Capitals,Royal Challengers Bengaluru,Royal Challengers Bengaluru,field,0,1,0,0,0.8,0.6,0.8,0.5,0.2,0.4683,0.4829,-0.0146,25,0.4,0.5385,0.6364,-0.0979,Royal Challengers Bengaluru,0
1254114,2021,2021-10-10,Dubai International Cricket Stadium,Dubai,Delhi Capitals,Chennai Super Kings,Chennai Super Kings,field,0,1,0,0,0.6,0.4,0.7,0.6,0.2,0.466,0.599,-0.1329,25,0.4,0.5,0.5833,-0.0833,Chennai Super Kings,0
1254115,2021,2021-10-11,Sharjah Cricket Stadium,Sharjah,Royal Challengers Bengaluru,Kolkata Knight Riders,Royal Challengers Bengaluru,bat,1,1,0,0,0.8,0.6,0.5,0.6,0.2,0.4854,0.5146,-0.0291,28,0.4643,0.4286,0.5,-0.0714,Kolkata Knight Riders,0
1254116,2021,2021-10-13,Sharjah Cricket Stadium,Sharjah,Delhi Capitals,Kolkata Knight Riders,Kolkata Knight Riders,field,0,1,0,0,0.4,0.8,0.6,0.7,-0.4,0.4638,0.5169,-0.0531,27,0.4444,0.7143,0.5714,0.1429,Kolkata Knight Riders,0
1254117,2021,2021-10-15,Dubai International Cricket Stadium,Dubai,Chennai Super Kings,Kolkata Knight Riders,Kolkata Knight Riders,field,0,1,0,0,0.4,0.8,0.6,0.7,-0.4,0.601,0.5192,0.0818,24,0.6667,0.6154,0.5,0.1154,Chennai Super Kings,1
1304047,2022,2022-03-26,Wankhede Stadium,Mumbai,Chennai Super Kings,Kolkata Knight Riders,Kolkata Knight Riders,field,0,1,0,0,0.4,0.8,0.6,0.7,-0.4,0.6031,0.5167,0.0863,25,0.68,0.5789,0.0909,0.488,Kolkata Knight Riders,0
1304048,2022,2022-03-27,Brabourne Stadium,Mumbai,Mumbai Indians,Delhi Capitals,Delhi Capitals,field,0,1,1,0,0.6,0.4,0.5,0.6,0.2,0.5853,0.4615,0.1237,30,0.5333,0.75,0.0,0.75,Delhi Capitals,0
1304049,2022,2022-03-27,Dr DY Patil Sports Academy,Mumbai,Royal Challengers Bengaluru,Punjab Kings,Punjab Kings,field,0,1,0,0,0.6,0.6,0.5,0.5,0.0,0.4831,0.4608,0.0223,28,0.4643,0.5,0.0,0.5,Punjab Kings,0
1304050,2022,2022-03-28,Wankhede Stadium,Mumbai,Lucknow Super Giants,Gujarat Titans,Gujarat Titans,field,0,1,0,0,0.5,0.5,0.5,0.5,0.0,0.5,0.5,0.0,0,0.5,0.5,0.5,0.0,Gujarat Titans,0
1304051,2022,2022-03-29,Maharashtra Cricket Association Stadium,Pune,Rajasthan Royals,Sunrisers Hyderabad,Sunrisers Hyderabad,field,0,1,0,0,0.2,0.4,0.4,0.2,-0.2,0.4971,0.5,-0.0029,15,0.4667,0.4,0.3333,0.0667,Rajasthan Royals,1
1304052,2022,2022-03-30,Dr DY Patil Sports Academy,Mumbai,Kolkata Knight Riders,Royal Challengers Bengaluru,Royal Challengers Bengaluru,field,0,1,0,0,0.8,0.4,0.7,0.4,0.4,0.519,0.4808,0.0383,29,0.5517,1.0,0.3333,0.6667,Royal Challengers Bengaluru,0
1304053,2022,2022-03-31,Brabourne Stadium,Mumbai,Chennai Super Kings,Lucknow Super Giants,Lucknow Super Giants,field,0,1,0,0,0.4,0.0,0.6,0.0,0.4,0.6,0.0,0.6,0,0.5,0.5,0.0,0.5,Lucknow Super Giants,0
1304054,2022,2022-04-01,Wankhede Stadium,Mumbai,Punjab Kings,Kolkata Knight Riders,Kolkata Knight Riders,field,0,1,0,0,0.6,0.6,0.5,0.6,0.0,0.4634,0.5166,-0.0532,29,0.3448,0.4286,0.1667,0.2619,Kolkata Knight Riders,0
1304055,2022,2022-04-02,Dr DY Patil Sports Academy,Mumbai,Rajasthan Royals,Mumbai Indians,Mumbai Indians,field,0,1,0,0,0.4,0.6,0.4,0.5,-0.2,0.5,0.5826,-0.0826,24,0.4583,0.5,0.7143,-0.2143,Rajasthan Royals,1
1304056,2022,2022-04-02,Maharashtra Cricket Association Stadium,Pune,Gujarat Titans,Delhi Capitals,Delhi Capitals,field,0,1,0,0,1.0,0.4,1.0,0.6,0.6,1.0,0.4641,0.5359,0,0.5,1.0,0.5,0.5,Gujarat Titans,1
1304057,2022,2022-04-03,Brabourne Stadium,Mumbai,Punjab Kings,Chennai Super Kings,Chennai Super Kings,field,0,1,0,0,0.6,0.4,0.5,0.5,0.2,0.4612,0.5969,-0.1358,25,0.4,0.0,0.3333,-0.3333,Punjab Kings,1
1304058,2022,2022-04-04,Dr DY Patil Sports Academy,Mumbai,Lucknow Super Giants,Sunrisers Hyderabad,Sunrisers Hyderabad,field,0,1,0,0,0.5,0.2,0.5,0.2,0.3,0.5,0.4964,0.0036,0,0.5,0.5,0.4964,0.0036,Lucknow Super Giants,1
1304059,2022,2022-04-05,Wankhede Stadium,Mumbai,Rajasthan Royals,Royal Challengers Bengaluru,Royal Challengers Bengaluru,field,0,1,0,0,0.6,0.4,0.5,0.5,0.2,0.5029,0.4833,0.0196,22,0.4545,0.4615,0.3333,0.1282,Royal Challengers Bengaluru,0
1304060,2022,2022-04-06,Maharashtra Cricket Association Stadium,Pune,Mumbai Indians,Kolkata Knight Riders,Kolkata Knight Riders,field,0,1,0,0,0.4,0.6,0.4,0.7,-0.2,0.5799,0.5189,0.061,29,0.7586,0.8,1.0,-0.2,Kolkata Knight Riders,0
1304061,2022,2022-04-07,Dr DY Patil Sports Academy,Mumbai,Delhi Capitals,Lucknow Super Giants,Lucknow Super Giants,field,0,1,0,0,0.2,0.6667,0.5,0.6667,-0.4667,0.4619,0.6667,-0.2048,0,0.5,0.5,1.0,-0.5,Lucknow Super Giants,0
1304062,2022,2022-04-08,Brabourne Stadium,Mumbai,Punjab Kings,Gujarat Titans,Gujarat Titans,field,0,1,0,0,0.6,1.0,0.5,1.0,-0.4,0.4638,1.0,-0.5362,0,0.5,0.5,1.0,-0.5,Gujarat Titans,0
1304063,2022,2022-04-09,Dr DY Patil Sports Academy,Mumbai,Chennai Super Kings,Sunrisers Hyderabad,Sunrisers Hyderabad,field,0,1,0,0,0.4,0.2,0.4,0.2,0.2,0.5939,0.4929,0.1011,16,0.75,0.75,0.0,0.75,Sunrisers Hyderabad,0
1304064,2022,2022-04-09,Maharashtra Cricket Association Stadium,Pune,Mumbai Indians,Royal Challengers Bengaluru,Royal Challengers Bengaluru,field,0,1,0,0,0.4,0.6,0.3,0.6,-0.2,0.5773,0.4857,0.0916,29,0.5862,0.6667,0.6667,0.0,Royal Challengers Bengaluru,0
1304065,2022,2022-04-10,Brabourne Stadium,Mumbai,Delhi Capitals,Kolkata Knight Riders,Kolkata Knight Riders,field,0,1,0,0,0.2,0.6,0.4,0.7,-0.4,0.4597,0.5211,-0.0614,28,0.4286,0.3333,0.0,0.3333,Delhi Capitals,1
1304066,2022,2022-04-10,Wankhede Stadium,Mumbai,Rajasthan Royals,Lucknow Super Giants,Lucknow Super Giants,field,0,1,0,0,0.4,0.75,0.4,0.75,-0.35,0.5,0.75,-0.25,0,0.5,0.4286,0.0,0.4286,Rajasthan Royals,1
1304067,2022,2022-04-11,Dr DY Patil Sports Academy,Mumbai,Gujarat Titans,Sunrisers Hyderabad,Sunrisers Hyderabad,field,0,1,0,0,1.0,0.4,1.0,0.3,0.6,1.0,0.4965,0.5035,0,0.5,1.0,0.5,0.5,Sunrisers Hyderabad,0
1304068,2022,2022-04-12,Dr DY Patil Sports Academy,Mumbai,Chennai Super Kings,Royal Challengers Bengaluru,Royal Challengers Bengaluru,field,0,1,0,0,0.2,0.6,0.3,0.7,-0.4,0.5909,0.4882,0.1028,27,0.6667,0.6,0.5,0.1,Chennai Super Kings,1
1304069,2022,2022-04-13,Maharashtra Cricket Association Stadium,Pune,Punjab Kings,Mumbai Indians,Mumbai Indians,field,0,1,0,0,0.6,0.2,0.5,0.3,0.4,0.4615,0.5747,-0.1131,28,0.4643,0.1429,0.5714,-0.4286,Punjab Kings,1
1304070,2022,2022-04-14,Dr DY Patil Sports Academy,Mumbai,Gujarat Titans,Rajasthan Royals,Rajasthan Royals,field,0,1,0,0,0.75,0.6,0.75,0.4,0.15,0.75,0.5028,0.2472,0,0.5,0.0,0.6667,-0.6667,Gujarat Titans,1
1304071,2022,2022-04-15,Brabourne Stadium,Mumbai,Kolkata Knight Riders,Sunrisers Hyderabad,Sunrisers Hyderabad,field,0,1,0,0,0.6,0.4,0.7,0.4,0.2,0.5187,0.5,0.0187,21,0.6667,0.0,1.0,-1.0,Sunrisers Hyderabad,0
1304072,2022,2022-04-16,Brabourne Stadium,Mumbai,Lucknow Super Giants,Mumbai Indians,Mumbai Indians,field,0,1,0,1,0.6,0.0,0.6,0.3,0.6,0.6,0.5721,0.0279,0,0.5,1.0,0.6667,0.3333,Lucknow Super Giants,1
1304073,2022,2022-04-16,Wankhede Stadium,Mumbai,Royal Challengers Bengaluru,Delhi Capitals,Delhi Capitals,field,0,1,0,0,0.6,0.4,0.6,0.4,0.2,0.4858,0.4623,0.0236,26,0.6154,0.3846,0.4167,-0.0321,Royal Challengers Bengaluru,1
1304074,2022,2022-04-17,Dr DY Patil Sports Academy,Mumbai,Punjab Kings,Sunrisers Hyderabad,Sunrisers Hyderabad,field,0,1,0,0,0.6,0.6,0.6,0.5,0.0,0.4641,0.5035,-0.0394,18,0.3333,0.5,0.6667,-0.1667,Sunrisers Hyderabad,0
1304075,2022,2022-04-17,Maharashtra Cricket Association Stadium,Pune,Chennai Super Kings,Gujarat Titans,Gujarat Titans,field,0,1,0,0,0.2,0.8,0.3,0.8,-0.6,0.593,0.8,-0.207,0,0.5,0.75,1.0,-0.25,Gujarat Titans,0
1304076,2022,2022-04-18,Brabourne Stadium,Mumbai,Rajasthan Royals,Kolkata Knight Riders,Kolkata Knight Riders,field,0,1,0,0,0.6,0.4,0.4,0.6,0.2,0.5,0.5163,-0.0163,24,0.4583,0.5,0.0,0.5,Rajasthan Royals,1
1304077,2022,2022-04-19,Dr DY Patil Sports Academy,Mumbai,Royal Challengers Bengaluru,Lucknow Super Giants,Lucknow Super Giants,field,0,1,0,0,0.8,0.8,0.6,0.6667,0.0,0.4883,0.6667,-0.1784,0,0.5,0.4,1.0,-0.6,Royal Challengers Bengaluru,1
1304078,2022,2022-04-20,Brabourne Stadium,Mumbai,Punjab Kings,Delhi Capitals,Delhi Capitals,field,0,1,0,0,0.4,0.4,0.5,0.4,0.0,0.4619,0.4601,0.0018,28,0.5357,0.3333,0.5,-0.1667,Delhi Capitals,0
1304079,2022,2022-04-21,Dr DY Patil Sports Academy,Navi Mumbai,Mumbai Indians,Chennai Super Kings,Chennai Super Kings,field,0,1,0,0,0.0,0.2,0.3,0.3,-0.2,0.5695,0.59,-0.0205,32,0.5938,0.625,0.6667,-0.0417,Chennai Super Kings,0
1304080,2022,2022-04-22,Wankhede Stadium,Mumbai,Rajasthan Royals,Delhi Capitals,Delhi Capitals,field,0,1,0,0,0.6,0.4,0.5,0.4,0.2,0.5028,0.4626,0.0402,24,0.5,0.4667,0.3846,0.0821,Rajasthan Royals,1
1304081,2022,2022-04-23,Dr DY Patil Sports Academy,Navi Mumbai,Gujarat Titans,Kolkata Knight Riders,Gujarat Titans,bat,1,1,0,0,0.8,0.4,0.8333,0.5,0.4,0.8333,0.5139,0.3194,0,0.5,0.5,0.6667,-0.1667,Gujarat Titans,1
1304082,2022,2022-04-23,Brabourne Stadium,Mumbai,Royal Challengers Bengaluru,Sunrisers Hyderabad,Sunrisers Hyderabad,field,0,1,0,0,0.8,0.8,0.6,0.5,0.0,0.4907,0.5069,-0.0163,19,0.4211,1.0,1.0,0.0,Sunrisers Hyderabad,0
1304083,2022,2022-04-24,Wankhede Stadium,Mumbai,Lucknow Super Giants,Mumbai Indians,Mumbai Indians,field,0,1,0,1,0.6,0.0,0.5714,0.2,0.6,0.5714,0.567,0.0045,1,1.0,0.0,0.6269,-0.6269,Lucknow Super Giants,1
1304084,2022,2022-04-25,Wankhede Stadium,Mumbai,Punjab Kings,Chennai Super Kings,Chennai Super Kings,field,0,1,0,0,0.4,0.4,0.5,0.4,0.0,0.4597,0.592,-0.1323,26,0.4231,0.4,0.55,-0.15,Punjab Kings,1
1304085,2022,2022-04-26,Maharashtra Cricket Association Stadium,Pune,Rajasthan Royals,Royal Challengers Bengaluru,Royal Challengers Bengaluru,field,0,1,0,0,0.6,0.6,0.6,0.6,0.0,0.5056,0.4884,0.0172,23,0.4348,0.5,0.7143,-0.2143,Rajasthan Royals,1
1304086,2022,2022-04-27,Wankhede Stadium,Mumbai,Sunrisers Hyderabad,Gujarat Titans,Gujarat Titans,field,0,1,0,0,1.0,0.8,0.6,0.8571,0.2,0.5103,0.8571,-0.3468,1,1.0,0.1429,1.0,-0.8571,Gujarat Titans,0
1304087,2022,2022-04-28,Wankhede Stadium,Mumbai,Kolkata Knight Riders,Delhi Capitals,Delhi Capitals,field,0,1,0,0,0.2,0.4,0.4,0.3,-0.2,0.5115,0.4605,0.0511,29,0.5517,0.2308,0.3571,-0.1264,Delhi Capitals,0
1304088,2022,2022-04-29,Maharashtra Cricket Association Stadium,Pune,Lucknow Super Giants,Punjab Kings,Punjab Kings,field,0,1,0,0,0.6,0.4,0.625,0.5,0.2,0.625,0.4623,0.1627,0,0.5,0.625,0.25,0.375,Lucknow Super Giants,1
1304089,2022,2022-04-30,Brabourne Stadium,Mumbai,Royal Challengers Bengaluru,Gujarat Titans,Royal Challengers Bengaluru,bat,1,1,0,0,0.4,0.8,0.5,0.875,-0.4,0.4861,0.875,-0.3889,0,0.5,0.5,1.0,-0.5,Gujarat Titans,0
1304090,2022,2022-04-30,Dr DY Patil Sports Academy,Navi Mumbai,Rajasthan Royals,Mumbai Indians,Mumbai Indians,field,0,1,0,0,0.8,0.0,0.6,0.2,0.8,0.5083,0.5644,-0.0562,25,0.48,0.5,0.5556,-0.0556,Mumbai Indians,0
1304091,2022,2022-05-01,Wankhede Stadium,Mumbai,Lucknow Super Giants,Delhi Capitals,Lucknow Super Giants,bat,1,1,0,0,0.6,0.6,0.6667,0.4,0.0,0.6667,0.463,0.2037,1,1.0,0.3333,0.4,-0.0667,Lucknow Super Giants,1
1304092,2022,2022-05-01,Maharashtra Cricket Association Stadium,Pune,Chennai Super Kings,Sunrisers Hyderabad,Sunrisers Hyderabad,field,0,1,0,0,0.4,0.8,0.4,0.6,-0.4,0.5891,0.5068,0.0823,17,0.7059,0.6667,0.25,0.4167,Chennai Super Kings,1
1304093,2022,2022-05-02,Wankhede Stadium,Mumbai,Rajasthan Royals,Kolkata Knight Riders,Kolkata Knight Riders,field,0,1,0,0,0.6,0.0,0.6,0.3,0.6,0.5055,0.5092,-0.0037,25,0.48,0.5,0.2143,0.2857,Kolkata Knight Riders,0
1304094,2022,2022-05-03,Dr DY Patil Sports Academy,Navi Mumbai,Gujarat Titans,Punjab Kings,Gujarat Titans,bat,1,1,0,0,1.0,0.4,0.8889,0.5,0.6,0.8889,0.4601,0.4288,1,1.0,0.6667,0.3333,0.3333,Punjab Kings,0
1304095,2022,2022-05-04,Maharashtra Cricket Association Stadium,Pune,Royal Challengers Bengaluru,Chennai Super Kings,Chennai Super Kings,field,0,1,0,0,0.4,0.6,0.5,0.4,-0.2,0.4839,0.5911,-0.1073,28,0.3214,0.625,0.7,-0.075,Royal Challengers Bengaluru,1
1304096,2022,2022-05-05,Brabourne Stadium,Mumbai,Delhi Capitals,Sunrisers Hyderabad,Sunrisers Hyderabad,field,0,1,0,0,0.4,0.6,0.4,0.5,-0.2,0.4608,0.5034,-0.0426,20,0.45,0.6,1.0,-0.4,Delhi Capitals,1
1304097,2022,2022-05-06,Brabourne Stadium,Mumbai,Mumbai Indians,Gujarat Titans,Gujarat Titans,field,0,1,1,0,0.2,0.8,0.2,0.8,-0.6,0.5664,0.8,-0.2336,0,0.5,0.6,1.0,-0.4,Mumbai Indians,1
1304098,2022,2022-05-07,Wankhede Stadium,Mumbai,Punjab Kings,Rajasthan Royals,Punjab Kings,bat,1,1,0,0,0.4,0.6,0.5,0.6,-0.2,0.4626,0.5027,-0.0401,23,0.4348,0.4375,0.4706,-0.0331,Rajasthan Royals,0
1304099,2022,2022-05-07,Maharashtra Cricket Association Stadium,Pune,Lucknow Super Giants,Kolkata Knight Riders,Kolkata Knight Riders,field,0,1,0,0,0.8,0.2,0.7,0.4,0.6,0.7,0.5114,0.1886,0,0.5,1.0,1.0,0.0,Lucknow Super Giants,1
1304100,2022,2022-05-08,Wankhede Stadium,Mumbai,Royal Challengers Bengaluru,Sunrisers Hyderabad,Royal Challengers Bengaluru,bat,1,1,0,0,0.4,0.4,0.6,0.5,0.0,0.4862,0.5,-0.0138,20,0.4,0.4286,0.125,0.3036,Royal Challengers Bengaluru,1
1304101,2022,2022-05-08,Dr DY Patil Sports Academy,Navi Mumbai,Chennai Super Kings,Delhi Capitals,Delhi Capitals,field,0,1,0,0,0.4,0.6,0.3,0.5,-0.2,0.5882,0.4633,0.1249,26,0.6154,0.7143,0.3333,0.381,Chennai Super Kings,1
1304102,2022,2022-05-09,Dr DY Patil Sports Academy,Navi Mumbai,Kolkata Knight Riders,Mumbai Indians,Mumbai Indians,field,0,1,0,0,0.2,0.4,0.3,0.2,-0.2,0.5091,0.5683,-0.0592,30,0.2667,0.5,0.6,-0.1,Kolkata Knight Riders,1
1304103,2022,2022-05-10,Maharashtra Cricket Association Stadium,Pune,Gujarat Titans,Lucknow Super Giants,Gujarat Titans,bat,1,1,0,0,0.6,0.8,0.7,0.8,-0.2,0.7273,0.7273,0.0,1,1.0,1.0,1.0,0.0,Gujarat Titans,1
1304104,2022,2022-05-11,Dr DY Patil Sports Academy,Navi Mumbai,Rajasthan Royals,Delhi Capitals,Delhi Capitals,field,0,1,0,0,0.6,0.4,0.6,0.4,0.2,0.5054,0.4612,0.0442,25,0.52,0.4,0.25,0.15,Delhi Capitals,0
1304105,2022,2022-05-12,Wankhede Stadium,Mumbai,Chennai Super Kings,Mumbai Indians,Mumbai Indians,field,0,1,0,1,0.6,0.4,0.4,0.2,0.2,0.5902,0.5658,0.0245,33,0.4242,0.5238,0.6176,-0.0938,Mumbai Indians,0
1304106,2022,2022-05-13,Brabourne Stadium,Mumbai,Punjab Kings,Royal Challengers Bengaluru,Royal Challengers Bengaluru,field,0,1,0,0,0.4,0.4,0.4,0.6,0.0,0.4605,0.4886,-0.0281,29,0.5517,0.25,0.3333,-0.0833,Punjab Kings,1
1304107,2022,2022-05-14,Maharashtra Cricket Association Stadium,Pune,Kolkata Knight Riders,Sunrisers Hyderabad,Kolkata Knight Riders,bat,1,1,0,0,0.4,0.2,0.4,0.5,0.2,0.5113,0.4966,0.0147,22,0.6364,0.875,0.2,0.675,Kolkata Knight Riders,1
1304108,2022,2022-05-15,Wankhede Stadium,Mumbai,Chennai Super Kings,Gujarat Titans,Chennai Super Kings,bat,1,1,0,0,0.4,0.6,0.4,0.7,-0.2,0.5874,0.75,-0.1626,1,0.0,0.5,1.0,-0.5,Gujarat Titans,0
1304109,2022,2022-05-15,Brabourne Stadium,Mumbai,Rajasthan Royals,Lucknow Super Giants,Rajasthan Royals,bat,1,1,0,0,0.4,0.8,0.5,0.7,-0.4,0.5027,0.6667,-0.164,1,1.0,0.6,1.0,-0.4,Rajasthan Royals,1
1304110,2022,2022-05-16,Dr DY Patil Sports Academy,Navi Mumbai,Delhi Capitals,Punjab Kings,Punjab Kings,field,0,1,0,0,0.6,0.6,0.5,0.5,0.0,0.4636,0.463,0.0007,29,0.4828,0.4,0.5,-0.1,Delhi Capitals,1
1304111,2022,2022-05-17,Wankhede Stadium,Mumbai,Sunrisers Hyderabad,Mumbai Indians,Mumbai Indians,field,0,1,0,1,0.0,0.6,0.5,0.3,-0.6,0.4933,0.5677,-0.0744,18,0.4444,0.1111,0.6232,-0.5121,Sunrisers Hyderabad,1
1304112,2022,2022-05-18,Dr DY Patil Sports Academy,Navi Mumbai,Lucknow Super Giants,Kolkata Knight Riders,Lucknow Super Giants,bat,1,1,0,0,0.6,0.6,0.6,0.4,0.0,0.6154,0.5135,0.1019,1,1.0,0.6667,0.6,0.0667,Lucknow Super Giants,1
1304113,2022,2022-05-19,Wankhede Stadium,Mumbai,Gujarat Titans,Royal Challengers Bengaluru,Gujarat Titans,bat,1,1,0,0,0.6,0.4,0.7,0.5,0.2,0.7692,0.4864,0.2829,1,1.0,1.0,0.4667,0.5333,Royal Challengers Bengaluru,0
1304114,2022,2022-05-20,Brabourne Stadium,Mumbai,Chennai Super Kings,Rajasthan Royals,Chennai Super Kings,bat,1,1,0,0,0.4,0.4,0.4,0.6,0.0,0.5845,0.5054,0.0792,25,0.6,0.25,0.6667,-0.4167,Rajasthan Royals,0
1304115,2022,2022-05-21,Wankhede Stadium,Mumbai,Delhi Capitals,Mumbai Indians,Mumbai Indians,field,0,1,0,1,0.6,0.6,0.6,0.3,0.0,0.4661,0.5652,-0.0992,31,0.4839,0.375,0.6143,-0.2393,Mumbai Indians,0
1304116,2022,2022-05-22,Wankhede Stadium,Mumbai,Sunrisers Hyderabad,Punjab Kings,Sunrisers Hyderabad,bat,1,1,0,0,0.2,0.4,0.5,0.4,-0.2,0.4967,0.4608,0.0359,19,0.6842,0.2,0.4118,-0.2118,Punjab Kings,0
1312197,2022,2022-05-24,Eden Gardens,Kolkata,Rajasthan Royals,Gujarat Titans,Gujarat Titans,field,0,1,0,0,0.6,0.4,0.6,0.7,0.2,0.508,0.7143,-0.2063,1,0.0,0.2222,0.7143,-0.4921,Gujarat Titans,0
1312198,2022,2022-05-25,Eden Gardens,Kolkata,Royal Challengers Bengaluru,Lucknow Super Giants,Lucknow Super Giants,field,0,1,0,0,0.6,0.6,0.5,0.6,0.0,0.4887,0.6429,-0.1542,1,1.0,0.4,0.6429,-0.2429,Royal Challengers Bengaluru,1
1312199,2022,2022-05-27,"Narendra Modi Stadium, Ahmedabad",Ahmedabad,Royal Challengers Bengaluru,Rajasthan Royals,Rajasthan Royals,field,0,1,0,0,0.8,0.6,0.6,0.6,0.2,0.491,0.5053,-0.0143,24,0.5417,0.6667,0.5833,0.0833,Rajasthan Royals,0
1312200,2022,2022-05-29,"Narendra Modi Stadium, Ahmedabad",Ahmedabad,Rajasthan Royals,Gujarat Titans,Rajasthan Royals,bat,1,1,0,1,0.6,0.6,0.6,0.7,0.0,0.5079,0.7333,-0.2254,2,0.0,0.6154,0.7333,-0.1179,Gujarat Titans,0
1359475,2023,2023-03-31,"Narendra Modi Stadium, Ahmedabad",Ahmedabad,Chennai Super Kings,Gujarat Titans,Gujarat Titans,field,0,1,0,1,0.2,0.8,0.4,0.7,-0.6,0.5817,0.75,-0.1683,2,0.0,0.0,1.0,-1.0,Gujarat Titans,0
1359476,2023,2023-04-01,Punjab Cricket Association IS Bindra Stadium,Chandigarh,Punjab Kings,Kolkata Knight Riders,Kolkata Knight Riders,field,0,1,1,0,0.6,0.6,0.5,0.3,0.0,0.4633,0.5112,-0.0479,30,0.3333,0.5357,0.5714,-0.0357,Punjab Kings,1
1359477,2023,2023-04-01,"Bharat Ratna Shri Atal Bihari Vajpayee Ekana Cricket Stadium, Lucknow",Lucknow,Lucknow Super Giants,Delhi Capitals,Delhi Capitals,field,0,1,1,0,0.4,0.6,0.6,0.5,-0.2,0.6,0.464,0.136,2,1.0,0.6,0.464,0.136,Lucknow Super Giants,1
1359478,2023,2023-04-02,Rajiv Gandhi International Stadium,Hyderabad,Rajasthan Royals,Sunrisers Hyderabad,Sunrisers Hyderabad,field,0,1,0,1,0.6,0.2,0.5,0.4,0.4,0.5053,0.4934,0.0118,16,0.5,0.3333,0.6818,-0.3485,Rajasthan Royals,1
1359479,2023,2023-04-02,M Chinnaswamy Stadium,Bengaluru,Mumbai Indians,Royal Challengers Bengaluru,Royal Challengers Bengaluru,field,0,1,0,1,0.6,0.6,0.4,0.5,0.0,0.5671,0.4888,0.0783,30,0.5667,0.75,0.5068,0.2432,Royal Challengers Bengaluru,0
1359480,2023,2023-04-03,MA Chidambaram Stadium,Chennai,Chennai Super Kings,Lucknow Super Giants,Lucknow Super Giants,field,0,1,1,0,0.2,0.4,0.3,0.6,-0.2,0.5789,0.625,-0.0461,1,0.0,0.7143,0.625,0.0893,Chennai Super Kings,1
1359481,2023,2023-04-04,Arun Jaitley Stadium,Delhi,Delhi Capitals,Gujarat Titans,Gujarat Titans,field,0,1,1,0,0.4,0.8,0.5,0.7,-0.4,0.4619,0.7647,-0.3028,1,0.0,0.4493,0.7647,-0.3154,Gujarat Titans,0
1359482,2023,2023-04-05,"Barsapara Cricket Stadium, Guwahati",Guwahati,Punjab Kings,Rajasthan Royals,Rajasthan Royals,field,0,1,0,0,0.6,0.6,0.5,0.5,0.0,0.4658,0.5079,-0.0421,24,0.4167,0.4658,0.5079,-0.0421,Punjab Kings,1
1359483,2023,2023-04-06,Eden Gardens,Kolkata,Kolkata Knight Riders,Royal Challengers Bengaluru,Royal Challengers Bengaluru,field,0,1,1,0,0.4,0.6,0.3,0.5,-0.2,0.5089,0.4911,0.0179,30,0.5333,0.6081,0.4545,0.1536,Kolkata Knight Riders,1
1359484,2023,2023-04-07,"Bharat Ratna Shri Atal Bihari Vajpayee Ekana Cricket Stadium, Lucknow",Lucknow,Sunrisers Hyderabad,Lucknow Super Giants,Sunrisers Hyderabad,bat,1,1,0,1,0.2,0.4,0.3,0.6,-0.2,0.4902,0.5882,-0.098,1,0.0,0.4902,1.0,-0.5098,Lucknow Super Giants,0
1359485,2023,2023-04-08,"Barsapara Cricket Stadium, Guwahati",Guwahati,Rajasthan Royals,Delhi Capitals,Delhi Capitals,field,0,1,0,0,0.4,0.4,0.5,0.4,0.0,0.5052,0.4598,0.0454,26,0.5,0.0,0.4598,-0.4598,Rajasthan Royals,1
1359486,2023,2023-04-08,Wankhede Stadium,Mumbai,Mumbai Indians,Chennai Super Kings,Chennai Super Kings,field,0,1,1,0,0.4,0.2,0.4,0.4,0.2,0.5647,0.581,-0.0163,34,0.5882,0.6197,0.4783,0.1415,Chennai Super Kings,0
1359487,2023,2023-04-09,"Narendra Modi Stadium, Ahmedabad",Ahmedabad,Gujarat Titans,Kolkata Knight Riders,Gujarat Titans,bat,1,1,1,0,0.8,0.6,0.7,0.4,0.2,0.7778,0.5111,0.2667,1,1.0,1.0,0.25,0.75,Kolkata Knight Riders,0
1359488,2023,2023-04-09,Rajiv Gandhi International Stadium,Hyderabad,Punjab Kings,Sunrisers Hyderabad,Sunrisers Hyderabad,field,0,1,0,1,0.8,0.2,0.6,0.2,0.6,0.4682,0.487,-0.0188,20,0.35,0.4,0.6667,-0.2667,Sunrisers Hyderabad,0
1359489,2023,2023-04-10,M Chinnaswamy Stadium,Bengaluru,Royal Challengers Bengaluru,Lucknow Super Giants,Lucknow Super Giants,field,0,1,1,0,0.6,0.6,0.5,0.6,0.0,0.4889,0.6111,-0.1222,2,1.0,0.5135,0.6111,-0.0976,Lucknow Super Giants,0
1359490,2023,2023-04-11,Arun Jaitley Stadium,Delhi,Delhi Capitals,Mumbai Indians,Mumbai Indians,field,0,1,1,0,0.2,0.4,0.4,0.4,-0.2,0.4578,0.5622,-0.1045,32,0.4688,0.4429,0.4615,-0.0187,Mumbai Indians,0
1359491,2023,2023-04-12,MA Chidambaram Stadium,Chennai,Rajasthan Royals,Chennai Super Kings,Chennai Super Kings,field,0,1,0,1,0.6,0.4,0.6,0.4,0.2,0.5078,0.5829,-0.0752,26,0.4231,0.1429,0.7193,-0.5764,Rajasthan Royals,1
1359492,2023,2023-04-13,Punjab Cricket Association IS Bindra Stadium,Chandigarh,Punjab Kings,Gujarat Titans,Gujarat Titans,field,0,1,1,0,0.6,0.8,0.6,0.6,-0.2,0.4661,0.7368,-0.2708,2,0.5,0.5439,0.7368,-0.193,Gujarat Titans,0
1359493,2023,2023-04-14,Eden Gardens,Kolkata,Sunrisers Hyderabad,Kolkata Knight Riders,Kolkata Knight Riders,field,0,1,0,1,0.4,0.6,0.2,0.5,-0.2,0.4903,0.5133,-0.023,23,0.3478,0.25,0.6133,-0.3633,Sunrisers Hyderabad,1
1359494,2023,2023-04-15,M Chinnaswamy Stadium,Bengaluru,Royal Challengers Bengaluru,Delhi Capitals,Delhi Capitals,field,0,1,1,0,0.4,0.0,0.5,0.3,0.4,0.4867,0.4558,0.031,27,0.6296,0.5067,0.4444,0.0622,Royal Challengers Bengaluru,1
1359495,2023,2023-04-15,"Bharat Ratna Shri Atal Bihari Vajpayee Ekana Cricket Stadium, Lucknow",Lucknow,Lucknow Super Giants,Punjab Kings,Punjab Kings,field,0,1,1,0,0.6,0.6,0.6,0.5,0.0,0.6316,0.464,0.1676,1,1.0,1.0,0.464,0.536,Punjab Kings,0
1359496,2023,2023-04-16,Wankhede Stadium,Mumbai,Kolkata Knight Riders,Mumbai Indians,Mumbai Indians,field,0,1,0,1,0.4,0.4,0.5,0.5,0.0,0.511,0.5641,-0.0531,31,0.2903,0.2667,0.6111,-0.3444,Mumbai Indians,0
1359497,2023,2023-04-16,"Narendra Modi Stadium, Ahmedabad",Ahmedabad,Gujarat Titans,Rajasthan Royals,Rajasthan Royals,field,0,1,1,0,0.8,0.6,0.7,0.6,0.2,0.75,0.5103,0.2397,3,1.0,0.6667,0.5714,0.0952,Rajasthan Royals,0
1359498,2023,2023-04-17,M Chinnaswamy Stadium,Bengaluru,Chennai Super Kings,Royal Challengers Bengaluru,Royal Challengers Bengaluru,field,0,1,0,1,0.4,0.4,0.4,0.6,0.0,0.5802,0.489,0.0912,29,0.6552,0.5556,0.5132,0.0424,Chennai Super Kings,1
1359499,2023,2023-04-18,Rajiv Gandhi International Stadium,Hyderabad,Mumbai Indians,Sunrisers Hyderabad,Sunrisers Hyderabad,field,0,1,0,1,0.6,0.4,0.6,0.3,0.2,0.566,0.4936,0.0724,19,0.5263,0.6364,0.6739,-0.0375,Mumbai Indians,1
1359500,2023,2023-04-19,Sawai Mansingh Stadium,Jaipur,Lucknow Super Giants,Rajasthan Royals,Rajasthan Royals,field,0,1,0,1,0.6,0.8,0.5,0.7,-0.2,0.6,0.5128,0.0872,2,0.0,0.6,0.6809,-0.0809,Lucknow Super Giants,1
1359501,2023,2023-04-20,Punjab Cricket Association IS Bindra Stadium,Chandigarh,Royal Challengers Bengaluru,Punjab Kings,Punjab Kings,field,0,1,0,1,0.4,0.6,0.5,0.6,-0.2,0.4868,0.4664,0.0205,30,0.4333,0.5714,0.5345,0.0369,Royal Challengers Bengaluru,1
1359502,2023,2023-04-20,Arun Jaitley Stadium,Delhi,Kolkata Knight Riders,Delhi Capitals,Delhi Capitals,field,0,1,0,1,0.4,0.0,0.5,0.3,0.4,0.5088,0.4537,0.055,30,0.5333,0.5,0.4366,0.0634,Delhi Capitals,0
1359503,2023,2023-04-21,MA Chidambaram Stadium,Chennai,Sunrisers Hyderabad,Chennai Super Kings,Chennai Super Kings,field,0,1,0,1,0.4,0.6,0.3,0.4,-0.2,0.4904,0.5822,-0.0917,18,0.2778,0.125,0.7069,-0.5819,Chennai Super Kings,0
1359504,2023,2023-04-22,"Bharat Ratna Shri Atal Bihari Vajpayee Ekana Cricket Stadium, Lucknow",Lucknow,Gujarat Titans,Lucknow Super Giants,Gujarat Titans,bat,1,1,0,1,0.6,0.6,0.7,0.5,0.0,0.7143,0.619,0.0952,2,1.0,0.7143,0.6667,0.0476,Gujarat Titans,1
1359505,2023,2023-04-22,Wankhede Stadium,Mumbai,Punjab Kings,Mumbai Indians,Mumbai Indians,field,0,1,0,1,0.4,0.6,0.5,0.6,-0.2,0.4643,0.5678,-0.1035,29,0.4828,0.4444,0.6164,-0.172,Punjab Kings,1
1359506,2023,2023-04-23,M Chinnaswamy Stadium,Bengaluru,Royal Challengers Bengaluru,Rajasthan Royals,Rajasthan Royals,field,0,1,1,0,0.4,0.6,0.5,0.6,-0.2,0.4891,0.5102,-0.0211,25,0.52,0.5065,0.6667,-0.1602,Royal Challengers Bengaluru,1
1359507,2023,2023-04-23,Eden Gardens,Kolkata,Chennai Super Kings,Kolkata Knight Riders,Kolkata Knight Riders,field,0,1,0,1,0.8,0.4,0.5,0.4,0.4,0.5841,0.5066,0.0776,26,0.6538,0.4545,0.6053,-0.1507,Chennai Super Kings,1
1359508,2023,2023-04-24,Rajiv Gandhi International Stadium,Hyderabad,Delhi Capitals,Sunrisers Hyderabad,Delhi Capitals,bat,1,1,0,1,0.2,0.4,0.3,0.3,-0.2,0.4561,0.4873,-0.0312,21,0.4762,0.625,0.6596,-0.0346,Delhi Capitals,1
1359509,2023,2023-04-25,"Narendra Modi Stadium, Ahmedabad",Ahmedabad,Gujarat Titans,Mumbai Indians,Mumbai Indians,field,0,1,1,0,0.6,0.6,0.7,0.5,0.0,0.7273,0.5654,0.1619,1,0.0,0.5,0.5,0.0,Gujarat Titans,1
1359510,2023,2023-04-26,M Chinnaswamy Stadium,Bengaluru,Kolkata Knight Riders,Royal Challengers Bengaluru,Royal Challengers Bengaluru,field,0,1,0,1,0.2,0.6,0.4,0.6,-0.4,0.5043,0.4913,0.013,31,0.5484,0.6154,0.5128,0.1026,Kolkata Knight Riders,1
1359511,2023,2023-04-27,Sawai Mansingh Stadium,Jaipur,Rajasthan Royals,Chennai Super Kings,Rajasthan Royals,bat,1,1,1,0,0.6,0.8,0.5,0.5,-0.2,0.5076,0.586,-0.0784,27,0.4444,0.6667,0.5,0.1667,Rajasthan Royals,1
1359512,2023,2023-04-28,Punjab Cricket Association IS Bindra Stadium,Chandigarh,Lucknow Super Giants,Punjab Kings,Punjab Kings,field,0,1,0,1,0.6,0.4,0.5,0.6,0.2,0.5909,0.4667,0.1242,2,0.5,0.5909,0.5254,0.0655,Lucknow Super Giants,1
1359513,2023,2023-04-29,Eden Gardens,Kolkata,Kolkata Knight Riders,Gujarat Titans,Gujarat Titans,field,0,1,1,0,0.2,0.6,0.4,0.7,-0.4,0.5065,0.7391,-0.2326,2,0.5,0.5974,1.0,-0.4026,Gujarat Titans,0
1359514,2023,2023-04-29,Arun Jaitley Stadium,Delhi,Sunrisers Hyderabad,Delhi Capitals,Sunrisers Hyderabad,bat,1,1,0,1,0.4,0.4,0.3,0.4,0.0,0.4843,0.4585,0.0258,22,0.5,0.6,0.4444,0.1556,Sunrisers Hyderabad,1
1359515,2023,2023-04-30,MA Chidambaram Stadium,Chennai,Chennai Super Kings,Punjab Kings,Chennai Super Kings,bat,1,1,1,0,0.6,0.4,0.5,0.5,0.2,0.5833,0.4646,0.1187,27,0.5556,0.7119,0.375,0.3369,Punjab Kings,0
1359516,2023,2023-04-30,Wankhede Stadium,Mumbai,Rajasthan Royals,Mumbai Indians,Rajasthan Royals,bat,1,1,0,1,0.6,0.6,0.6,0.5,0.0,0.5101,0.563,-0.0529,26,0.4615,0.5,0.6081,-0.1081,Mumbai Indians,0
1359517,2023,2023-05-01,"Bharat Ratna Shri Atal Bihari Vajpayee Ekana Cricket Stadium, Lucknow",Lucknow,Royal Challengers Bengaluru,Lucknow Super Giants,Royal Challengers Bengaluru,bat,1,1,0,1,0.6,0.6,0.5,0.6,0.0,0.4892,0.6087,-0.1195,3,0.6667,0.4892,0.5,-0.0108,Royal Challengers Bengaluru,1
1359518,2023,2023-05-02,"Narendra Modi Stadium, Ahmedabad",Ahmedabad,Delhi Capitals,Gujarat Titans,Delhi Capitals,bat,1,1,0,1,0.4,0.8,0.3,0.8,-0.4,0.4565,0.75,-0.2935,2,0.0,0.6,0.6,0.0,Delhi Capitals,1
1359520,2023,2023-05-03,Punjab Cricket Association IS Bindra Stadium,Chandigarh,Punjab Kings,Mumbai Indians,Mumbai Indians,field,0,1,1,0,0.6,0.6,0.6,0.5,0.0,0.467,0.5649,-0.0979,30,0.5,0.5167,0.5,0.0167,Mumbai Indians,0
1359521,2023,2023-05-04,Rajiv Gandhi International Stadium,Hyderabad,Kolkata Knight Riders,Sunrisers Hyderabad,Kolkata Knight Riders,bat,1,1,0,1,0.2,0.4,0.3,0.4,-0.2,0.5043,0.4875,0.0168,24,0.625,0.625,0.6458,-0.0208,Kolkata Knight Riders,1
1359522,2023,2023-05-05,Sawai Mansingh Stadium,Jaipur,Rajasthan Royals,Gujarat Titans,Rajasthan Royals,bat,1,1,1,0,0.4,0.6,0.5,0.7,-0.2,0.5075,0.72,-0.2125,4,0.25,0.6735,0.72,-0.0465,Gujarat Titans,0
1359523,2023,2023-05-06,MA Chidambaram Stadium,Chennai,Mumbai Indians,Chennai Super Kings,Chennai Super Kings,field,0,1,0,1,0.6,0.6,0.6,0.5,0.0,0.5667,0.5806,-0.014,35,0.5714,0.5385,0.7,-0.1615,Chennai Super Kings,0
1359524,2023,2023-05-06,Arun Jaitley Stadium,Delhi,Royal Challengers Bengaluru,Delhi Capitals,Royal Challengers Bengaluru,bat,1,1,0,1,0.6,0.6,0.5,0.3,0.0,0.4914,0.4589,0.0325,28,0.6429,0.6667,0.4384,0.2283,Delhi Capitals,0
1359525,2023,2023-05-07,"Narendra Modi Stadium, Ahmedabad",Ahmedabad,Gujarat Titans,Lucknow Super Giants,Lucknow Super Giants,field,0,1,1,0,0.8,0.4,0.7,0.5,0.4,0.7308,0.5833,0.1474,3,1.0,0.5,0.5833,-0.0833,Gujarat Titans,1
1359526,2023,2023-05-07,Sawai Mansingh Stadium,Jaipur,Rajasthan Royals,Sunrisers Hyderabad,Rajasthan Royals,bat,1,1,1,0,0.2,0.2,0.5,0.3,0.0,0.505,0.4845,0.0205,17,0.5294,0.66,0.3333,0.3267,Sunrisers Hyderabad,0
1359527,2023,2023-05-08,Eden Gardens,Kolkata,Punjab Kings,Kolkata Knight Riders,Punjab Kings,bat,1,1,0,1,0.4,0.4,0.5,0.4,0.0,0.4649,0.5064,-0.0415,31,0.3548,0.2727,0.5897,-0.317,Kolkata Knight Riders,0
1359528,2023,2023-05-09,Wankhede Stadium,Mumbai,Royal Challengers Bengaluru,Mumbai Indians,Mumbai Indians,field,0,1,0,1,0.6,0.4,0.5,0.5,0.2,0.4893,0.5643,-0.075,31,0.4516,0.5,0.6133,-0.1133,Mumbai Indians,0
1359529,2023,2023-05-10,MA Chidambaram Stadium,Chennai,Chennai Super Kings,Delhi Capitals,Chennai Super Kings,bat,1,1,1,0,0.6,0.8,0.6,0.4,-0.2,0.5826,0.4612,0.1214,27,0.6296,0.7049,0.4,0.3049,Chennai Super Kings,1
1359530,2023,2023-05-11,Eden Gardens,Kolkata,Kolkata Knight Riders,Rajasthan Royals,Rajasthan Royals,field,0,1,1,0,0.6,0.2,0.5,0.4,0.4,0.5085,0.5025,0.0061,26,0.5385,0.5949,0.2,0.3949,Rajasthan Royals,0
1359531,2023,2023-05-12,Wankhede Stadium,Mumbai,Mumbai Indians,Gujarat Titans,Gujarat Titans,field,0,1,1,0,0.6,0.8,0.6,0.7,-0.2,0.5661,0.7407,-0.1746,2,0.5,0.6184,0.75,-0.1316,Mumbai Indians,1
1359532,2023,2023-05-13,Rajiv Gandhi International Stadium,Hyderabad,Sunrisers Hyderabad,Lucknow Super Giants,Sunrisers Hyderabad,bat,1,1,1,0,0.4,0.4,0.4,0.5,0.0,0.4877,0.56,-0.0723,2,0.0,0.6327,0.56,0.0727,Lucknow Super Giants,0
1359533,2023,2023-05-13,Arun Jaitley Stadium,Delhi,Punjab Kings,Delhi Capitals,Delhi Capitals,field,0,1,0,1,0.4,0.6,0.4,0.4,-0.2,0.4629,0.4592,0.0037,30,0.5,0.4545,0.4459,0.0086,Punjab Kings,1
1359534,2023,2023-05-14,Sawai Mansingh Stadium,Jaipur,Royal Challengers Bengaluru,Rajasthan Royals,Royal Challengers Bengaluru,bat,1,1,0,1,0.4,0.4,0.4,0.5,0.0,0.4872,0.505,-0.0178,26,0.5385,0.4286,0.6471,-0.2185,Royal Challengers Bengaluru,1
1359535,2023,2023-05-14,MA Chidambaram Stadium,Chennai,Chennai Super Kings,Kolkata Knight Riders,Chennai Super Kings,bat,1,1,1,0,0.6,0.6,0.7,0.4,0.0,0.5845,0.5064,0.0781,27,0.6667,0.7097,0.25,0.4597,Kolkata Knight Riders,0
1359536,2023,2023-05-15,"Narendra Modi Stadium, Ahmedabad",Ahmedabad,Gujarat Titans,Sunrisers Hyderabad,Sunrisers Hyderabad,field,0,1,1,0,0.6,0.4,0.6,0.4,0.2,0.7143,0.4847,0.2296,2,0.5,0.5714,1.0,-0.4286,Gujarat Titans,1
1359537,2023,2023-05-16,"Bharat Ratna Shri Atal Bihari Vajpayee Ekana Cricket Stadium, Lucknow",Lucknow,Lucknow Super Giants,Mumbai Indians,Mumbai Indians,field,0,1,1,0,0.4,0.8,0.5,0.7,-0.4,0.5769,0.5679,0.009,2,1.0,0.4,0.5679,-0.1679,Lucknow Super Giants,1
1359538,2023,2023-05-17,Himachal Pradesh Cricket Association Stadium,Dharamsala,Delhi Capitals,Punjab Kings,Punjab Kings,field,0,1,0,0,0.4,0.4,0.4,0.4,0.0,0.4573,0.4652,-0.008,31,0.4839,0.3333,0.5556,-0.2222,Delhi Capitals,1
1359539,2023,2023-05-18,Rajiv Gandhi International Stadium,Hyderabad,Sunrisers Hyderabad,Royal Challengers Bengaluru,Royal Challengers Bengaluru,field,0,1,1,0,0.4,0.4,0.4,0.5,0.0,0.4817,0.4894,-0.0077,21,0.5714,0.62,0.2,0.42,Royal Challengers Bengaluru,0
1359540,2023,2023-05-19,Himachal Pradesh Cricket Association Stadium,Dharamsala,Punjab Kings,Rajasthan Royals,Rajasthan Royals,field,0,1,0,0,0.4,0.2,0.4,0.4,0.2,0.4632,0.5025,-0.0393,25,0.44,0.5,0.5025,-0.0025,Rajasthan Royals,0
1359541,2023,2023-05-20,Arun Jaitley Stadium,Delhi,Chennai Super Kings,Delhi Capitals,Chennai Super Kings,bat,1,1,0,1,0.4,0.6,0.6,0.5,-0.2,0.5818,0.4596,0.1222,28,0.6429,0.7,0.44,0.26,Chennai Super Kings,1
1359542,2023,2023-05-20,Eden Gardens,Kolkata,Lucknow Super Giants,Kolkata Knight Riders,Kolkata Knight Riders,field,0,1,0,1,0.6,0.6,0.6,0.4,0.0,0.5926,0.5085,0.0841,2,1.0,0.0,0.5875,-0.5875,Lucknow Super Giants,1
1359543,2023,2023-05-21,Wankhede Stadium,Mumbai,Sunrisers Hyderabad,Mumbai Indians,Mumbai Indians,field,0,1,0,1,0.2,0.6,0.3,0.6,-0.4,0.4788,0.5656,-0.0868,20,0.45,0.1818,0.6234,-0.4416,Mumbai Indians,0
1359544,2023,2023-05-21,M Chinnaswamy Stadium,Bengaluru,Royal Challengers Bengaluru,Gujarat Titans,Gujarat Titans,field,0,1,1,0,0.6,0.6,0.6,0.7,0.0,0.4915,0.7241,-0.2326,2,0.5,0.5063,0.7241,-0.2178,Gujarat Titans,0
1370350,2023,2023-05-23,MA Chidambaram Stadium,Chennai,Chennai Super Kings,Gujarat Titans,Gujarat Titans,field,0,1,1,0,0.6,0.8,0.6,0.7,-0.2,0.5837,0.7333,-0.1496,3,0.0,0.6984,0.7333,-0.0349,Chennai Super Kings,1
1370351,2023,2023-05-24,MA Chidambaram Stadium,Chennai,Mumbai Indians,Lucknow Super Giants,Mumbai Indians,bat,1,1,0,0,0.6,0.6,0.6,0.6,0.0,0.5673,0.6071,-0.0398,3,0.0,0.5,0.0,0.5,Mumbai Indians,1
1370352,2023,2023-05-26,"Narendra Modi Stadium, Ahmedabad",Ahmedabad,Gujarat Titans,Mumbai Indians,Mumbai Indians,field,0,1,1,0,0.6,0.8,0.7,0.6,-0.2,0.7097,0.5691,0.1406,3,0.3333,0.625,0.3333,0.2917,Gujarat Titans,1
1370353,2023,2023-05-29,"Narendra Modi Stadium, Ahmedabad",Ahmedabad,Gujarat Titans,Chennai Super Kings,Chennai Super Kings,field,0,1,1,0,0.6,0.8,0.7,0.7,-0.2,0.7188,0.5856,0.1332,4,0.75,0.6667,0.0,0.6667,Chennai Super Kings,0
1422119,2024,2024-03-22,MA Chidambaram Stadium,Chennai,Royal Challengers Bengaluru,Chennai Super Kings,Royal Challengers Bengaluru,bat,1,1,0,1,0.4,0.8,0.5,0.7,-0.4,0.4895,0.5874,-0.098,30,0.3333,0.4167,0.7031,-0.2865,Chennai Super Kings,0
1422120,2024,2024-03-23,"Maharaja Yadavindra Singh International Cricket Stadium, Mullanpur",Mohali,Delhi Capitals,Punjab Kings,Punjab Kings,field,0,1,0,1,0.4,0.2,0.5,0.4,0.2,0.4576,0.4612,-0.0036,32,0.5,0.4576,0.4612,-0.0036,Punjab Kings,0
1422121,2024,2024-03-23,Eden Gardens,Kolkata,Kolkata Knight Riders,Sunrisers Hyderabad,Sunrisers Hyderabad,field,0,1,1,0,0.6,0.2,0.4,0.2,0.4,0.5063,0.4759,0.0304,25,0.64,0.5802,0.3333,0.2469,Kolkata Knight Riders,1
1422122,2024,2024-03-24,Sawai Mansingh Stadium,Jaipur,Rajasthan Royals,Lucknow Super Giants,Rajasthan Royals,bat,1,1,1,0,0.4,0.6,0.4,0.5,-0.2,0.5049,0.5862,-0.0813,3,0.6667,0.6346,1.0,-0.3654,Rajasthan Royals,1
1422123,2024,2024-03-24,"Narendra Modi Stadium, Ahmedabad",Ahmedabad,Gujarat Titans,Mumbai Indians,Mumbai Indians,field,0,1,1,0,0.6,0.6,0.6,0.6,0.0,0.697,0.5668,0.1302,4,0.5,0.6,0.25,0.35,Gujarat Titans,1
1422124,2024,2024-03-25,M Chinnaswamy Stadium,Bengaluru,Punjab Kings,Royal Challengers Bengaluru,Royal Challengers Bengaluru,field,0,1,0,1,0.4,0.4,0.4,0.5,0.0,0.4635,0.4874,-0.0239,31,0.5484,0.4167,0.5,-0.0833,Royal Challengers Bengaluru,0
1422125,2024,2024-03-26,MA Chidambaram Stadium,Chennai,Chennai Super Kings,Gujarat Titans,Gujarat Titans,field,0,1,1,0,0.8,0.6,0.7,0.6,0.2,0.5893,0.7059,-0.1166,5,0.4,0.7077,0.0,0.7077,Chennai Super Kings,1
1422126,2024,2024-03-27,Rajiv Gandhi International Stadium,Hyderabad,Sunrisers Hyderabad,Mumbai Indians,Mumbai Indians,field,0,1,1,0,0.0,0.4,0.2,0.6,-0.4,0.4731,0.5645,-0.0915,21,0.4286,0.6078,0.6667,-0.0588,Sunrisers Hyderabad,1
1422127,2024,2024-03-28,Sawai Mansingh Stadium,Jaipur,Rajasthan Royals,Delhi Capitals,Delhi Capitals,field,0,1,1,0,0.6,0.2,0.4,0.5,0.4,0.5073,0.4557,0.0516,27,0.5185,0.6415,0.3333,0.3082,Rajasthan Royals,1
1422128,2024,2024-03-29,M Chinnaswamy Stadium,Bengaluru,Royal Challengers Bengaluru,Kolkata Knight Riders,Kolkata Knight Riders,field,0,1,1,0,0.6,0.6,0.5,0.5,0.0,0.4895,0.5084,-0.0189,32,0.4375,0.5062,0.6429,-0.1367,Kolkata Knight Riders,0
1422129,2024,2024-03-30,"Bharat Ratna Shri Atal Bihari Vajpayee Ekana Cricket Stadium, Lucknow",Lucknow,Lucknow Super Giants,Punjab Kings,Lucknow Super Giants,bat,1,1,1,0,0.6,0.4,0.5,0.4,0.2,0.5667,0.4615,0.1051,3,0.6667,0.5,1.0,-0.5,Lucknow Super Giants,1
1422130,2024,2024-03-31,"Narendra Modi Stadium, Ahmedabad",Ahmedabad,Sunrisers Hyderabad,Gujarat Titans,Sunrisers Hyderabad,bat,1,1,0,1,0.2,0.4,0.3,0.6,-0.2,0.4762,0.6857,-0.2095,3,0.3333,0.5,0.6364,-0.1364,Gujarat Titans,0
1422131,2024,2024-03-31,Dr. Y.S. Rajasekhara Reddy ACA-VDCA Cricket Stadium,Visakhapatnam,Delhi Capitals,Chennai Super Kings,Delhi Capitals,bat,1,1,0,0,0.2,1.0,0.4,0.7,-0.8,0.4538,0.5911,-0.1373,29,0.3448,0.4,1.0,-0.6,Delhi Capitals,1
1422132,2024,2024-04-01,Wankhede Stadium,Mumbai,Mumbai Indians,Rajasthan Royals,Rajasthan Royals,field,0,1,1,0,0.4,0.8,0.5,0.5,-0.4,0.5622,0.5097,0.0525,27,0.5556,0.6282,0.4737,0.1545,Rajasthan Royals,0
1422133,2024,2024-04-02,M Chinnaswamy Stadium,Bengaluru,Lucknow Super Giants,Royal Challengers Bengaluru,Royal Challengers Bengaluru,field,0,1,0,1,0.6,0.4,0.5,0.4,0.2,0.5806,0.4875,0.0931,4,0.25,1.0,0.5,0.5,Lucknow Super Giants,1
1422134,2024,2024-04-03,Dr. Y.S. Rajasekhara Reddy ACA-VDCA Cricket Stadium,Visakhapatnam,Kolkata Knight Riders,Delhi Capitals,Kolkata Knight Riders,bat,1,1,0,0,0.6,0.4,0.6,0.4,0.2,0.5105,0.4561,0.0544,31,0.5161,0.0,0.5,-0.5,Kolkata Knight Riders,1
1422135,2024,2024-04-04,"Narendra Modi Stadium, Ahmedabad",Ahmedabad,Gujarat Titans,Punjab Kings,Punjab Kings,field,0,1,1,0,0.6,0.2,0.6,0.3,0.4,0.6944,0.4596,0.2349,3,0.6667,0.6667,0.5,0.1667,Punjab Kings,0
1422136,2024,2024-04-05,Rajiv Gandhi International Stadium,Hyderabad,Chennai Super Kings,Sunrisers Hyderabad,Sunrisers Hyderabad,field,0,1,0,1,0.8,0.2,0.7,0.3,0.6,0.5885,0.4734,0.1151,19,0.7368,0.5,0.6154,-0.1154,Sunrisers Hyderabad,0
1422137,2024,2024-04-06,Sawai Mansingh Stadium,Jaipur,Royal Challengers Bengaluru,Rajasthan Royals,Rajasthan Royals,field,0,1,0,1,0.2,0.8,0.4,0.6,-0.6,0.4855,0.5121,-0.0266,27,0.5556,0.5,0.6481,-0.1481,Rajasthan Royals,0
1422138,2024,2024-04-07,Wankhede Stadium,Mumbai,Mumbai Indians,Delhi Capitals,Delhi Capitals,field,0,1,1,0,0.2,0.2,0.4,0.4,0.0,0.56,0.4542,0.1058,33,0.5455,0.6203,0.3529,0.2673,Mumbai Indians,1
1422139,2024,2024-04-07,"Bharat Ratna Shri Atal Bihari Vajpayee Ekana Cricket Stadium, Lucknow",Lucknow,Lucknow Super Giants,Gujarat Titans,Lucknow Super Giants,bat,1,1,1,0,0.6,0.4,0.6,0.5,0.2,0.5938,0.6757,-0.0819,4,0.0,0.5714,1.0,-0.4286,Lucknow Super Giants,1
1426260,2024,2024-04-08,MA Chidambaram Stadium,Chennai,Kolkata Knight Riders,Chennai Super Kings,Chennai Super Kings,field,0,1,0,1,0.8,0.6,0.7,0.7,0.2,0.5125,0.5859,-0.0734,28,0.3571,0.3077,0.7121,-0.4044,Chennai Super Kings,0
1426261,2024,2024-04-09,"Maharaja Yadavindra Singh International Cricket Stadium, Mullanpur",Mohali,Sunrisers Hyderabad,Punjab Kings,Punjab Kings,field,0,1,0,1,0.4,0.4,0.3,0.4,0.0,0.4765,0.4619,0.0146,21,0.6667,0.4765,1.0,-0.5235,Sunrisers Hyderabad,1
1426262,2024,2024-04-10,Sawai Mansingh Stadium,Jaipur,Rajasthan Royals,Gujarat Titans,Gujarat Titans,field,0,1,1,0,1.0,0.4,0.6,0.5,0.6,0.5144,0.6579,-0.1435,5,0.2,0.6545,1.0,-0.3455,Gujarat Titans,0
1426263,2024,2024-04-11,Wankhede Stadium,Mumbai,Royal Challengers Bengaluru,Mumbai Indians,Mumbai Indians,field,0,1,0,1,0.2,0.2,0.3,0.5,0.0,0.4835,0.5618,-0.0783,32,0.4375,0.4706,0.625,-0.1544,Mumbai Indians,0
1426264,2024,2024-04-12,"Bharat Ratna Shri Atal Bihari Vajpayee Ekana Cricket Stadium, Lucknow",Lucknow,Lucknow Super Giants,Delhi Capitals,Lucknow Super Giants,bat,1,1,1,0,0.6,0.2,0.6,0.3,0.4,0.6061,0.4523,0.1538,3,1.0,0.625,0.0,0.625,Delhi Capitals,0
1426265,2024,2024-04-13,"Maharaja Yadavindra Singh International Cricket Stadium, Mullanpur",Mohali,Punjab Kings,Rajasthan Royals,Rajasthan Royals,field,0,1,1,0,0.4,0.8,0.3,0.6,-0.4,0.4599,0.512,-0.052,26,0.4231,0.5,0.512,-0.012,Rajasthan Royals,0
1426266,2024,2024-04-14,Eden Gardens,Kolkata,Lucknow Super Giants,Kolkata Knight Riders,Kolkata Knight Riders,field,0,1,0,1,0.6,0.6,0.6,0.6,0.0,0.5882,0.5104,0.0779,3,1.0,0.5,0.5854,-0.0854,Kolkata Knight Riders,0
1426267,2024,2024-04-14,Wankhede Stadium,Mumbai,Chennai Super Kings,Mumbai Indians,Mumbai Indians,field,0,1,0,1,0.6,0.4,0.7,0.5,0.2,0.5877,0.5635,0.0242,36,0.4444,0.5,0.6296,-0.1296,Chennai Super Kings,1
1426268,2024,2024-04-15,M Chinnaswamy Stadium,Bengaluru,Sunrisers Hyderabad,Royal Challengers Bengaluru,Royal Challengers Bengaluru,field,0,1,0,1,0.6,0.2,0.4,0.3,0.4,0.4795,0.4815,-0.0019,22,0.5455,0.25,0.494,-0.244,Sunrisers Hyderabad,1
1426269,2024,2024-04-16,Eden Gardens,Kolkata,Kolkata Knight Riders,Rajasthan Royals,Rajasthan Royals,field,0,1,1,0,0.8,0.8,0.7,0.7,0.0,0.5124,0.5143,-0.0019,27,0.5185,0.5904,0.2727,0.3176,Rajasthan Royals,0
1426270,2024,2024-04-17,"Narendra Modi Stadium, Ahmedabad",Ahmedabad,Gujarat Titans,Delhi Capitals,Delhi Capitals,field,0,1,1,0,0.4,0.4,0.5,0.3,0.0,0.6667,0.4545,0.2121,3,0.6667,0.6154,0.6667,-0.0513,Delhi Capitals,0
1426271,2024,2024-04-18,"Maharaja Yadavindra Singh International Cricket Stadium, Mullanpur",Mohali,Mumbai Indians,Punjab Kings,Punjab Kings,field,0,1,0,1,0.4,0.2,0.4,0.3,0.2,0.5613,0.458,0.1033,31,0.5161,0.5613,0.3333,0.2279,Mumbai Indians,1
1426272,2024,2024-04-19,"Bharat Ratna Shri Atal Bihari Vajpayee Ekana Cricket Stadium, Lucknow",Lucknow,Chennai Super Kings,Lucknow Super Giants,Lucknow Super Giants,field,0,1,0,1,0.6,0.6,0.7,0.6,0.0,0.5895,0.5714,0.0181,2,0.5,0.5895,0.5556,0.034,Lucknow Super Giants,0
1426273,2024,2024-04-20,Arun Jaitley Stadium,Delhi,Sunrisers Hyderabad,Delhi Capitals,Delhi Capitals,field,0,1,0,1,0.8,0.6,0.4,0.4,0.2,0.4826,0.4568,0.0258,23,0.5217,0.6364,0.4342,0.2022,Sunrisers Hyderabad,1
1426274,2024,2024-04-21,Eden Gardens,Kolkata,Kolkata Knight Riders,Royal Challengers Bengaluru,Royal Challengers Bengaluru,field,0,1,1,0,0.6,0.0,0.6,0.3,0.6,0.5103,0.4795,0.0308,33,0.5758,0.5833,0.4167,0.1667,Kolkata Knight Riders,1
1426275,2024,2024-04-21,"Maharaja Yadavindra Singh International Cricket Stadium, Mullanpur",Mohali,Punjab Kings,Gujarat Titans,Punjab Kings,bat,1,1,1,0,0.2,0.4,0.3,0.4,-0.2,0.4561,0.65,-0.1939,4,0.5,0.25,0.65,-0.4,Gujarat Titans,0
1426276,2024,2024-04-22,Sawai Mansingh Stadium,Jaipur,Mumbai Indians,Rajasthan Royals,Mumbai Indians,bat,1,1,0,1,0.6,0.8,0.5,0.8,-0.2,0.563,0.5166,0.0464,28,0.5357,0.2857,0.6429,-0.3571,Rajasthan Royals,0
1426277,2024,2024-04-23,MA Chidambaram Stadium,Chennai,Chennai Super Kings,Lucknow Super Giants,Lucknow Super Giants,field,0,1,1,0,0.4,0.6,0.7,0.6,-0.2,0.587,0.5833,0.0036,3,0.3333,0.7164,0.0,0.7164,Lucknow Super Giants,0
1426278,2024,2024-04-24,Arun Jaitley Stadium,Delhi,Delhi Capitals,Gujarat Titans,Gujarat Titans,field,0,1,1,0,0.4,0.4,0.4,0.5,0.0,0.4549,0.6585,-0.2036,4,0.5,0.4286,1.0,-0.5714,Delhi Capitals,1
1426279,2024,2024-04-25,Rajiv Gandhi International Stadium,Hyderabad,Royal Challengers Bengaluru,Sunrisers Hyderabad,Royal Challengers Bengaluru,bat,1,1,0,1,0.0,0.8,0.2,0.5,-0.8,0.4776,0.4855,-0.008,23,0.4348,0.2727,0.6226,-0.3499,Royal Challengers Bengaluru,1
1426280,2024,2024-04-26,Eden Gardens,Kolkata,Kolkata Knight Riders,Punjab Kings,Punjab Kings,field,0,1,1,0,0.6,0.2,0.6,0.2,0.4,0.5123,0.4542,0.0581,32,0.6562,0.5882,0.25,0.3382,Punjab Kings,0
1426281,2024,2024-04-27,Arun Jaitley Stadium,Delhi,Delhi Capitals,Mumbai Indians,Mumbai Indians,field,0,1,1,0,0.6,0.6,0.4,0.4,0.0,0.4571,0.5608,-0.1036,34,0.4412,0.4359,0.5,-0.0641,Delhi Capitals,1
1426282,2024,2024-04-27,"Bharat Ratna Shri Atal Bihari Vajpayee Ekana Cricket Stadium, Lucknow",Lucknow,Lucknow Super Giants,Rajasthan Royals,Rajasthan Royals,field,0,1,1,0,0.6,0.8,0.6,0.8,-0.2,0.5946,0.5189,0.0757,4,0.25,0.6,0.5189,0.0811,Rajasthan Royals,0
1426283,2024,2024-04-28,"Narendra Modi Stadium, Ahmedabad",Ahmedabad,Gujarat Titans,Royal Challengers Bengaluru,Royal Challengers Bengaluru,field,0,1,1,0,0.4,0.2,0.4,0.2,0.2,0.6429,0.4797,0.1632,3,0.6667,0.5714,0.5,0.0714,Royal Challengers Bengaluru,0
1426284,2024,2024-04-28,MA Chidambaram Stadium,Chennai,Chennai Super Kings,Sunrisers Hyderabad,Sunrisers Hyderabad,field,0,1,1,0,0.4,0.8,0.6,0.5,-0.4,0.5844,0.4828,0.1017,20,0.7,0.7059,0.1111,0.5948,Chennai Super Kings,1
1426285,2024,2024-04-29,Eden Gardens,Kolkata,Delhi Capitals,Kolkata Knight Riders,Delhi Capitals,bat,1,1,0,1,0.8,0.4,0.5,0.6,0.4,0.4593,0.5102,-0.0509,32,0.4688,0.2222,0.5814,-0.3592,Kolkata Knight Riders,0
1426286,2024,2024-04-30,"Bharat Ratna Shri Atal Bihari Vajpayee Ekana Cricket Stadium, Lucknow",Lucknow,Mumbai Indians,Lucknow Super Giants,Lucknow Super Giants,field,0,1,0,1,0.4,0.4,0.3,0.5,0.0,0.5586,0.5789,-0.0204,4,0.25,0.0,0.5455,-0.5455,Lucknow Super Giants,0
1426287,2024,2024-05-01,MA Chidambaram Stadium,Chennai,Chennai Super Kings,Punjab Kings,Punjab Kings,field,0,1,1,0,0.6,0.2,0.6,0.3,0.4,0.5862,0.4564,0.1298,28,0.5357,0.7101,0.4444,0.2657,Punjab Kings,0
1426288,2024,2024-05-02,Rajiv Gandhi International Stadium,Hyderabad,Sunrisers Hyderabad,Rajasthan Royals,Sunrisers Hyderabad,bat,1,1,1,0,0.6,0.8,0.5,0.9,-0.2,0.48,0.5211,-0.0411,18,0.5,0.6111,0.4286,0.1825,Sunrisers Hyderabad,1
1426289,2024,2024-05-03,Wankhede Stadium,Mumbai,Kolkata Knight Riders,Mumbai Indians,Mumbai Indians,field,0,1,0,1,0.6,0.2,0.6,0.3,0.4,0.5122,0.5564,-0.0442,32,0.2812,0.25,0.622,-0.372,Kolkata Knight Riders,1
1426290,2024,2024-05-04,M Chinnaswamy Stadium,Bengaluru,Gujarat Titans,Royal Challengers Bengaluru,Royal Challengers Bengaluru,field,0,1,0,1,0.4,0.4,0.4,0.3,0.0,0.6279,0.4818,0.1461,4,0.5,1.0,0.4881,0.5119,Royal Challengers Bengaluru,0
1426291,2024,2024-05-05,Himachal Pradesh Cricket Association Stadium,Dharamsala,Chennai Super Kings,Punjab Kings,Punjab Kings,field,0,1,0,0,0.4,0.4,0.5,0.4,0.0,0.5837,0.4587,0.125,29,0.5172,0.5,0.4545,0.0455,Chennai Super Kings,1
1426292,2024,2024-05-05,"Bharat Ratna Shri Atal Bihari Vajpayee Ekana Cricket Stadium, Lucknow",Lucknow,Kolkata Knight Riders,Lucknow Super Giants,Lucknow Super Giants,field,0,1,0,1,0.6,0.6,0.7,0.6,0.0,0.5142,0.5897,-0.0756,4,0.25,0.5142,0.5833,-0.0692,Kolkata Knight Riders,1
1426293,2024,2024-05-06,Wankhede Stadium,Mumbai,Sunrisers Hyderabad,Mumbai Indians,Mumbai Indians,field,0,1,0,1,0.6,0.2,0.6,0.3,0.4,0.483,0.5543,-0.0713,22,0.4545,0.1667,0.6145,-0.4478,Mumbai Indians,0
1426294,2024,2024-05-07,Arun Jaitley Stadium,Delhi,Delhi Capitals,Rajasthan Royals,Rajasthan Royals,field,0,1,1,0,0.6,0.8,0.5,0.8,-0.2,0.4575,0.5187,-0.0612,28,0.4643,0.443,0.4545,-0.0115,Delhi Capitals,1
1426295,2024,2024-05-08,Rajiv Gandhi International Stadium,Hyderabad,Lucknow Super Giants,Sunrisers Hyderabad,Lucknow Super Giants,bat,1,1,0,1,0.6,0.4,0.6,0.6,0.2,0.575,0.4802,0.0948,3,1.0,1.0,0.6182,0.3818,Sunrisers Hyderabad,0
1426296,2024,2024-05-09,Himachal Pradesh Cricket Association Stadium,Dharamsala,Royal Challengers Bengaluru,Punjab Kings,Punjab Kings,field,0,1,0,0,0.6,0.4,0.4,0.3,0.2,0.4839,0.4568,0.0271,32,0.4688,0.0,0.4167,-0.4167,Royal Challengers Bengaluru,1
1426297,2024,2024-05-10,"Narendra Modi Stadium, Ahmedabad",Ahmedabad,Gujarat Titans,Chennai Super Kings,Chennai Super Kings,field,0,1,1,0,0.2,0.4,0.3,0.5,-0.2,0.6136,0.5855,0.0282,6,0.5,0.5333,0.25,0.2833,Gujarat Titans,1
1426298,2024,2024-05-11,Eden Gardens,Kolkata,Kolkata Knight Riders,Mumbai Indians,Mumbai Indians,field,0,1,1,0,0.8,0.2,0.7,0.4,0.6,0.5161,0.556,-0.0399,33,0.303,0.5862,0.7692,-0.183,Kolkata Knight Riders,1
1426299,2024,2024-05-12,MA Chidambaram Stadium,Chennai,Rajasthan Royals,Chennai Super Kings,Rajasthan Royals,bat,1,1,0,1,0.6,0.4,0.7,0.4,0.2,0.5163,0.583,-0.0667,28,0.4643,0.25,0.7,-0.45,Chennai Super Kings,0
1426300,2024,2024-05-12,M Chinnaswamy Stadium,Bengaluru,Royal Challengers Bengaluru,Delhi Capitals,Delhi Capitals,field,0,1,1,0,0.8,0.6,0.4,0.6,0.2,0.4859,0.4597,0.0263,29,0.6207,0.4941,0.4,0.0941,Royal Challengers Bengaluru,1
1426302,2024,2024-05-14,Arun Jaitley Stadium,Delhi,Delhi Capitals,Lucknow Super Giants,Lucknow Super Giants,field,0,1,1,0,0.6,0.4,0.5,0.5,0.2,0.4578,0.561,-0.1031,4,0.25,0.45,0.561,-0.111,Delhi Capitals,1
1426303,2024,2024-05-15,"Barsapara Cricket Stadium, Guwahati",Guwahati,Rajasthan Royals,Punjab Kings,Rajasthan Royals,bat,1,1,0,0,0.4,0.4,0.6,0.3,0.0,0.5139,0.4549,0.059,27,0.5926,0.5,1.0,-0.5,Punjab Kings,0
1426305,2024,2024-05-17,Wankhede Stadium,Mumbai,Lucknow Super Giants,Mumbai Indians,Mumbai Indians,field,0,1,0,1,0.2,0.2,0.4,0.4,0.0,0.5476,0.5538,-0.0062,5,0.8,0.5,0.619,-0.119,Lucknow Super Giants,1
1426306,2024,2024-05-18,M Chinnaswamy Stadium,Bengaluru,Royal Challengers Bengaluru,Chennai Super Kings,Chennai Super Kings,field,0,1,1,0,1.0,0.6,0.5,0.5,0.4,0.488,0.5847,-0.0967,31,0.3226,0.5,0.6,-0.1,Royal Challengers Bengaluru,1
1426307,2024,2024-05-19,Rajiv Gandhi International Stadium,Hyderabad,Punjab Kings,Sunrisers Hyderabad,Punjab Kings,bat,1,1,0,1,0.6,0.4,0.4,0.6,0.2,0.4571,0.4831,-0.026,22,0.3182,0.3636,0.625,-0.2614,Sunrisers Hyderabad,0
1426309,2024,2024-05-21,"Narendra Modi Stadium, Ahmedabad",Ahmedabad,Sunrisers Hyderabad,Kolkata Knight Riders,Sunrisers Hyderabad,bat,1,1,0,0,0.6,0.8,0.7,0.7,-0.2,0.486,0.5181,-0.032,26,0.3462,0.3333,0.4,-0.0667,Kolkata Knight Riders,0
1426310,2024,2024-05-22,"Narendra Modi Stadium, Ahmedabad",Ahmedabad,Royal Challengers Bengaluru,Rajasthan Royals,Rajasthan Royals,field,0,1,0,0,1.0,0.2,0.6,0.5,0.8,0.49,0.5115,-0.0215,28,0.5357,0.6,0.6,0.0,Rajasthan Royals,0
1426311,2024,2024-05-24,MA Chidambaram Stadium,Chennai,Sunrisers Hyderabad,Rajasthan Royals,Rajasthan Royals,field,0,1,0,0,0.6,0.2,0.6,0.5,0.4,0.4833,0.5138,-0.0304,19,0.5263,0.1,0.2222,-0.1222,Sunrisers Hyderabad,1
1426312,2024,2024-05-26,MA Chidambaram Stadium,Chennai,Sunrisers Hyderabad,Kolkata Knight Riders,Sunrisers Hyderabad,bat,1,1,0,0,0.6,1.0,0.6,0.7,-0.4,0.4862,0.52,-0.0338,27,0.3333,0.1818,0.2857,-0.1039,Kolkata Knight Riders,0
1473438,2025,2025-03-22,Eden Gardens,Kolkata,Kolkata Knight Riders,Royal Challengers Bengaluru,Royal Challengers Bengaluru,field,0,1,1,0,1.0,0.8,0.8,0.6,0.2,0.5219,0.4881,0.0338,34,0.5882,0.5909,0.3846,0.2063,Royal Challengers Bengaluru,0
1473439,2025,2025-03-23,Rajiv Gandhi International Stadium,Hyderabad,Sunrisers Hyderabad,Rajasthan Royals,Rajasthan Royals,field,0,1,1,0,0.6,0.2,0.5,0.5,0.4,0.4835,0.5114,-0.0279,20,0.55,0.6316,0.375,0.2566,Sunrisers Hyderabad,1
1473440,2025,2025-03-23,MA Chidambaram Stadium,Chennai,Mumbai Indians,Chennai Super Kings,Chennai Super Kings,field,0,1,0,1,0.2,0.4,0.3,0.5,-0.2,0.5517,0.5823,-0.0306,37,0.5405,0.5333,0.7042,-0.1709,Chennai Super Kings,0
1473441,2025,2025-03-24,Dr. Y.S. Rajasekhara Reddy ACA-VDCA Cricket Stadium,Visakhapatnam,Lucknow Super Giants,Delhi Capitals,Delhi Capitals,field,0,1,0,0,0.4,0.6,0.4,0.6,-0.2,0.5581,0.46,0.0981,5,0.6,0.5581,0.4286,0.1296,Delhi Capitals,0
1473442,2025,2025-03-25,"Narendra Modi Stadium, Ahmedabad",Ahmedabad,Punjab Kings,Gujarat Titans,Gujarat Titans,field,0,1,0,1,0.4,0.4,0.3,0.4,0.0,0.4553,0.6222,-0.1669,5,0.4,0.6,0.5625,0.0375,Punjab Kings,1
1473443,2025,2025-03-26,"Barsapara Cricket Stadium, Guwahati",Guwahati,Rajasthan Royals,Kolkata Knight Riders,Kolkata Knight Riders,field,0,1,0,0,0.2,0.8,0.4,0.7,-0.6,0.5091,0.5198,-0.0108,28,0.5,0.3333,0.5198,-0.1865,Kolkata Knight Riders,0
1473444,2025,2025-03-27,Rajiv Gandhi International Stadium,Hyderabad,Sunrisers Hyderabad,Lucknow Super Giants,Lucknow Super Giants,field,0,1,1,0,0.6,0.2,0.5,0.4,0.4,0.4863,0.5455,-0.0591,4,0.25,0.6379,0.5,0.1379,Lucknow Super Giants,0
1473445,2025,2025-03-28,MA Chidambaram Stadium,Chennai,Royal Challengers Bengaluru,Chennai Super Kings,Chennai Super Kings,field,0,1,0,1,0.8,0.6,0.7,0.5,0.2,0.4901,0.584,-0.0939,32,0.3438,0.3846,0.7083,-0.3237,Royal Challengers Bengaluru,1
1473446,2025,2025-03-29,"Narendra Modi Stadium, Ahmedabad",Ahmedabad,Gujarat Titans,Mumbai Indians,Mumbai Indians,field,0,1,1,0,0.2,0.2,0.3,0.2,0.0,0.6087,0.5496,0.0591,5,0.6,0.5294,0.2,0.3294,Gujarat Titans,1
1473447,2025,2025-03-30,Dr. Y.S. Rajasekhara Reddy ACA-VDCA Cricket Stadium,Visakhapatnam,Sunrisers Hyderabad,Delhi Capitals,Sunrisers Hyderabad,bat,1,1,0,0,0.4,0.6,0.5,0.7,-0.2,0.4837,0.4622,0.0215,24,0.5417,0.5,0.5,0.0,Delhi Capitals,0
1473448,2025,2025-03-30,"Barsapara Cricket Stadium, Guwahati",Guwahati,Rajasthan Royals,Chennai Super Kings,Chennai Super Kings,field,0,1,0,0,0.2,0.4,0.3,0.4,-0.2,0.5068,0.5816,-0.0748,29,0.4483,0.25,0.5816,-0.3316,Rajasthan Royals,1
1473449,2025,2025-03-31,Wankhede Stadium,Mumbai,Kolkata Knight Riders,Mumbai Indians,Mumbai Indians,field,0,1,0,1,0.8,0.2,0.8,0.2,0.6,0.5217,0.5475,-0.0258,34,0.3235,0.2941,0.6118,-0.3176,Mumbai Indians,0
1473450,2025,2025-04-01,"Bharat Ratna Shri Atal Bihari Vajpayee Ekana Cricket Stadium, Lucknow",Lucknow,Lucknow Super Giants,Punjab Kings,Punjab Kings,field,0,1,1,0,0.4,0.4,0.5,0.4,0.0,0.5556,0.4575,0.0981,4,0.75,0.5385,0.5,0.0385,Punjab Kings,0
1473451,2025,2025-04-02,M Chinnaswamy Stadium,Bengaluru,Royal Challengers Bengaluru,Gujarat Titans,Gujarat Titans,field,0,1,1,0,0.8,0.4,0.8,0.4,0.4,0.4921,0.617,-0.1249,5,0.6,0.5057,0.5,0.0057,Gujarat Titans,0
1473452,2025,2025-04-03,Eden Gardens,Kolkata,Kolkata Knight Riders,Sunrisers Hyderabad,Sunrisers Hyderabad,field,0,1,1,0,0.6,0.4,0.7,0.5,0.2,0.5197,0.4811,0.0386,28,0.6786,0.5843,0.3,0.2843,Kolkata Knight Riders,1
1473453,2025,2025-04-04,"Bharat Ratna Shri Atal Bihari Vajpayee Ekana Cricket Stadium, Lucknow",Lucknow,Lucknow Super Giants,Mumbai Indians,Mumbai Indians,field,0,1,1,0,0.4,0.2,0.4,0.2,0.2,0.5435,0.5492,-0.0058,6,0.8333,0.5,0.0,0.5,Lucknow Super Giants,1
1473454,2025,2025-04-05,MA Chidambaram Stadium,Chennai,Delhi Capitals,Chennai Super Kings,Delhi Capitals,bat,1,1,0,1,0.8,0.4,0.7,0.4,0.4,0.4643,0.5792,-0.1149,30,0.3667,0.3636,0.6986,-0.335,Delhi Capitals,1
1473455,2025,2025-04-05,"Maharaja Yadavindra Singh International Cricket Stadium, Mullanpur",Mohali,Rajasthan Royals,Punjab Kings,Punjab Kings,field,0,1,0,1,0.4,0.6,0.3,0.5,-0.2,0.509,0.4597,0.0493,28,0.5714,1.0,0.2,0.8,Rajasthan Royals,1
1473457,2025,2025-04-06,Rajiv Gandhi International Stadium,Hyderabad,Sunrisers Hyderabad,Gujarat Titans,Gujarat Titans,field,0,1,1,0,0.2,0.6,0.4,0.5,-0.4,0.4785,0.625,-0.1465,4,0.25,0.6271,0.625,0.0021,Gujarat Titans,0
1473458,2025,2025-04-07,Wankhede Stadium,Mumbai,Royal Challengers Bengaluru,Mumbai Indians,Mumbai Indians,field,0,1,0,1,0.6,0.2,0.8,0.2,0.4,0.4902,0.5472,-0.057,33,0.4242,0.4444,0.6163,-0.1718,Royal Challengers Bengaluru,1
1473456,2025,2025-04-08,Eden Gardens,Kolkata,Lucknow Super Giants,Kolkata Knight Riders,Kolkata Knight Riders,field,0,1,0,1,0.6,0.6,0.4,0.8,0.0,0.5532,0.5216,0.0316,5,0.6,0.3333,0.5889,-0.2556,Lucknow Super Giants,1
1473459,2025,2025-04-08,"Maharaja Yadavindra Singh International Cricket Stadium, Mullanpur",Mohali,Punjab Kings,Chennai Super Kings,Punjab Kings,bat,1,1,1,0,0.6,0.2,0.5,0.4,0.4,0.4578,0.5768,-0.1189,30,0.4667,0.1667,0.5768,-0.4101,Punjab Kings,1
1473460,2025,2025-04-09,"Narendra Modi Stadium, Ahmedabad",Ahmedabad,Gujarat Titans,Rajasthan Royals,Rajasthan Royals,field,0,1,1,0,0.8,0.4,0.5,0.3,0.4,0.6327,0.5112,0.1214,6,0.8333,0.5556,0.625,-0.0694,Gujarat Titans,1
1473461,2025,2025-04-10,M Chinnaswamy Stadium,Bengaluru,Royal Challengers Bengaluru,Delhi Capitals,Delhi Capitals,field,0,1,1,0,0.6,0.8,0.8,0.7,-0.2,0.4922,0.4664,0.0258,30,0.6333,0.5,0.3636,0.1364,Delhi Capitals,0
1473462,2025,2025-04-11,MA Chidambaram Stadium,Chennai,Chennai Super Kings,Kolkata Knight Riders,Kolkata Knight Riders,field,0,1,1,0,0.2,0.4,0.3,0.7,-0.2,0.5744,0.5195,0.0548,29,0.6552,0.6892,0.3333,0.3559,Kolkata Knight Riders,0
1473463,2025,2025-04-12,"Bharat Ratna Shri Atal Bihari Vajpayee Ekana Cricket Stadium, Lucknow",Lucknow,Gujarat Titans,Lucknow Super Giants,Lucknow Super Giants,field,0,1,0,1,0.8,0.6,0.6,0.5,0.2,0.64,0.5625,0.0775,5,0.8,0.5,0.5333,-0.0333,Lucknow Super Giants,0
1473464,2025,2025-04-12,Rajiv Gandhi International Stadium,Hyderabad,Punjab Kings,Sunrisers Hyderabad,Punjab Kings,bat,1,1,0,1,0.6,0.2,0.6,0.4,0.4,0.46,0.4759,-0.0159,23,0.3043,0.3333,0.6167,-0.2833,Sunrisers Hyderabad,0
1473465,2025,2025-04-13,Sawai Mansingh Stadium,Jaipur,Rajasthan Royals,Royal Challengers Bengaluru,Royal Challengers Bengaluru,field,0,1,1,0,0.4,0.6,0.3,0.7,-0.2,0.5089,0.4903,0.0187,29,0.4828,0.6491,0.4444,0.2047,Royal Challengers Bengaluru,0
1473466,2025,2025-04-13,Arun Jaitley Stadium,Delhi,Mumbai Indians,Delhi Capitals,Delhi Capitals,field,0,1,0,1,0.2,1.0,0.2,0.8,-0.8,0.5451,0.4685,0.0766,35,0.5429,0.4667,0.4568,0.0099,Mumbai Indians,1
1473467,2025,2025-04-14,"Bharat Ratna Shri Atal Bihari Vajpayee Ekana Cricket Stadium, Lucknow",Lucknow,Lucknow Super Giants,Chennai Super Kings,Chennai Super Kings,field,0,1,1,0,0.8,0.0,0.5,0.3,0.8,0.5714,0.572,-0.0006,4,0.75,0.5625,0.0,0.5625,Chennai Super Kings,0
1473468,2025,2025-04-15,"Maharaja Yadavindra Singh International Cricket Stadium, Mullanpur",Mohali,Punjab Kings,Kolkata Knight Riders,Punjab Kings,bat,1,1,1,0,0.6,0.6,0.5,0.7,0.0,0.4582,0.5214,-0.0632,33,0.3636,0.2857,0.5214,-0.2357,Punjab Kings,1
1473469,2025,2025-04-16,Arun Jaitley Stadium,Delhi,Delhi Capitals,Rajasthan Royals,Rajasthan Royals,field,0,1,1,0,0.8,0.4,0.7,0.3,0.4,0.4667,0.5067,-0.04,29,0.4828,0.4512,0.4167,0.0346,Delhi Capitals,1
1473470,2025,2025-04-17,Wankhede Stadium,Mumbai,Sunrisers Hyderabad,Mumbai Indians,Mumbai Indians,field,0,1,0,1,0.2,0.4,0.4,0.3,-0.2,0.4787,0.5468,-0.0681,23,0.4348,0.1538,0.6092,-0.4553,Mumbai Indians,0
1473471,2025,2025-04-18,M Chinnaswamy Stadium,Bengaluru,Royal Challengers Bengaluru,Punjab Kings,Punjab Kings,field,0,1,1,0,0.6,0.6,0.7,0.5,0.0,0.4922,0.4603,0.0319,33,0.4848,0.4944,0.3846,0.1098,Punjab Kings,0
1473472,2025,2025-04-19,"Narendra Modi Stadium, Ahmedabad",Ahmedabad,Delhi Capitals,Gujarat Titans,Gujarat Titans,field,0,1,0,1,0.8,0.8,0.7,0.5,0.0,0.4688,0.6275,-0.1587,5,0.6,0.7143,0.5789,0.1353,Gujarat Titans,0
1473473,2025,2025-04-19,Sawai Mansingh Stadium,Jaipur,Lucknow Super Giants,Rajasthan Royals,Lucknow Super Giants,bat,1,1,0,1,0.6,0.4,0.5,0.3,0.2,0.56,0.5044,0.0556,5,0.2,0.5,0.6379,-0.1379,Lucknow Super Giants,1
1473474,2025,2025-04-20,"Maharaja Yadavindra Singh International Cricket Stadium, Mullanpur",Mohali,Punjab Kings,Royal Challengers Bengaluru,Royal Challengers Bengaluru,field,0,1,1,0,0.6,0.4,0.6,0.6,0.2,0.4625,0.4903,-0.0279,34,0.5294,0.375,0.4903,-0.1153,Royal Challengers Bengaluru,0
1473475,2025,2025-04-20,Wankhede Stadium,Mumbai,Chennai Super Kings,Mumbai Indians,Mumbai Indians,field,0,1,0,1,0.2,0.6,0.3,0.4,-0.4,0.5738,0.5485,0.0253,38,0.4737,0.52,0.6136,-0.0936,Mumbai Indians,0
1473476,2025,2025-04-21,Eden Gardens,Kolkata,Gujarat Titans,Kolkata Knight Riders,Kolkata Knight Riders,field,0,1,0,1,0.8,0.4,0.6,0.6,0.4,0.6346,0.5194,0.1152,3,0.6667,1.0,0.5824,0.4176,Gujarat Titans,1
1473477,2025,2025-04-22,"Bharat Ratna Shri Atal Bihari Vajpayee Ekana Cricket Stadium, Lucknow",Lucknow,Lucknow Super Giants,Delhi Capitals,Delhi Capitals,field,0,1,1,0,0.8,0.6,0.6,0.7,0.2,0.5686,0.4669,0.1017,6,0.5,0.5294,0.5,0.0294,Delhi Capitals,0
1473478,2025,2025-04-23,Rajiv Gandhi International Stadium,Hyderabad,Sunrisers Hyderabad,Mumbai Indians,Mumbai Indians,field,0,1,1,0,0.2,0.6,0.3,0.4,-0.4,0.4762,0.5502,-0.074,24,0.4167,0.623,0.6154,0.0076,Mumbai Indians,0
1473479,2025,2025-04-24,M Chinnaswamy Stadium,Bengaluru,Royal Challengers Bengaluru,Rajasthan Royals,Rajasthan Royals,field,0,1,1,0,0.6,0.2,0.6,0.3,0.4,0.4923,0.5022,-0.0099,30,0.5333,0.4889,0.5714,-0.0825,Royal Challengers Bengaluru,1
1473480,2025,2025-04-25,MA Chidambaram Stadium,Chennai,Chennai Super Kings,Sunrisers Hyderabad,Sunrisers Hyderabad,field,0,1,1,0,0.2,0.2,0.3,0.3,0.0,0.5714,0.4737,0.0977,21,0.7143,0.68,0.1667,0.5133,Sunrisers Hyderabad,0
1473482,2025,2025-04-27,Wankhede Stadium,Mumbai,Mumbai Indians,Lucknow Super Giants,Lucknow Super Giants,field,0,1,1,0,0.8,0.6,0.5,0.6,0.2,0.5519,0.5577,-0.0058,7,0.1429,0.618,0.6,0.018,Mumbai Indians,1
1473483,2025,2025-04-27,Arun Jaitley Stadium,Delhi,Delhi Capitals,Royal Challengers Bengaluru,Royal Challengers Bengaluru,field,0,1,1,0,0.6,0.6,0.7,0.6,0.0,0.469,0.4943,-0.0253,31,0.3871,0.4578,0.6,-0.1422,Royal Challengers Bengaluru,0
1473484,2025,2025-04-28,Sawai Mansingh Stadium,Jaipur,Gujarat Titans,Rajasthan Royals,Rajasthan Royals,field,0,1,0,1,0.8,0.0,0.7,0.2,0.8,0.6415,0.5,0.1415,7,0.8571,1.0,0.6271,0.3729,Rajasthan Royals,0
1473485,2025,2025-04-29,Arun Jaitley Stadium,Delhi,Kolkata Knight Riders,Delhi Capitals,Delhi Capitals,field,0,1,0,1,0.4,0.4,0.5,0.7,0.0,0.5174,0.4672,0.0502,33,0.5455,0.4545,0.4524,0.0022,Kolkata Knight Riders,1
1473486,2025,2025-04-30,MA Chidambaram Stadium,Chennai,Chennai Super Kings,Punjab Kings,Punjab Kings,field,0,1,1,0,0.2,0.6,0.2,0.6,-0.4,0.5691,0.4606,0.1085,31,0.5161,0.6711,0.5,0.1711,Punjab Kings,0
1473487,2025,2025-05-01,Sawai Mansingh Stadium,Jaipur,Mumbai Indians,Rajasthan Royals,Rajasthan Royals,field,0,1,0,1,1.0,0.2,0.6,0.3,0.8,0.5535,0.5022,0.0513,29,0.5172,0.25,0.6333,-0.3833,Mumbai Indians,1
1473488,2025,2025-05-02,"Narendra Modi Stadium, Ahmedabad",Ahmedabad,Gujarat Titans,Sunrisers Hyderabad,Sunrisers Hyderabad,field,0,1,1,0,0.6,0.4,0.7,0.3,0.2,0.6296,0.4764,0.1532,5,0.8,0.6,0.25,0.35,Gujarat Titans,1
1473489,2025,2025-05-03,M Chinnaswamy Stadium,Bengaluru,Royal Challengers Bengaluru,Chennai Super Kings,Chennai Super Kings,field,0,1,1,0,0.8,0.2,0.7,0.2,0.6,0.4962,0.5668,-0.0706,33,0.3636,0.4945,0.5455,-0.0509,Royal Challengers Bengaluru,1
1473490,2025,2025-05-04,Eden Gardens,Kolkata,Kolkata Knight Riders,Rajasthan Royals,Kolkata Knight Riders,bat,1,1,1,0,0.4,0.2,0.5,0.3,0.2,0.5192,0.5,0.0192,29,0.5172,0.5761,0.3333,0.2428,Kolkata Knight Riders,1
1473491,2025,2025-05-04,Himachal Pradesh Cricket Association Stadium,Dharamsala,Punjab Kings,Lucknow Super Giants,Lucknow Super Giants,field,0,1,0,0,0.6,0.4,0.6,0.5,0.2,0.4627,0.5472,-0.0844,5,0.4,0.3846,0.5472,-0.1626,Punjab Kings,1
1473493,2025,2025-05-06,Wankhede Stadium,Mumbai,Mumbai Indians,Gujarat Titans,Gujarat Titans,field,0,1,1,0,1.0,0.6,0.7,0.7,0.4,0.5551,0.6364,-0.0812,6,0.3333,0.6222,0.6,0.0222,Gujarat Titans,0
1473494,2025,2025-05-07,Eden Gardens,Kolkata,Kolkata Knight Riders,Chennai Super Kings,Kolkata Knight Riders,bat,1,1,1,0,0.6,0.2,0.5,0.1,0.4,0.5211,0.5645,-0.0434,30,0.3667,0.5806,0.5,0.0806,Chennai Super Kings,0
1473497,2025,2025-05-18,Sawai Mansingh Stadium,Jaipur,Punjab Kings,Rajasthan Royals,Punjab Kings,bat,1,1,0,1,0.8,0.2,0.7,0.3,0.6,0.4648,0.4978,-0.033,29,0.4138,0.1667,0.623,-0.4563,Punjab Kings,1
1473498,2025,2025-05-18,Arun Jaitley Stadium,Delhi,Delhi Capitals,Gujarat Titans,Gujarat Titans,field,0,1,1,0,0.4,0.8,0.6,0.8,-0.4,0.4654,0.6429,-0.1775,6,0.5,0.4471,0.5,-0.0529,Gujarat Titans,0
1473499,2025,2025-05-19,"Bharat Ratna Shri Atal Bihari Vajpayee Ekana Cricket Stadium, Lucknow",Lucknow,Lucknow Super Giants,Sunrisers Hyderabad,Sunrisers Hyderabad,field,0,1,1,0,0.2,0.4,0.5,0.3,-0.2,0.537,0.474,0.0631,5,0.8,0.5,0.0,0.5,Sunrisers Hyderabad,0
1473500,2025,2025-05-20,Arun Jaitley Stadium,Delhi,Chennai Super Kings,Rajasthan Royals,Rajasthan Royals,field,0,1,0,0,0.2,0.2,0.2,0.2,0.0,0.5663,0.4957,0.0706,30,0.5333,0.7273,0.3846,0.3427,Rajasthan Royals,0
1473501,2025,2025-05-21,Wankhede Stadium,Mumbai,Mumbai Indians,Delhi Capitals,Delhi Capitals,field,0,1,1,0,0.8,0.2,0.7,0.5,0.6,0.5531,0.4636,0.0895,36,0.5556,0.6154,0.3333,0.2821,Mumbai Indians,1
1473502,2025,2025-05-22,"Narendra Modi Stadium, Ahmedabad",Ahmedabad,Lucknow Super Giants,Gujarat Titans,Gujarat Titans,field,0,1,0,1,0.2,0.8,0.4,0.8,-0.6,0.5273,0.6491,-0.1219,6,0.3333,0.0,0.619,-0.619,Lucknow Super Giants,1
1473503,2025,2025-05-23,"Bharat Ratna Shri Atal Bihari Vajpayee Ekana Cricket Stadium, Lucknow",Lucknow,Sunrisers Hyderabad,Royal Challengers Bengaluru,Royal Challengers Bengaluru,field,0,1,0,0,0.4,0.8,0.3,0.7,-0.4,0.4767,0.4981,-0.0214,24,0.5417,0.5,1.0,-0.5,Sunrisers Hyderabad,1
1485779,2025,2025-05-24,Sawai Mansingh Stadium,Jaipur,Punjab Kings,Delhi Capitals,Delhi Capitals,field,0,1,0,0,0.8,0.2,0.7,0.4,0.6,0.4669,0.4618,0.0051,33,0.5152,0.2857,0.2857,0.0,Delhi Capitals,0
1473504,2025,2025-05-25,"Narendra Modi Stadium, Ahmedabad",Ahmedabad,Chennai Super Kings,Gujarat Titans,Chennai Super Kings,bat,1,1,0,1,0.2,0.6,0.2,0.7,-0.4,0.564,0.6379,-0.0739,7,0.4286,0.2,0.5909,-0.3909,Chennai Super Kings,1
1473505,2025,2025-05-25,Arun Jaitley Stadium,Delhi,Sunrisers Hyderabad,Kolkata Knight Riders,Sunrisers Hyderabad,bat,1,1,0,0,0.6,0.4,0.4,0.5,0.2,0.4794,0.5191,-0.0397,29,0.3103,0.6667,0.5,0.1667,Sunrisers Hyderabad,1
1473506,2025,2025-05-26,Sawai Mansingh Stadium,Jaipur,Mumbai Indians,Punjab Kings,Punjab Kings,field,0,1,0,0,0.8,0.6,0.7,0.6,0.2,0.5547,0.4651,0.0896,32,0.5312,0.3333,0.25,0.0833,Punjab Kings,0
1473507,2025,2025-05-27,"Bharat Ratna Shri Atal Bihari Vajpayee Ekana Cricket Stadium, Lucknow",Lucknow,Lucknow Super Giants,Royal Challengers Bengaluru,Royal Challengers Bengaluru,field,0,1,1,0,0.2,0.8,0.5,0.6,-0.6,0.5357,0.4962,0.0395,5,0.4,0.4737,0.5,-0.0263,Royal Challengers Bengaluru,0
1473508,2025,2025-05-29,"Maharaja Yadavindra Singh International Cricket Stadium, Mullanpur",New Chandigarh,Punjab Kings,Royal Challengers Bengaluru,Royal Challengers Bengaluru,field,0,1,1,0,0.8,0.8,0.7,0.7,0.0,0.4672,0.4981,-0.0309,35,0.5143,0.3333,1.0,-0.6667,Royal Challengers Bengaluru,0
1473509,2025,2025-05-30,"Maharaja Yadavindra Singh International Cricket Stadium, Mullanpur",New Chandigarh,Mumbai Indians,Gujarat Titans,Mumbai Indians,bat,1,1,0,0,0.6,0.6,0.7,0.6,0.0,0.5527,0.6271,-0.0744,7,0.2857,1.0,1.0,0.0,Mumbai Indians,1
1473510,2025,2025-06-01,"Narendra Modi Stadium, Ahmedabad",Ahmedabad,Mumbai Indians,Punjab Kings,Punjab Kings,field,0,1,0,0,0.6,0.6,0.8,0.6,0.0,0.5543,0.4654,0.089,33,0.5152,0.1667,0.6667,-0.5,Punjab Kings,0
1473511,2025,2025-06-03,"Narendra Modi Stadium, Ahmedabad",Ahmedabad,Royal Challengers Bengaluru,Punjab Kings,Punjab Kings,field,0,1,0,0,0.8,0.6,0.7,0.7,0.2,0.5,0.4674,0.0326,36,0.5,0.5,0.7143,-0.2143,Royal Challengers Bengaluru,1
1527674,2026,2026-03-28,M Chinnaswamy Stadium,Bengaluru,Sunrisers Hyderabad,Royal Challengers Bengaluru,Royal Challengers Bengaluru,field,0,1,0,1,0.8,0.8,0.5,0.8,0.0,0.4821,0.5019,-0.0198,25,0.56,0.3333,0.5,-0.1667,Royal Challengers Bengaluru,0
1527675,2026,2026-03-29,Wankhede Stadium,Mumbai,Kolkata Knight Riders,Mumbai Indians,Mumbai Indians,field,0,1,0,1,0.4,0.4,0.4,0.7,0.0,0.5171,0.5523,-0.0352,35,0.3143,0.2778,0.6196,-0.3418,Mumbai Indians,0
1527676,2026,2026-03-30,"Barsapara Cricket Stadium, Guwahati",Guwahati,Chennai Super Kings,Rajasthan Royals,Rajasthan Royals,field,0,1,0,0,0.4,0.4,0.3,0.2,0.0,0.5657,0.4979,0.0679,31,0.5161,0.0,0.4,-0.4,Rajasthan Royals,0
1527677,2026,2026-03-31,"Maharaja Yadavindra Singh International Cricket Stadium, Mullanpur",New Chandigarh,Gujarat Titans,Punjab Kings,Punjab Kings,field,0,1,0,1,0.4,0.4,0.5,0.6,0.0,0.6167,0.4656,0.151,6,0.5,0.5,0.3,0.2,Punjab Kings,0
1527678,2026,2026-04-01,"Bharat Ratna Shri Atal Bihari Vajpayee Ekana Cricket Stadium, Lucknow",Lucknow,Lucknow Super Giants,Delhi Capitals,Delhi Capitals,field,0,1,1,0,0.2,0.2,0.4,0.4,0.0,0.5263,0.4639,0.0624,7,0.4286,0.45,0.6667,-0.2167,Delhi Capitals,0
1527679,2026,2026-04-02,Eden Gardens,Kolkata,Sunrisers Hyderabad,Kolkata Knight Riders,Kolkata Knight Riders,field,0,1,0,1,0.6,0.4,0.5,0.4,0.2,0.4796,0.5152,-0.0356,30,0.3333,0.2727,0.5745,-0.3017,Sunrisers Hyderabad,1
1527680,2026,2026-04-03,MA Chidambaram Stadium,Chennai,Chennai Super Kings,Punjab Kings,Punjab Kings,field,0,1,1,0,0.4,0.6,0.3,0.6,-0.2,0.5635,0.4677,0.0958,32,0.5,0.6623,0.5455,0.1169,Punjab Kings,0
1527681,2026,2026-04-04,Arun Jaitley Stadium,Delhi,Mumbai Indians,Delhi Capitals,Delhi Capitals,field,0,1,0,1,0.6,0.4,0.7,0.4,0.2,0.554,0.4659,0.088,37,0.5676,0.5,0.4419,0.0581,Delhi Capitals,0
1527682,2026,2026-04-04,"Narendra Modi Stadium, Ahmedabad",Ahmedabad,Rajasthan Royals,Gujarat Titans,Rajasthan Royals,bat,1,1,0,1,0.4,0.2,0.3,0.5,0.2,0.5,0.6066,-0.1066,8,0.25,0.5882,0.5652,0.023,Rajasthan Royals,1
1527683,2026,2026-04-05,Rajiv Gandhi International Stadium,Hyderabad,Sunrisers Hyderabad,Lucknow Super Giants,Lucknow Super Giants,field,0,1,1,0,0.8,0.2,0.6,0.3,0.6,0.4822,0.5172,-0.035,6,0.3333,0.6129,0.6667,-0.0538,Lucknow Super Giants,0
1527684,2026,2026-04-05,M Chinnaswamy Stadium,Bengaluru,Royal Challengers Bengaluru,Chennai Super Kings,Chennai Super Kings,field,0,1,1,0,0.8,0.4,0.8,0.3,0.4,0.5037,0.5613,-0.0575,34,0.3824,0.5054,0.5,0.0054,Royal Challengers Bengaluru,1
1527686,2026,2026-04-07,"Barsapara Cricket Stadium, Guwahati",Guwahati,Rajasthan Royals,Mumbai Indians,Mumbai Indians,field,0,1,0,0,0.6,0.4,0.4,0.6,0.2,0.5021,0.552,-0.0498,30,0.4667,0.5,0.552,-0.052,Rajasthan Royals,1
1527687,2026,2026-04-08,Arun Jaitley Stadium,Delhi,Gujarat Titans,Delhi Capitals,Delhi Capitals,field,0,1,0,1,0.0,0.6,0.4,0.5,-0.6,0.5968,0.4679,0.1288,7,0.5714,0.6667,0.4483,0.2184,Gujarat Titans,1
1527688,2026,2026-04-09,Eden Gardens,Kolkata,Kolkata Knight Riders,Lucknow Super Giants,Lucknow Super Giants,field,0,1,1,0,0.2,0.4,0.3,0.3,-0.2,0.5132,0.5254,-0.0122,6,0.3333,0.5684,0.5,0.0684,Lucknow Super Giants,0
1527689,2026,2026-04-10,"Barsapara Cricket Stadium, Guwahati",Guwahati,Royal Challengers Bengaluru,Rajasthan Royals,Rajasthan Royals,field,0,1,0,0,1.0,0.8,0.9,0.5,0.2,0.5056,0.5042,0.0013,31,0.5484,0.5056,0.5714,-0.0659,Rajasthan Royals,0
1527690,2026,2026-04-11,"Maharaja Yadavindra Singh International Cricket Stadium, Mullanpur",New Chandigarh,Sunrisers Hyderabad,Punjab Kings,Punjab Kings,field,0,1,0,1,0.6,0.6,0.5,0.7,0.0,0.4798,0.4697,0.0101,24,0.7083,1.0,0.3636,0.6364,Punjab Kings,0
1527691,2026,2026-04-11,MA Chidambaram Stadium,Chennai,Chennai Super Kings,Delhi Capitals,Delhi Capitals,field,0,1,1,0,0.2,0.6,0.2,0.4,-0.4,0.5591,0.4662,0.0929,31,0.6129,0.6538,0.4167,0.2372,Chennai Super Kings,1
1527692,2026,2026-04-12,"Bharat Ratna Shri Atal Bihari Vajpayee Ekana Cricket Stadium, Lucknow",Lucknow,Lucknow Super Giants,Gujarat Titans,Gujarat Titans,field,0,1,1,0,0.6,0.2,0.4,0.4,0.4,0.5333,0.6032,-0.0698,7,0.4286,0.4286,0.3333,0.0952,Gujarat Titans,0
1527693,2026,2026-04-12,Wankhede Stadium,Mumbai,Royal Challengers Bengaluru,Mumbai Indians,Mumbai Indians,field,0,1,0,1,0.8,0.4,0.8,0.5,0.4,0.5037,0.55,-0.0463,34,0.4412,0.4737,0.6237,-0.15,Royal Challengers Bengaluru,1
1529264,2026,2026-04-13,Rajiv Gandhi International Stadium,Hyderabad,Sunrisers Hyderabad,Rajasthan Royals,Rajasthan Royals,field,0,1,1,0,0.4,1.0,0.5,0.6,-0.6,0.4774,0.5063,-0.0289,21,0.5714,0.6032,0.3333,0.2698,Sunrisers Hyderabad,1
1529265,2026,2026-04-14,MA Chidambaram Stadium,Chennai,Chennai Super Kings,Kolkata Knight Riders,Kolkata Knight Riders,field,0,1,1,0,0.4,0.0,0.3,0.3,0.4,0.5608,0.5113,0.0495,31,0.6452,0.6582,0.375,0.2832,Chennai Super Kings,1
1529266,2026,2026-04-15,M Chinnaswamy Stadium,Bengaluru,Lucknow Super Giants,Royal Challengers Bengaluru,Royal Challengers Bengaluru,field,0,1,0,1,0.4,0.8,0.3,0.8,-0.4,0.5246,0.5055,0.0191,6,0.3333,1.0,0.5106,0.4894,Royal Challengers Bengaluru,0
1529267,2026,2026-04-16,Wankhede Stadium,Mumbai,Mumbai Indians,Punjab Kings,Punjab Kings,field,0,1,1,0,0.2,0.8,0.4,0.7,-0.6,0.548,0.4717,0.0763,34,0.5,0.617,0.4737,0.1433,Punjab Kings,0
1529268,2026,2026-04-17,"Narendra Modi Stadium, Ahmedabad",Ahmedabad,Kolkata Knight Riders,Gujarat Titans,Kolkata Knight Riders,bat,1,1,0,1,0.0,0.4,0.2,0.5,-0.4,0.5094,0.6094,-0.1,4,0.25,0.5,0.5417,-0.0417,Gujarat Titans,0
1529269,2026,2026-04-18,M Chinnaswamy Stadium,Bengaluru,Royal Challengers Bengaluru,Delhi Capitals,Delhi Capitals,field,0,1,1,0,0.8,0.6,0.8,0.4,0.2,0.5074,0.4644,0.0429,32,0.625,0.5158,0.4167,0.0991,Delhi Capitals,0
1529270,2026,2026-04-18,Rajiv Gandhi International Stadium,Hyderabad,Sunrisers Hyderabad,Chennai Super Kings,Chennai Super Kings,field,0,1,1,0,0.4,0.4,0.6,0.4,0.0,0.48,0.5625,-0.0825,22,0.3182,0.6094,0.4286,0.1808,Sunrisers Hyderabad,1
1529271,2026,2026-04-19,Eden Gardens,Kolkata,Rajasthan Royals,Kolkata Knight Riders,Rajasthan Royals,bat,1,1,0,1,0.8,0.0,0.6,0.2,0.8,0.5042,0.5075,-0.0033,30,0.4667,0.3077,0.5625,-0.2548,Kolkata Knight Riders,0
1529272,2026,2026-04-19,"Maharaja Yadavindra Singh International Cricket Stadium, Mullanpur",New Chandigarh,Punjab Kings,Lucknow Super Giants,Lucknow Super Giants,field,0,1,1,0,0.8,0.4,0.7,0.3,0.4,0.4737,0.5161,-0.0424,6,0.5,0.4167,0.5161,-0.0995,Punjab Kings,1
1529273,2026,2026-04-20,"Narendra Modi Stadium, Ahmedabad",Ahmedabad,Mumbai Indians,Gujarat Titans,Gujarat Titans,field,0,1,0,1,0.2,0.6,0.3,0.5,-0.4,0.5461,0.6154,-0.0693,8,0.375,0.1429,0.56,-0.4171,Mumbai Indians,1
1529274,2026,2026-04-21,Rajiv Gandhi International Stadium,Hyderabad,Sunrisers Hyderabad,Delhi Capitals,Delhi Capitals,field,0,1,1,0,0.6,0.6,0.6,0.4,0.0,0.4826,0.4664,0.0162,25,0.52,0.6154,0.6667,-0.0513,Sunrisers Hyderabad,1
1529275,2026,2026-04-22,"Bharat Ratna Shri Atal Bihari Vajpayee Ekana Cricket Stadium, Lucknow",Lucknow,Rajasthan Royals,Lucknow Super Giants,Lucknow Super Giants,field,0,1,0,1,0.6,0.4,0.5,0.3,0.2,0.5021,0.5079,-0.0058,6,0.6667,1.0,0.4091,0.5909,Rajasthan Royals,1
1529276,2026,2026-04-23,Wankhede Stadium,Mumbai,Chennai Super Kings,Mumbai Indians,Mumbai Indians,field,0,1,0,1,0.4,0.2,0.4,0.4,0.2,0.5603,0.5477,0.0126,39,0.4615,0.5,0.6105,-0.1105,Chennai Super Kings,1
1529277,2026,2026-04-24,M Chinnaswamy Stadium,Bengaluru,Gujarat Titans,Royal Challengers Bengaluru,Royal Challengers Bengaluru,field,0,1,0,1,0.6,0.6,0.4,0.7,0.0,0.6061,0.5055,0.1006,6,0.5,0.6667,0.5104,0.1562,Royal Challengers Bengaluru,0
1529278,2026,2026-04-25,Arun Jaitley Stadium,Delhi,Delhi Capitals,Punjab Kings,Delhi Capitals,bat,1,1,1,0,0.4,1.0,0.4,0.7,-0.6,0.4647,0.4757,-0.011,34,0.5,0.4432,0.5,-0.0568,Punjab Kings,0
1529279,2026,2026-04-25,Sawai Mansingh Stadium,Jaipur,Rajasthan Royals,Sunrisers Hyderabad,Sunrisers Hyderabad,field,0,1,1,0,0.6,0.6,0.6,0.7,0.0,0.5042,0.4851,0.019,22,0.4091,0.6129,0.5,0.1129,Sunrisers Hyderabad,0
1529280,2026,2026-04-26,MA Chidambaram Stadium,Chennai,Chennai Super Kings,Gujarat Titans,Gujarat Titans,field,0,1,1,0,0.6,0.6,0.5,0.3,0.0,0.562,0.597,-0.035,8,0.5,0.6625,0.0,0.6625,Gujarat Titans,0
1529281,2026,2026-04-26,"Bharat Ratna Shri Atal Bihari Vajpayee Ekana Cricket Stadium, Lucknow",Lucknow,Kolkata Knight Riders,Lucknow Super Giants,Lucknow Super Giants,field,0,1,0,1,0.2,0.2,0.3,0.3,0.0,0.5093,0.5,0.0093,7,0.2857,1.0,0.3913,0.6087,Kolkata Knight Riders,1
1529282,2026,2026-04-27,Arun Jaitley Stadium,Delhi,Delhi Capitals,Royal Challengers Bengaluru,Royal Challengers Bengaluru,field,0,1,1,0,0.2,0.6,0.4,0.8,-0.4,0.463,0.5073,-0.0443,33,0.3939,0.4382,0.6364,-0.1982,Royal Challengers Bengaluru,0
1529283,2026,2026-04-28,"Maharaja Yadavindra Singh International Cricket Stadium, Mullanpur",New Chandigarh,Punjab Kings,Rajasthan Royals,Rajasthan Royals,field,0,1,1,0,1.0,0.4,0.8,0.6,0.6,0.4776,0.5021,-0.0245,30,0.4333,0.4615,1.0,-0.5385,Rajasthan Royals,0
1529284,2026,2026-04-29,Wankhede Stadium,Mumbai,Mumbai Indians,Sunrisers Hyderabad,Mumbai Indians,bat,1,1,1,0,0.2,0.8,0.3,0.7,-0.6,0.5458,0.4877,0.0581,25,0.6,0.6042,0.1429,0.4613,Sunrisers Hyderabad,0
1529285,2026,2026-04-30,"Narendra Modi Stadium, Ahmedabad",Ahmedabad,Royal Challengers Bengaluru,Gujarat Titans,Gujarat Titans,field,0,1,0,1,0.8,0.6,0.8,0.4,0.2,0.5091,0.6029,-0.0939,7,0.5714,0.5714,0.5385,0.033,Gujarat Titans,0
1529286,2026,2026-05-01,Sawai Mansingh Stadium,Jaipur,Rajasthan Royals,Delhi Capitals,Rajasthan Royals,bat,1,1,1,0,0.4,0.2,0.7,0.4,0.2,0.5041,0.4613,0.0429,30,0.5,0.6032,0.375,0.2282,Delhi Capitals,0
1529287,2026,2026-05-02,MA Chidambaram Stadium,Chennai,Mumbai Indians,Chennai Super Kings,Mumbai Indians,bat,1,1,0,1,0.2,0.6,0.3,0.4,-0.4,0.5439,0.5598,-0.016,40,0.525,0.5,0.6543,-0.1543,Chennai Super Kings,0
1529288,2026,2026-05-03,Rajiv Gandhi International Stadium,Hyderabad,Sunrisers Hyderabad,Kolkata Knight Riders,Sunrisers Hyderabad,bat,1,1,1,0,1.0,0.4,0.7,0.3,0.6,0.4902,0.5111,-0.0209,31,0.3548,0.6212,0.6667,-0.0455,Kolkata Knight Riders,0
1529289,2026,2026-05-03,"Narendra Modi Stadium, Ahmedabad",Ahmedabad,Punjab Kings,Gujarat Titans,Gujarat Titans,field,0,1,0,1,0.8,0.6,0.7,0.5,0.2,0.4758,0.6087,-0.1329,7,0.5714,0.625,0.5556,0.0694,Gujarat Titans,0
1529290,2026,2026-05-04,Wankhede Stadium,Mumbai,Lucknow Super Giants,Mumbai Indians,Mumbai Indians,field,0,1,0,1,0.0,0.2,0.3,0.2,-0.2,0.4923,0.542,-0.0497,8,0.75,0.5,0.5979,-0.0979,Mumbai Indians,0
1529291,2026,2026-05-05,Arun Jaitley Stadium,Delhi,Delhi Capitals,Chennai Super Kings,Delhi Capitals,bat,1,1,1,0,0.4,0.6,0.5,0.5,-0.2,0.4632,0.5615,-0.0983,32,0.375,0.4333,0.6667,-0.2333,Chennai Super Kings,0
1529292,2026,2026-05-06,Rajiv Gandhi International Stadium,Hyderabad,Sunrisers Hyderabad,Punjab Kings,Punjab Kings,field,0,1,1,0,0.8,0.6,0.6,0.7,0.2,0.4878,0.4741,0.0137,25,0.68,0.6119,0.3077,0.3042,Sunrisers Hyderabad,1
1529293,2026,2026-05-07,"Bharat Ratna Shri Atal Bihari Vajpayee Ekana Cricket Stadium, Lucknow",Lucknow,Lucknow Super Giants,Royal Challengers Bengaluru,Royal Challengers Bengaluru,field,0,1,1,0,0.0,0.6,0.2,0.7,-0.6,0.4848,0.5072,-0.0224,7,0.2857,0.375,0.6667,-0.2917,Lucknow Super Giants,1
1529294,2026,2026-05-08,Arun Jaitley Stadium,Delhi,Delhi Capitals,Kolkata Knight Riders,Kolkata Knight Riders,field,0,1,1,0,0.2,0.6,0.4,0.3,-0.4,0.4615,0.5129,-0.0514,34,0.4412,0.4286,0.4615,-0.033,Kolkata Knight Riders,0
1529295,2026,2026-05-09,Sawai Mansingh Stadium,Jaipur,Gujarat Titans,Rajasthan Royals,Rajasthan Royals,field,0,1,0,1,0.6,0.4,0.6,0.6,0.2,0.6143,0.5021,0.1122,9,0.6667,0.6667,0.5938,0.0729,Gujarat Titans,1
1529296,2026,2026-05-10,MA Chidambaram Stadium,Chennai,Lucknow Super Giants,Chennai Super Kings,Chennai Super Kings,field,0,1,0,1,0.2,0.6,0.3,0.5,-0.4,0.4925,0.5632,-0.0707,5,0.6,0.3333,0.6585,-0.3252,Chennai Super Kings,0
1529297,2026,2026-05-10,Shaheed Veer Narayan Singh International Stadium,Raipur,Mumbai Indians,Royal Challengers Bengaluru,Royal Challengers Bengaluru,field,0,1,0,0,0.4,0.4,0.3,0.6,0.0,0.5436,0.5054,0.0381,35,0.5429,0.5436,1.0,-0.4564,Royal Challengers Bengaluru,0
1529298,2026,2026-05-11,Himachal Pradesh Cricket Association Stadium,Dharamsala,Punjab Kings,Delhi Capitals,Delhi Capitals,field,0,1,0,0,0.4,0.2,0.6,0.3,0.2,0.4723,0.4599,0.0125,35,0.5143,0.4286,0.5,-0.0714,Delhi Capitals,0
1529299,2026,2026-05-12,"Narendra Modi Stadium, Ahmedabad",Ahmedabad,Gujarat Titans,Sunrisers Hyderabad,Sunrisers Hyderabad,field,0,1,1,0,0.8,0.8,0.7,0.7,0.0,0.6197,0.4903,0.1294,6,0.8333,0.5714,0.2,0.3714,Gujarat Titans,1
1529300,2026,2026-05-13,Shaheed Veer Narayan Singh International Stadium,Raipur,Kolkata Knight Riders,Royal Challengers Bengaluru,Royal Challengers Bengaluru,field,0,1,0,0,0.8,0.6,0.4,0.6,0.2,0.5147,0.5072,0.0075,35,0.5714,0.0,1.0,-1.0,Royal Challengers Bengaluru,0
1529301,2026,2026-05-14,Himachal Pradesh Cricket Association Stadium,Dharamsala,Punjab Kings,Mumbai Indians,Mumbai Indians,field,0,1,0,0,0.2,0.2,0.6,0.2,0.0,0.4706,0.5417,-0.0711,35,0.5143,0.4,0.0,0.4,Mumbai Indians,0
1529302,2026,2026-05-15,"Bharat Ratna Shri Atal Bihari Vajpayee Ekana Cricket Stadium, Lucknow",Lucknow,Chennai Super Kings,Lucknow Super Giants,Lucknow Super Giants,field,0,1,0,1,0.8,0.2,0.6,0.3,0.6,0.5649,0.4853,0.0796,6,0.5,0.5,0.4,0.1,Lucknow Super Giants,0
1529303,2026,2026-05-16,Eden Gardens,Kolkata,Kolkata Knight Riders,Gujarat Titans,Gujarat Titans,field,0,1,1,0,0.8,1.0,0.4,0.8,-0.2,0.5128,0.625,-0.1122,5,0.2,0.567,1.0,-0.433,Kolkata Knight Riders,1
1529304,2026,2026-05-17,Himachal Pradesh Cricket Association Stadium,Dharamsala,Royal Challengers Bengaluru,Punjab Kings,Punjab Kings,field,0,1,0,0,0.6,0.0,0.6,0.5,0.6,0.509,0.4689,0.0401,37,0.5135,0.5,0.375,0.125,Royal Challengers Bengaluru,1
1529305,2026,2026-05-17,Arun Jaitley Stadium,Delhi,Rajasthan Royals,Delhi Capitals,Delhi Capitals,field,0,1,0,1,0.4,0.4,0.5,0.3,0.0,0.5,0.4618,0.0382,31,0.4839,0.4286,0.4239,0.0047,Delhi Capitals,0
1529306,2026,2026-05-18,MA Chidambaram Stadium,Chennai,Chennai Super Kings,Sunrisers Hyderabad,Chennai Super Kings,bat,1,1,1,0,0.6,0.6,0.6,0.6,0.0,0.5627,0.4879,0.0748,23,0.6522,0.6627,0.2308,0.4319,Sunrisers Hyderabad,0
1529307,2026,2026-05-19,Sawai Mansingh Stadium,Jaipur,Lucknow Super Giants,Rajasthan Royals,Rajasthan Royals,field,0,1,0,1,0.4,0.2,0.3,0.4,0.2,0.4928,0.498,-0.0052,7,0.2857,0.6667,0.5846,0.0821,Rajasthan Royals,0
1529308,2026,2026-05-20,Eden Gardens,Kolkata,Mumbai Indians,Kolkata Knight Riders,Kolkata Knight Riders,field,0,1,0,1,0.4,0.8,0.3,0.5,-0.4,0.5433,0.5146,0.0287,36,0.6944,0.7143,0.5714,0.1429,Kolkata Knight Riders,0
1529309,2026,2026-05-21,"Narendra Modi Stadium, Ahmedabad",Ahmedabad,Gujarat Titans,Chennai Super Kings,Chennai Super Kings,field,0,1,1,0,0.8,0.6,0.7,0.6,0.2,0.6164,0.5606,0.0558,9,0.5556,0.5862,0.3333,0.2529,Gujarat Titans,1
1529310,2026,2026-05-22,Rajiv Gandhi International Stadium,Hyderabad,Sunrisers Hyderabad,Royal Challengers Bengaluru,Sunrisers Hyderabad,bat,1,1,1,0,0.6,0.6,0.7,0.7,0.0,0.4904,0.5107,-0.0203,26,0.5385,0.6176,0.3333,0.2843,Sunrisers Hyderabad,1
1529311,2026,2026-05-23,"Bharat Ratna Shri Atal Bihari Vajpayee Ekana Cricket Stadium, Lucknow",Lucknow,Lucknow Super Giants,Punjab Kings,Punjab Kings,field,0,1,1,0,0.4,0.0,0.2,0.4,0.4,0.4857,0.4672,0.0186,7,0.4286,0.4231,0.6667,-0.2436,Punjab Kings,0
1529312,2026,2026-05-24,Wankhede Stadium,Mumbai,Rajasthan Royals,Mumbai Indians,Mumbai Indians,field,0,1,0,1,0.4,0.4,0.4,0.3,0.0,0.5,0.5414,-0.0414,31,0.4839,0.5,0.602,-0.102,Rajasthan Royals,1
1529313,2026,2026-05-24,Eden Gardens,Kolkata,Delhi Capitals,Kolkata Knight Riders,Kolkata Knight Riders,field,0,1,0,1,0.6,0.8,0.4,0.6,-0.2,0.4638,0.5164,-0.0526,35,0.4286,0.2,0.5758,-0.3758,Delhi Capitals,1
1535462,2026,2026-05-26,Himachal Pradesh Cricket Association Stadium,Dharamsala,Royal Challengers Bengaluru,Gujarat Titans,Gujarat Titans,field,0,1,0,0,0.6,0.8,0.6,0.7,-0.2,0.5089,0.6216,-0.1127,8,0.5,0.6667,0.6216,0.045,Royal Challengers Bengaluru,1
1535463,2026,2026-05-27,"Maharaja Yadavindra Singh International Cricket Stadium, Mullanpur",New Chandigarh,Rajasthan Royals,Sunrisers Hyderabad,Sunrisers Hyderabad,field,0,1,0,0,0.4,0.6,0.4,0.8,-0.2,0.502,0.4928,0.0092,23,0.3913,1.0,0.5,0.5,Rajasthan Royals,1
1535464,2026,2026-05-29,"Maharaja Yadavindra Singh International Cricket Stadium, Mullanpur",New Chandigarh,Rajasthan Royals,Gujarat Titans,Rajasthan Royals,bat,1,1,0,0,0.6,0.6,0.5,0.6,0.0,0.504,0.6133,-0.1093,10,0.3,1.0,0.3333,0.6667,Gujarat Titans,0
1535465,2026,2026-05-31,"Narendra Modi Stadium, Ahmedabad",Ahmedabad,Gujarat Titans,Royal Challengers Bengaluru,Royal Challengers Bengaluru,field,0,1,1,0,0.6,0.8,0.7,0.6,-0.2,0.6184,0.5106,0.1078,9,0.4444,0.6,0.5,0.1,Royal Challengers Bengaluru,0
