match_id,season,date,city,venue,team1,team2,toss_winner,toss_decision,winner,eliminator,result,win_by_runs,win_by_wickets,method,player_of_match
335982,2007/08,2008-04-18,Bangalore,M Chinnaswamy Stadium,Royal Challengers Bengaluru,Kolkata Knight Riders,Royal Challengers Bengaluru,field,Kolkata Knight Riders,None,normal,140,0,Normal,BB McCullum
335983,2007/08,2008-04-19,Chandigarh,Punjab Cricket Association IS Bindra Stadium,Punjab Kings,Chennai Super Kings,Chennai Super Kings,bat,Chennai Super Kings,None,normal,33,0,Normal,MEK Hussey
335984,2007/08,2008-04-19,Delhi,Arun Jaitley Stadium,Delhi Capitals,Rajasthan Royals,Rajasthan Royals,bat,Delhi Capitals,None,normal,0,9,Normal,MF Maharoof
335985,2007/08,2008-04-20,Mumbai,Wankhede Stadium,Mumbai Indians,Royal Challengers Bengaluru,Mumbai Indians,bat,Royal Challengers Bengaluru,None,normal,0,5,Normal,MV Boucher
335986,2007/08,2008-04-20,Kolkata,Eden Gardens,Kolkata Knight Riders,Deccan Chargers,Deccan Chargers,bat,Kolkata Knight Riders,None,normal,0,5,Normal,DJ Hussey
335987,2007/08,2008-04-21,Jaipur,Sawai Mansingh Stadium,Rajasthan Royals,Punjab Kings,Punjab Kings,bat,Rajasthan Royals,None,normal,0,6,Normal,SR Watson
335988,2007/08,2008-04-22,Hyderabad,Rajiv Gandhi International Stadium,Deccan Chargers,Delhi Capitals,Deccan Chargers,bat,Delhi Capitals,None,normal,0,9,Normal,V Sehwag
335989,2007/08,2008-04-23,Chennai,MA Chidambaram Stadium,Chennai Super Kings,Mumbai Indians,Mumbai Indians,field,Chennai Super Kings,None,normal,6,0,Normal,ML Hayden
335990,2007/08,2008-04-24,Hyderabad,Rajiv Gandhi International Stadium,Deccan Chargers,Rajasthan Royals,Rajasthan Royals,field,Rajasthan Royals,None,normal,0,3,Normal,YK Pathan
335991,2007/08,2008-04-25,Chandigarh,Punjab Cricket Association IS Bindra Stadium,Punjab Kings,Mumbai Indians,Mumbai Indians,field,Punjab Kings,None,normal,66,0,Normal,KC Sangakkara
335992,2007/08,2008-04-26,Bangalore,M Chinnaswamy Stadium,Royal Challengers Bengaluru,Rajasthan Royals,Rajasthan Royals,field,Rajasthan Royals,None,normal,0,7,Normal,SR Watson
335993,2007/08,2008-04-26,Chennai,MA Chidambaram Stadium,Chennai Super Kings,Kolkata Knight Riders,Kolkata Knight Riders,bat,Chennai Super Kings,None,normal,0,9,Normal,JDP Oram
335994,2007/08,2008-04-27,Mumbai,Dr DY Patil Sports Academy,Mumbai Indians,Deccan Chargers,Deccan Chargers,field,Deccan Chargers,None,normal,0,10,Normal,AC Gilchrist
335995,2007/08,2008-04-27,Chandigarh,Punjab Cricket Association IS Bindra Stadium,Punjab Kings,Delhi Capitals,Delhi Capitals,bat,Punjab Kings,None,normal,0,4,Normal,SM Katich
335996,2007/08,2008-04-28,Bangalore,M Chinnaswamy Stadium,Royal Challengers Bengaluru,Chennai Super Kings,Chennai Super Kings,bat,Chennai Super Kings,None,normal,13,0,Normal,MS Dhoni
335997,2007/08,2008-04-29,Kolkata,Eden Gardens,Kolkata Knight Riders,Mumbai Indians,Kolkata Knight Riders,bat,Mumbai Indians,None,normal,0,7,Normal,ST Jayasuriya
335998,2007/08,2008-04-30,Delhi,Arun Jaitley Stadium,Delhi Capitals,Royal Challengers Bengaluru,Royal Challengers Bengaluru,field,Delhi Capitals,None,normal,10,0,Normal,GD McGrath
335999,2007/08,2008-05-01,Hyderabad,Rajiv Gandhi International Stadium,Deccan Chargers,Punjab Kings,Punjab Kings,field,Punjab Kings,None,normal,0,7,Normal,SE Marsh
336000,2007/08,2008-05-01,Jaipur,Sawai Mansingh Stadium,Rajasthan Royals,Kolkata Knight Riders,Rajasthan Royals,bat,Rajasthan Royals,None,normal,45,0,Normal,SA Asnodkar
336001,2007/08,2008-05-02,Chennai,MA Chidambaram Stadium,Chennai Super Kings,Delhi Capitals,Chennai Super Kings,bat,Delhi Capitals,None,normal,0,8,Normal,V Sehwag
336003,2007/08,2008-05-03,Chandigarh,Punjab Cricket Association IS Bindra Stadium,Punjab Kings,Kolkata Knight Riders,Punjab Kings,bat,Punjab Kings,None,normal,9,0,Normal,IK Pathan
336034,2007/08,2008-05-03,Bangalore,M Chinnaswamy Stadium,Royal Challengers Bengaluru,Deccan Chargers,Deccan Chargers,field,Royal Challengers Bengaluru,None,normal,3,0,Normal,P Kumar
336004,2007/08,2008-05-04,Mumbai,Dr DY Patil Sports Academy,Mumbai Indians,Delhi Capitals,Delhi Capitals,field,Mumbai Indians,None,normal,29,0,Normal,SM Pollock
336005,2007/08,2008-05-04,Jaipur,Sawai Mansingh Stadium,Rajasthan Royals,Chennai Super Kings,Chennai Super Kings,bat,Rajasthan Royals,None,normal,0,8,Normal,Sohail Tanvir
336006,2007/08,2008-05-05,Bangalore,M Chinnaswamy Stadium,Royal Challengers Bengaluru,Punjab Kings,Punjab Kings,field,Punjab Kings,None,normal,0,6,Normal,S Sreesanth
336007,2007/08,2008-05-06,Chennai,MA Chidambaram Stadium,Chennai Super Kings,Deccan Chargers,Deccan Chargers,field,Deccan Chargers,None,normal,0,7,Normal,AC Gilchrist
336008,2007/08,2008-05-07,Mumbai,Dr DY Patil Sports Academy,Mumbai Indians,Rajasthan Royals,Mumbai Indians,field,Mumbai Indians,None,normal,0,7,Normal,A Nehra
336009,2007/08,2008-05-08,Delhi,Arun Jaitley Stadium,Delhi Capitals,Chennai Super Kings,Chennai Super Kings,field,Chennai Super Kings,None,normal,0,4,Normal,MS Dhoni
336010,2007/08,2008-05-08,Kolkata,Eden Gardens,Kolkata Knight Riders,Royal Challengers Bengaluru,Kolkata Knight Riders,bat,Kolkata Knight Riders,None,normal,5,0,Normal,SC Ganguly
336011,2007/08,2008-05-09,Jaipur,Sawai Mansingh Stadium,Rajasthan Royals,Deccan Chargers,Rajasthan Royals,field,Rajasthan Royals,None,normal,0,8,Normal,YK Pathan
336013,2007/08,2008-05-10,Chennai,MA Chidambaram Stadium,Chennai Super Kings,Punjab Kings,Punjab Kings,field,Chennai Super Kings,None,normal,18,0,Normal,L Balaji
336014,2007/08,2008-05-11,Hyderabad,Rajiv Gandhi International Stadium,Deccan Chargers,Kolkata Knight Riders,Kolkata Knight Riders,bat,Kolkata Knight Riders,None,normal,23,0,Normal,SC Ganguly
336015,2007/08,2008-05-11,Jaipur,Sawai Mansingh Stadium,Rajasthan Royals,Delhi Capitals,Rajasthan Royals,field,Rajasthan Royals,None,normal,0,3,Normal,SR Watson
336016,2007/08,2008-05-12,Chandigarh,Punjab Cricket Association IS Bindra Stadium,Punjab Kings,Royal Challengers Bengaluru,Royal Challengers Bengaluru,bat,Punjab Kings,None,normal,0,9,Normal,SE Marsh
336017,2007/08,2008-05-13,Kolkata,Eden Gardens,Kolkata Knight Riders,Delhi Capitals,Kolkata Knight Riders,bat,Kolkata Knight Riders,None,normal,23,0,Normal,Shoaib Akhtar
336018,2007/08,2008-05-14,Mumbai,Wankhede Stadium,Mumbai Indians,Chennai Super Kings,Mumbai Indians,field,Mumbai Indians,None,normal,0,9,Normal,ST Jayasuriya
336020,2007/08,2008-05-15,Delhi,Arun Jaitley Stadium,Delhi Capitals,Deccan Chargers,Deccan Chargers,field,Delhi Capitals,None,normal,12,0,Normal,A Mishra
336021,2007/08,2008-05-16,Mumbai,Wankhede Stadium,Mumbai Indians,Kolkata Knight Riders,Mumbai Indians,field,Mumbai Indians,None,normal,0,8,Normal,SM Pollock
336022,2007/08,2008-05-17,Delhi,Arun Jaitley Stadium,Delhi Capitals,Punjab Kings,Delhi Capitals,bat,Punjab Kings,None,normal,6,0,D/L,DPMD Jayawardene
336023,2007/08,2008-05-17,Jaipur,Sawai Mansingh Stadium,Rajasthan Royals,Royal Challengers Bengaluru,Royal Challengers Bengaluru,field,Rajasthan Royals,None,normal,65,0,Normal,GC Smith
336024,2007/08,2008-05-18,Hyderabad,Rajiv Gandhi International Stadium,Deccan Chargers,Mumbai Indians,Deccan Chargers,field,Mumbai Indians,None,normal,25,0,Normal,DJ Bravo
336025,2007/08,2008-05-18,Kolkata,Eden Gardens,Kolkata Knight Riders,Chennai Super Kings,Kolkata Knight Riders,bat,Chennai Super Kings,None,normal,3,0,D/L,M Ntini
336026,2007/08,2008-05-19,Bangalore,M Chinnaswamy Stadium,Royal Challengers Bengaluru,Delhi Capitals,Delhi Capitals,field,Delhi Capitals,None,normal,0,5,Normal,SP Goswami
336027,2007/08,2008-05-20,Kolkata,Eden Gardens,Kolkata Knight Riders,Rajasthan Royals,Rajasthan Royals,field,Rajasthan Royals,None,normal,0,6,Normal,YK Pathan
336028,2007/08,2008-05-21,Mumbai,Wankhede Stadium,Mumbai Indians,Punjab Kings,Mumbai Indians,field,Punjab Kings,None,normal,1,0,Normal,SE Marsh
336029,2007/08,2008-05-21,Chennai,MA Chidambaram Stadium,Chennai Super Kings,Royal Challengers Bengaluru,Royal Challengers Bengaluru,bat,Royal Challengers Bengaluru,None,normal,14,0,Normal,A Kumble
336031,2007/08,2008-05-23,Chandigarh,Punjab Cricket Association IS Bindra Stadium,Punjab Kings,Deccan Chargers,Punjab Kings,field,Punjab Kings,None,normal,0,6,Normal,SE Marsh
336032,2007/08,2008-05-24,Delhi,Arun Jaitley Stadium,Delhi Capitals,Mumbai Indians,Delhi Capitals,field,Delhi Capitals,None,normal,0,5,Normal,KD Karthik
336033,2007/08,2008-05-24,Chennai,MA Chidambaram Stadium,Chennai Super Kings,Rajasthan Royals,Rajasthan Royals,bat,Rajasthan Royals,None,normal,10,0,Normal,JA Morkel
336002,2007/08,2008-05-25,Hyderabad,Rajiv Gandhi International Stadium,Deccan Chargers,Royal Challengers Bengaluru,Deccan Chargers,bat,Royal Challengers Bengaluru,None,normal,0,5,Normal,R Vinay Kumar
336035,2007/08,2008-05-25,Kolkata,Eden Gardens,Kolkata Knight Riders,Punjab Kings,Punjab Kings,bat,Kolkata Knight Riders,None,normal,0,3,Normal,Umar Gul
336036,2007/08,2008-05-26,Jaipur,Sawai Mansingh Stadium,Rajasthan Royals,Mumbai Indians,Rajasthan Royals,field,Rajasthan Royals,None,normal,0,5,Normal,Sohail Tanvir
336037,2007/08,2008-05-27,Hyderabad,Rajiv Gandhi International Stadium,Deccan Chargers,Chennai Super Kings,Deccan Chargers,bat,Chennai Super Kings,None,normal,0,7,Normal,SK Raina
336012,2007/08,2008-05-28,Bangalore,M Chinnaswamy Stadium,Royal Challengers Bengaluru,Mumbai Indians,Mumbai Indians,field,Mumbai Indians,None,normal,0,9,Normal,CRD Fernando
336019,2007/08,2008-05-28,Chandigarh,Punjab Cricket Association IS Bindra Stadium,Punjab Kings,Rajasthan Royals,Rajasthan Royals,field,Punjab Kings,None,normal,41,0,Normal,SE Marsh
336038,2007/08,2008-05-30,Mumbai,Wankhede Stadium,Delhi Capitals,Rajasthan Royals,Delhi Capitals,field,Rajasthan Royals,None,normal,105,0,Normal,SR Watson
336039,2007/08,2008-05-31,Mumbai,Wankhede Stadium,Chennai Super Kings,Punjab Kings,Punjab Kings,bat,Chennai Super Kings,None,normal,0,9,Normal,M Ntini
336040,2007/08,2008-06-01,Mumbai,Dr DY Patil Sports Academy,Chennai Super Kings,Rajasthan Royals,Rajasthan Royals,field,Rajasthan Royals,None,normal,0,3,Normal,YK Pathan
392181,2009,2009-04-18,Cape Town,Newlands,Chennai Super Kings,Mumbai Indians,Chennai Super Kings,field,Mumbai Indians,None,normal,19,0,Normal,SR Tendulkar
392182,2009,2009-04-18,Cape Town,Newlands,Royal Challengers Bengaluru,Rajasthan Royals,Royal Challengers Bengaluru,bat,Royal Challengers Bengaluru,None,normal,75,0,Normal,R Dravid
392183,2009,2009-04-19,Cape Town,Newlands,Delhi Capitals,Punjab Kings,Delhi Capitals,field,Delhi Capitals,None,normal,0,10,D/L,DL Vettori
392184,2009,2009-04-19,Cape Town,Newlands,Deccan Chargers,Kolkata Knight Riders,Kolkata Knight Riders,bat,Deccan Chargers,None,normal,0,8,Normal,RP Singh
392185,2009,2009-04-20,Port Elizabeth,St George's Park,Royal Challengers Bengaluru,Chennai Super Kings,Chennai Super Kings,bat,Chennai Super Kings,None,normal,92,0,Normal,M Muralitharan
392186,2009,2009-04-21,Durban,Kingsmead,Punjab Kings,Kolkata Knight Riders,Kolkata Knight Riders,field,Kolkata Knight Riders,None,normal,11,0,D/L,CH Gayle
392188,2009,2009-04-22,Cape Town,Newlands,Royal Challengers Bengaluru,Deccan Chargers,Deccan Chargers,bat,Deccan Chargers,None,normal,24,0,Normal,AC Gilchrist
392189,2009,2009-04-23,Durban,Kingsmead,Chennai Super Kings,Delhi Capitals,Delhi Capitals,bat,Delhi Capitals,None,normal,9,0,Normal,AB de Villiers
392190,2009,2009-04-23,Cape Town,Newlands,Kolkata Knight Riders,Rajasthan Royals,Kolkata Knight Riders,field,Rajasthan Royals,Rajasthan Royals,tie,0,0,Normal,YK Pathan
392191,2009,2009-04-24,Durban,Kingsmead,Royal Challengers Bengaluru,Punjab Kings,Royal Challengers Bengaluru,bat,Punjab Kings,None,normal,0,7,Normal,RS Bopara
392192,2009,2009-04-25,Durban,Kingsmead,Deccan Chargers,Mumbai Indians,Deccan Chargers,bat,Deccan Chargers,None,normal,12,0,Normal,PP Ojha
392194,2009,2009-04-26,Port Elizabeth,St George's Park,Royal Challengers Bengaluru,Delhi Capitals,Royal Challengers Bengaluru,bat,Delhi Capitals,None,normal,0,6,Normal,TM Dilshan
392195,2009,2009-04-26,Cape Town,Newlands,Punjab Kings,Rajasthan Royals,Punjab Kings,bat,Punjab Kings,None,normal,27,0,Normal,KC Sangakkara
392196,2009,2009-04-27,Durban,Kingsmead,Chennai Super Kings,Deccan Chargers,Deccan Chargers,field,Deccan Chargers,None,normal,0,6,Normal,HH Gibbs
392197,2009,2009-04-27,Port Elizabeth,St George's Park,Kolkata Knight Riders,Mumbai Indians,Mumbai Indians,bat,Mumbai Indians,None,normal,92,0,Normal,SR Tendulkar
392198,2009,2009-04-28,Centurion,SuperSport Park,Delhi Capitals,Rajasthan Royals,Delhi Capitals,bat,Rajasthan Royals,None,normal,0,5,Normal,YK Pathan
392199,2009,2009-04-29,Durban,Kingsmead,Royal Challengers Bengaluru,Kolkata Knight Riders,Kolkata Knight Riders,bat,Royal Challengers Bengaluru,None,normal,0,5,Normal,MV Boucher
392200,2009,2009-04-29,Durban,Kingsmead,Punjab Kings,Mumbai Indians,Punjab Kings,bat,Punjab Kings,None,normal,3,0,Normal,KC Sangakkara
392201,2009,2009-04-30,Centurion,SuperSport Park,Deccan Chargers,Delhi Capitals,Delhi Capitals,field,Delhi Capitals,None,normal,0,6,Normal,DP Nannes
392202,2009,2009-04-30,Centurion,SuperSport Park,Chennai Super Kings,Rajasthan Royals,Rajasthan Royals,field,Chennai Super Kings,None,normal,38,0,Normal,SK Raina
392203,2009,2009-05-01,East London,Buffalo Park,Kolkata Knight Riders,Mumbai Indians,Mumbai Indians,bat,Mumbai Indians,None,normal,9,0,Normal,JP Duminy
392204,2009,2009-05-01,Durban,Kingsmead,Royal Challengers Bengaluru,Punjab Kings,Royal Challengers Bengaluru,bat,Royal Challengers Bengaluru,None,normal,8,0,Normal,Yuvraj Singh
392205,2009,2009-05-02,Port Elizabeth,St George's Park,Deccan Chargers,Rajasthan Royals,Deccan Chargers,bat,Rajasthan Royals,None,normal,0,3,Normal,YK Pathan
392206,2009,2009-05-02,Johannesburg,New Wanderers Stadium,Chennai Super Kings,Delhi Capitals,Delhi Capitals,field,Chennai Super Kings,None,normal,18,0,Normal,SB Jakati
392207,2009,2009-05-03,Port Elizabeth,St George's Park,Punjab Kings,Kolkata Knight Riders,Kolkata Knight Riders,bat,Punjab Kings,None,normal,0,6,Normal,DPMD Jayawardene
392208,2009,2009-05-03,Johannesburg,New Wanderers Stadium,Royal Challengers Bengaluru,Mumbai Indians,Mumbai Indians,bat,Royal Challengers Bengaluru,None,normal,0,9,Normal,JH Kallis
392209,2009,2009-05-04,East London,Buffalo Park,Chennai Super Kings,Deccan Chargers,Chennai Super Kings,bat,Chennai Super Kings,None,normal,78,0,Normal,MS Dhoni
392210,2009,2009-05-05,Durban,Kingsmead,Punjab Kings,Rajasthan Royals,Punjab Kings,field,Rajasthan Royals,None,normal,78,0,Normal,GC Smith
392211,2009,2009-05-05,Durban,Kingsmead,Delhi Capitals,Kolkata Knight Riders,Kolkata Knight Riders,bat,Delhi Capitals,None,normal,0,9,Normal,G Gambhir
392212,2009,2009-05-06,Centurion,SuperSport Park,Deccan Chargers,Mumbai Indians,Deccan Chargers,bat,Deccan Chargers,None,normal,19,0,Normal,RG Sharma
392213,2009,2009-05-07,Centurion,SuperSport Park,Royal Challengers Bengaluru,Rajasthan Royals,Rajasthan Royals,field,Rajasthan Royals,None,normal,0,7,Normal,A Singh
392214,2009,2009-05-07,Centurion,SuperSport Park,Chennai Super Kings,Punjab Kings,Chennai Super Kings,bat,Chennai Super Kings,None,normal,12,0,D/L,ML Hayden
392215,2009,2009-05-08,East London,Buffalo Park,Delhi Capitals,Mumbai Indians,Mumbai Indians,bat,Delhi Capitals,None,normal,0,7,Normal,A Nehra
392216,2009,2009-05-09,Kimberley,De Beers Diamond Oval,Deccan Chargers,Punjab Kings,Punjab Kings,field,Punjab Kings,None,normal,0,3,Normal,DPMD Jayawardene
392217,2009,2009-05-09,Kimberley,De Beers Diamond Oval,Chennai Super Kings,Rajasthan Royals,Rajasthan Royals,bat,Chennai Super Kings,None,normal,0,7,Normal,S Badrinath
392218,2009,2009-05-10,Port Elizabeth,St George's Park,Royal Challengers Bengaluru,Mumbai Indians,Mumbai Indians,bat,Mumbai Indians,None,normal,16,0,Normal,JP Duminy
392219,2009,2009-05-10,Johannesburg,New Wanderers Stadium,Delhi Capitals,Kolkata Knight Riders,Delhi Capitals,field,Delhi Capitals,None,normal,0,7,Normal,A Mishra
392220,2009,2009-05-11,Kimberley,De Beers Diamond Oval,Deccan Chargers,Rajasthan Royals,Deccan Chargers,bat,Deccan Chargers,None,normal,53,0,Normal,DR Smith
392221,2009,2009-05-12,Centurion,SuperSport Park,Royal Challengers Bengaluru,Kolkata Knight Riders,Royal Challengers Bengaluru,field,Royal Challengers Bengaluru,None,normal,0,6,Normal,LRPL Taylor
392222,2009,2009-05-12,Centurion,SuperSport Park,Punjab Kings,Mumbai Indians,Punjab Kings,bat,Mumbai Indians,None,normal,0,8,Normal,Harbhajan Singh
392223,2009,2009-05-13,Durban,Kingsmead,Deccan Chargers,Delhi Capitals,Deccan Chargers,field,Delhi Capitals,None,normal,12,0,Normal,R Bhatia
392224,2009,2009-05-14,Durban,Kingsmead,Royal Challengers Bengaluru,Chennai Super Kings,Chennai Super Kings,bat,Royal Challengers Bengaluru,None,normal,0,2,Normal,LRPL Taylor
392225,2009,2009-05-14,Durban,Kingsmead,Mumbai Indians,Rajasthan Royals,Rajasthan Royals,bat,Rajasthan Royals,None,normal,2,0,Normal,SK Warne
392226,2009,2009-05-15,Bloemfontein,OUTsurance Oval,Delhi Capitals,Punjab Kings,Punjab Kings,field,Punjab Kings,None,normal,0,6,Normal,B Lee
392227,2009,2009-05-16,Port Elizabeth,St George's Park,Chennai Super Kings,Mumbai Indians,Mumbai Indians,bat,Chennai Super Kings,None,normal,0,7,Normal,ML Hayden
392228,2009,2009-05-16,Johannesburg,New Wanderers Stadium,Deccan Chargers,Kolkata Knight Riders,Deccan Chargers,field,Deccan Chargers,None,normal,0,6,Normal,RG Sharma
392229,2009,2009-05-17,Johannesburg,New Wanderers Stadium,Deccan Chargers,Punjab Kings,Deccan Chargers,field,Punjab Kings,None,normal,1,0,Normal,Yuvraj Singh
392230,2009,2009-05-17,Bloemfontein,OUTsurance Oval,Delhi Capitals,Rajasthan Royals,Delhi Capitals,bat,Delhi Capitals,None,normal,14,0,Normal,AB de Villiers
392231,2009,2009-05-18,Centurion,SuperSport Park,Chennai Super Kings,Kolkata Knight Riders,Chennai Super Kings,bat,Kolkata Knight Riders,None,normal,0,7,Normal,BJ Hodge
392232,2009,2009-05-19,Johannesburg,New Wanderers Stadium,Royal Challengers Bengaluru,Delhi Capitals,Delhi Capitals,bat,Royal Challengers Bengaluru,None,normal,0,7,Normal,JH Kallis
392233,2009,2009-05-20,Durban,Kingsmead,Kolkata Knight Riders,Rajasthan Royals,Kolkata Knight Riders,field,Kolkata Knight Riders,None,normal,0,4,Normal,LR Shukla
392234,2009,2009-05-20,Durban,Kingsmead,Chennai Super Kings,Punjab Kings,Chennai Super Kings,bat,Chennai Super Kings,None,normal,24,0,Normal,M Muralitharan
392235,2009,2009-05-21,Centurion,SuperSport Park,Delhi Capitals,Mumbai Indians,Delhi Capitals,field,Delhi Capitals,None,normal,0,4,Normal,V Sehwag
392236,2009,2009-05-21,Centurion,SuperSport Park,Royal Challengers Bengaluru,Deccan Chargers,Royal Challengers Bengaluru,bat,Royal Challengers Bengaluru,None,normal,12,0,Normal,MK Pandey
392237,2009,2009-05-22,Centurion,SuperSport Park,Delhi Capitals,Deccan Chargers,Deccan Chargers,field,Deccan Chargers,None,normal,0,6,Normal,AC Gilchrist
392238,2009,2009-05-23,Johannesburg,New Wanderers Stadium,Royal Challengers Bengaluru,Chennai Super Kings,Royal Challengers Bengaluru,field,Royal Challengers Bengaluru,None,normal,0,6,Normal,MK Pandey
392239,2009,2009-05-24,Johannesburg,New Wanderers Stadium,Royal Challengers Bengaluru,Deccan Chargers,Royal Challengers Bengaluru,field,Deccan Chargers,None,normal,6,0,Normal,A Kumble
419106,2009/10,2010-03-12,Mumbai,Dr DY Patil Sports Academy,Deccan Chargers,Kolkata Knight Riders,Deccan Chargers,field,Kolkata Knight Riders,None,normal,11,0,Normal,AD Mathews
419107,2009/10,2010-03-13,Mumbai,Brabourne Stadium,Mumbai Indians,Rajasthan Royals,Mumbai Indians,bat,Mumbai Indians,None,normal,4,0,Normal,YK Pathan
419108,2009/10,2010-03-13,Chandigarh,Punjab Cricket Association IS Bindra Stadium,Punjab Kings,Delhi Capitals,Delhi Capitals,field,Delhi Capitals,None,normal,0,5,Normal,G Gambhir
419109,2009/10,2010-03-14,Kolkata,Eden Gardens,Kolkata Knight Riders,Royal Challengers Bengaluru,Kolkata Knight Riders,field,Kolkata Knight Riders,None,normal,0,7,Normal,MK Tiwary
419110,2009/10,2010-03-14,Chennai,MA Chidambaram Stadium,Chennai Super Kings,Deccan Chargers,Deccan Chargers,bat,Deccan Chargers,None,normal,31,0,Normal,WPUJC Vaas
419111,2009/10,2010-03-15,Ahmedabad,"Narendra Modi Stadium, Ahmedabad",Rajasthan Royals,Delhi Capitals,Delhi Capitals,field,Delhi Capitals,None,normal,0,6,Normal,V Sehwag
419112,2009/10,2010-03-16,Bangalore,M Chinnaswamy Stadium,Royal Challengers Bengaluru,Punjab Kings,Punjab Kings,bat,Royal Challengers Bengaluru,None,normal,0,8,Normal,JH Kallis
419113,2009/10,2010-03-16,Kolkata,Eden Gardens,Kolkata Knight Riders,Chennai Super Kings,Chennai Super Kings,bat,Chennai Super Kings,None,normal,55,0,Normal,MS Dhoni
419114,2009/10,2010-03-17,Delhi,Arun Jaitley Stadium,Delhi Capitals,Mumbai Indians,Delhi Capitals,field,Mumbai Indians,None,normal,98,0,Normal,SR Tendulkar
419115,2009/10,2010-03-18,Bangalore,M Chinnaswamy Stadium,Royal Challengers Bengaluru,Rajasthan Royals,Royal Challengers Bengaluru,field,Royal Challengers Bengaluru,None,normal,0,10,Normal,JH Kallis
419116,2009/10,2010-03-19,Delhi,Arun Jaitley Stadium,Delhi Capitals,Chennai Super Kings,Delhi Capitals,bat,Chennai Super Kings,None,normal,0,5,Normal,ML Hayden
419117,2009/10,2010-03-19,Cuttack,Barabati Stadium,Deccan Chargers,Punjab Kings,Punjab Kings,field,Deccan Chargers,None,normal,6,0,Normal,A Symonds
419118,2009/10,2010-03-20,Ahmedabad,"Narendra Modi Stadium, Ahmedabad",Rajasthan Royals,Kolkata Knight Riders,Rajasthan Royals,bat,Rajasthan Royals,None,normal,34,0,Normal,AA Jhunjhunwala
419119,2009/10,2010-03-20,Mumbai,Brabourne Stadium,Mumbai Indians,Royal Challengers Bengaluru,Mumbai Indians,bat,Royal Challengers Bengaluru,None,normal,0,7,Normal,JH Kallis
419120,2009/10,2010-03-21,Cuttack,Barabati Stadium,Deccan Chargers,Delhi Capitals,Deccan Chargers,bat,Deccan Chargers,None,normal,10,0,Normal,A Symonds
419121,2009/10,2010-03-21,Chennai,MA Chidambaram Stadium,Chennai Super Kings,Punjab Kings,Chennai Super Kings,field,Punjab Kings,Punjab Kings,tie,0,0,Normal,J Theron
419122,2009/10,2010-03-22,Mumbai,Brabourne Stadium,Mumbai Indians,Kolkata Knight Riders,Kolkata Knight Riders,bat,Mumbai Indians,None,normal,0,7,Normal,SR Tendulkar
419123,2009/10,2010-03-23,Bangalore,M Chinnaswamy Stadium,Royal Challengers Bengaluru,Chennai Super Kings,Chennai Super Kings,field,Royal Challengers Bengaluru,None,normal,36,0,Normal,RV Uthappa
419124,2009/10,2010-03-24,Chandigarh,Punjab Cricket Association IS Bindra Stadium,Punjab Kings,Rajasthan Royals,Punjab Kings,field,Rajasthan Royals,None,normal,31,0,Normal,AC Voges
419125,2009/10,2010-03-25,Mumbai,Brabourne Stadium,Chennai Super Kings,Mumbai Indians,Mumbai Indians,field,Mumbai Indians,None,normal,0,5,Normal,SR Tendulkar
419128,2009/10,2010-03-25,Bangalore,M Chinnaswamy Stadium,Royal Challengers Bengaluru,Delhi Capitals,Royal Challengers Bengaluru,field,Delhi Capitals,None,normal,17,0,Normal,KM Jadhav
419126,2009/10,2010-03-26,Ahmedabad,"Narendra Modi Stadium, Ahmedabad",Rajasthan Royals,Deccan Chargers,Deccan Chargers,bat,Rajasthan Royals,None,normal,0,8,Normal,YK Pathan
419127,2009/10,2010-03-27,Chandigarh,Punjab Cricket Association IS Bindra Stadium,Punjab Kings,Kolkata Knight Riders,Kolkata Knight Riders,bat,Kolkata Knight Riders,None,normal,39,0,Normal,MK Tiwary
419129,2009/10,2010-03-28,Ahmedabad,"Narendra Modi Stadium, Ahmedabad",Rajasthan Royals,Chennai Super Kings,Rajasthan Royals,bat,Rajasthan Royals,None,normal,17,0,Normal,NV Ojha
419130,2009/10,2010-03-28,Mumbai,Dr DY Patil Sports Academy,Deccan Chargers,Mumbai Indians,Deccan Chargers,field,Mumbai Indians,None,normal,41,0,Normal,Harbhajan Singh
419131,2009/10,2010-03-29,Delhi,Arun Jaitley Stadium,Delhi Capitals,Kolkata Knight Riders,Delhi Capitals,bat,Delhi Capitals,None,normal,40,0,Normal,DA Warner
419132,2009/10,2010-03-30,Mumbai,Brabourne Stadium,Mumbai Indians,Punjab Kings,Mumbai Indians,field,Mumbai Indians,None,normal,0,4,Normal,SL Malinga
419133,2009/10,2010-03-31,Chennai,MA Chidambaram Stadium,Chennai Super Kings,Royal Challengers Bengaluru,Royal Challengers Bengaluru,bat,Chennai Super Kings,None,normal,0,5,Normal,M Vijay
419134,2009/10,2010-03-31,Delhi,Arun Jaitley Stadium,Delhi Capitals,Rajasthan Royals,Delhi Capitals,bat,Delhi Capitals,None,normal,67,0,Normal,KD Karthik
419135,2009/10,2010-04-01,Kolkata,Eden Gardens,Kolkata Knight Riders,Deccan Chargers,Kolkata Knight Riders,bat,Kolkata Knight Riders,None,normal,24,0,Normal,SC Ganguly
419136,2009/10,2010-04-02,Chandigarh,Punjab Cricket Association IS Bindra Stadium,Punjab Kings,Royal Challengers Bengaluru,Punjab Kings,bat,Royal Challengers Bengaluru,None,normal,0,6,Normal,KP Pietersen
419137,2009/10,2010-04-03,Chennai,MA Chidambaram Stadium,Chennai Super Kings,Rajasthan Royals,Chennai Super Kings,bat,Chennai Super Kings,None,normal,23,0,Normal,M Vijay
419138,2009/10,2010-04-03,Mumbai,Brabourne Stadium,Mumbai Indians,Deccan Chargers,Mumbai Indians,bat,Mumbai Indians,None,normal,63,0,Normal,AT Rayudu
419139,2009/10,2010-04-04,Kolkata,Eden Gardens,Kolkata Knight Riders,Punjab Kings,Kolkata Knight Riders,bat,Punjab Kings,None,normal,0,8,Normal,DPMD Jayawardene
419140,2009/10,2010-04-04,Delhi,Arun Jaitley Stadium,Delhi Capitals,Royal Challengers Bengaluru,Delhi Capitals,bat,Delhi Capitals,None,normal,37,0,Normal,PD Collingwood
419141,2009/10,2010-04-05,Nagpur,"Vidarbha Cricket Association Stadium, Jamtha",Deccan Chargers,Rajasthan Royals,Rajasthan Royals,bat,Rajasthan Royals,None,normal,2,0,Normal,SK Warne
419142,2009/10,2010-04-06,Chennai,MA Chidambaram Stadium,Chennai Super Kings,Mumbai Indians,Chennai Super Kings,bat,Chennai Super Kings,None,normal,24,0,Normal,SK Raina
419143,2009/10,2010-04-07,Jaipur,Sawai Mansingh Stadium,Rajasthan Royals,Punjab Kings,Punjab Kings,bat,Rajasthan Royals,None,normal,0,9,Normal,MJ Lumb
419144,2009/10,2010-04-07,Kolkata,Eden Gardens,Kolkata Knight Riders,Delhi Capitals,Kolkata Knight Riders,bat,Kolkata Knight Riders,None,normal,14,0,Normal,SC Ganguly
419145,2009/10,2010-04-08,Bangalore,M Chinnaswamy Stadium,Royal Challengers Bengaluru,Deccan Chargers,Deccan Chargers,field,Deccan Chargers,None,normal,0,7,Normal,TL Suman
419146,2009/10,2010-04-09,Chandigarh,Punjab Cricket Association IS Bindra Stadium,Punjab Kings,Mumbai Indians,Mumbai Indians,bat,Punjab Kings,None,normal,0,6,Normal,KC Sangakkara
419147,2009/10,2010-04-10,Nagpur,"Vidarbha Cricket Association Stadium, Jamtha",Deccan Chargers,Chennai Super Kings,Chennai Super Kings,bat,Deccan Chargers,None,normal,0,6,Normal,RJ Harris
419148,2009/10,2010-04-10,Bangalore,M Chinnaswamy Stadium,Royal Challengers Bengaluru,Kolkata Knight Riders,Royal Challengers Bengaluru,field,Royal Challengers Bengaluru,None,normal,0,7,Normal,R Vinay Kumar
419149,2009/10,2010-04-11,Delhi,Arun Jaitley Stadium,Delhi Capitals,Punjab Kings,Delhi Capitals,bat,Punjab Kings,None,normal,0,7,Normal,PP Chawla
419150,2009/10,2010-04-11,Jaipur,Sawai Mansingh Stadium,Rajasthan Royals,Mumbai Indians,Rajasthan Royals,field,Mumbai Indians,None,normal,37,0,Normal,SR Tendulkar
419151,2009/10,2010-04-12,Nagpur,"Vidarbha Cricket Association Stadium, Jamtha",Deccan Chargers,Royal Challengers Bengaluru,Royal Challengers Bengaluru,field,Deccan Chargers,None,normal,13,0,Normal,Harmeet Singh
419152,2009/10,2010-04-13,Mumbai,Brabourne Stadium,Mumbai Indians,Delhi Capitals,Mumbai Indians,bat,Mumbai Indians,None,normal,39,0,Normal,KA Pollard
419153,2009/10,2010-04-13,Chennai,MA Chidambaram Stadium,Chennai Super Kings,Kolkata Knight Riders,Kolkata Knight Riders,bat,Chennai Super Kings,None,normal,0,9,Normal,R Ashwin
419154,2009/10,2010-04-14,Jaipur,Sawai Mansingh Stadium,Rajasthan Royals,Royal Challengers Bengaluru,Rajasthan Royals,bat,Royal Challengers Bengaluru,None,normal,0,5,Normal,KP Pietersen
419155,2009/10,2010-04-15,Chennai,MA Chidambaram Stadium,Chennai Super Kings,Delhi Capitals,Chennai Super Kings,bat,Delhi Capitals,None,normal,0,6,Normal,G Gambhir
419156,2009/10,2010-04-16,Dharamsala,Himachal Pradesh Cricket Association Stadium,Punjab Kings,Deccan Chargers,Deccan Chargers,field,Deccan Chargers,None,normal,0,5,Normal,RG Sharma
419157,2009/10,2010-04-17,Bangalore,M Chinnaswamy Stadium,Royal Challengers Bengaluru,Mumbai Indians,Royal Challengers Bengaluru,field,Mumbai Indians,None,normal,57,0,Normal,R McLaren
419158,2009/10,2010-04-17,Kolkata,Eden Gardens,Kolkata Knight Riders,Rajasthan Royals,Rajasthan Royals,bat,Kolkata Knight Riders,None,normal,0,8,Normal,JD Unadkat
419159,2009/10,2010-04-18,Dharamsala,Himachal Pradesh Cricket Association Stadium,Punjab Kings,Chennai Super Kings,Chennai Super Kings,field,Chennai Super Kings,None,normal,0,6,Normal,MS Dhoni
419160,2009/10,2010-04-18,Delhi,Arun Jaitley Stadium,Delhi Capitals,Deccan Chargers,Deccan Chargers,bat,Deccan Chargers,None,normal,11,0,Normal,A Symonds
419161,2009/10,2010-04-19,Kolkata,Eden Gardens,Kolkata Knight Riders,Mumbai Indians,Mumbai Indians,bat,Kolkata Knight Riders,None,normal,0,9,Normal,M Kartik
419162,2009/10,2010-04-21,Mumbai,Dr DY Patil Sports Academy,Royal Challengers Bengaluru,Mumbai Indians,Mumbai Indians,bat,Mumbai Indians,None,normal,35,0,Normal,KA Pollard
419163,2009/10,2010-04-22,Mumbai,Dr DY Patil Sports Academy,Chennai Super Kings,Deccan Chargers,Chennai Super Kings,bat,Chennai Super Kings,None,normal,38,0,Normal,DE Bollinger
419164,2009/10,2010-04-24,Mumbai,Dr DY Patil Sports Academy,Royal Challengers Bengaluru,Deccan Chargers,Deccan Chargers,bat,Royal Challengers Bengaluru,None,normal,0,9,Normal,A Kumble
419165,2009/10,2010-04-25,Mumbai,Dr DY Patil Sports Academy,Chennai Super Kings,Mumbai Indians,Chennai Super Kings,bat,Chennai Super Kings,None,normal,22,0,Normal,SK Raina
501198,2011,2011-04-08,Chennai,MA Chidambaram Stadium,Chennai Super Kings,Kolkata Knight Riders,Chennai Super Kings,bat,Chennai Super Kings,None,normal,2,0,Normal,S Anirudha
501199,2011,2011-04-09,Hyderabad,Rajiv Gandhi International Stadium,Deccan Chargers,Rajasthan Royals,Rajasthan Royals,field,Rajasthan Royals,None,normal,0,8,Normal,SK Trivedi
501200,2011,2011-04-09,Kochi,Nehru Stadium,Kochi Tuskers Kerala,Royal Challengers Bengaluru,Kochi Tuskers Kerala,bat,Royal Challengers Bengaluru,None,normal,0,6,Normal,AB de Villiers
501201,2011,2011-04-10,Delhi,Arun Jaitley Stadium,Delhi Capitals,Mumbai Indians,Delhi Capitals,bat,Mumbai Indians,None,normal,0,8,Normal,SL Malinga
501202,2011,2011-04-10,Mumbai,Dr DY Patil Sports Academy,Pune Warriors,Punjab Kings,Punjab Kings,bat,Pune Warriors,None,normal,0,7,Normal,SB Wagh
501203,2011,2011-04-11,Kolkata,Eden Gardens,Kolkata Knight Riders,Deccan Chargers,Kolkata Knight Riders,bat,Kolkata Knight Riders,None,normal,9,0,Normal,JH Kallis
501204,2011,2011-04-12,Jaipur,Sawai Mansingh Stadium,Rajasthan Royals,Delhi Capitals,Delhi Capitals,bat,Rajasthan Royals,None,normal,0,6,Normal,SK Warne
501205,2011,2011-04-12,Bangalore,M Chinnaswamy Stadium,Royal Challengers Bengaluru,Mumbai Indians,Mumbai Indians,field,Mumbai Indians,None,normal,0,9,Normal,SR Tendulkar
501206,2011,2011-04-13,Chandigarh,Punjab Cricket Association IS Bindra Stadium,Punjab Kings,Chennai Super Kings,Punjab Kings,field,Punjab Kings,None,normal,0,6,Normal,PC Valthaty
501207,2011,2011-04-13,Mumbai,Dr DY Patil Sports Academy,Pune Warriors,Kochi Tuskers Kerala,Kochi Tuskers Kerala,bat,Pune Warriors,None,normal,0,4,Normal,MD Mishra
501208,2011,2011-04-14,Hyderabad,Rajiv Gandhi International Stadium,Deccan Chargers,Royal Challengers Bengaluru,Royal Challengers Bengaluru,field,Deccan Chargers,None,normal,33,0,Normal,DW Steyn
501209,2011,2011-04-15,Jaipur,Sawai Mansingh Stadium,Rajasthan Royals,Kolkata Knight Riders,Kolkata Knight Riders,field,Kolkata Knight Riders,None,normal,0,9,Normal,G Gambhir
501210,2011,2011-04-15,Mumbai,Wankhede Stadium,Mumbai Indians,Kochi Tuskers Kerala,Kochi Tuskers Kerala,field,Kochi Tuskers Kerala,None,normal,0,8,Normal,BB McCullum
501211,2011,2011-04-16,Chennai,MA Chidambaram Stadium,Chennai Super Kings,Royal Challengers Bengaluru,Chennai Super Kings,bat,Chennai Super Kings,None,normal,21,0,Normal,MEK Hussey
501212,2011,2011-04-16,Hyderabad,Rajiv Gandhi International Stadium,Deccan Chargers,Punjab Kings,Punjab Kings,field,Punjab Kings,None,normal,0,8,Normal,PC Valthaty
501213,2011,2011-04-17,Mumbai,Dr DY Patil Sports Academy,Pune Warriors,Delhi Capitals,Delhi Capitals,field,Delhi Capitals,None,normal,0,3,Normal,Yuvraj Singh
501214,2011,2011-04-17,Kolkata,Eden Gardens,Kolkata Knight Riders,Rajasthan Royals,Kolkata Knight Riders,field,Kolkata Knight Riders,None,normal,0,8,Normal,L Balaji
501215,2011,2011-04-18,Kochi,Nehru Stadium,Kochi Tuskers Kerala,Chennai Super Kings,Kochi Tuskers Kerala,field,Kochi Tuskers Kerala,None,normal,0,7,D/L,BB McCullum
501216,2011,2011-04-19,Delhi,Arun Jaitley Stadium,Delhi Capitals,Deccan Chargers,Deccan Chargers,bat,Deccan Chargers,None,normal,16,0,Normal,S Sohal
501218,2011,2011-04-20,Mumbai,Wankhede Stadium,Mumbai Indians,Pune Warriors,Pune Warriors,bat,Mumbai Indians,None,normal,0,7,Normal,MM Patel
501219,2011,2011-04-20,Kolkata,Eden Gardens,Kolkata Knight Riders,Kochi Tuskers Kerala,Kolkata Knight Riders,field,Kochi Tuskers Kerala,None,normal,6,0,Normal,DPMD Jayawardene
501220,2011,2011-04-21,Chandigarh,Punjab Cricket Association IS Bindra Stadium,Punjab Kings,Rajasthan Royals,Rajasthan Royals,field,Punjab Kings,None,normal,48,0,Normal,SE Marsh
501221,2011,2011-04-22,Mumbai,Wankhede Stadium,Mumbai Indians,Chennai Super Kings,Chennai Super Kings,field,Mumbai Indians,None,normal,8,0,Normal,Harbhajan Singh
501222,2011,2011-04-22,Kolkata,Eden Gardens,Kolkata Knight Riders,Royal Challengers Bengaluru,Royal Challengers Bengaluru,field,Royal Challengers Bengaluru,None,normal,0,9,Normal,CH Gayle
501223,2011,2011-04-23,Delhi,Arun Jaitley Stadium,Delhi Capitals,Punjab Kings,Punjab Kings,field,Delhi Capitals,None,normal,29,0,Normal,DA Warner
501224,2011,2011-04-24,Hyderabad,Rajiv Gandhi International Stadium,Deccan Chargers,Mumbai Indians,Deccan Chargers,field,Mumbai Indians,None,normal,37,0,Normal,SL Malinga
501225,2011,2011-04-24,Jaipur,Sawai Mansingh Stadium,Rajasthan Royals,Kochi Tuskers Kerala,Rajasthan Royals,field,Rajasthan Royals,None,normal,0,8,Normal,SK Warne
501226,2011,2011-04-25,Chennai,MA Chidambaram Stadium,Chennai Super Kings,Pune Warriors,Pune Warriors,field,Chennai Super Kings,None,normal,25,0,Normal,MEK Hussey
501227,2011,2011-04-26,Delhi,Arun Jaitley Stadium,Delhi Capitals,Royal Challengers Bengaluru,Royal Challengers Bengaluru,field,Royal Challengers Bengaluru,None,normal,0,3,Normal,V Kohli
501228,2011,2011-04-27,Mumbai,Dr DY Patil Sports Academy,Pune Warriors,Chennai Super Kings,Pune Warriors,bat,Chennai Super Kings,None,normal,0,8,Normal,DE Bollinger
501229,2011,2011-04-27,Kochi,Nehru Stadium,Kochi Tuskers Kerala,Deccan Chargers,Kochi Tuskers Kerala,field,Deccan Chargers,None,normal,55,0,Normal,I Sharma
501230,2011,2011-04-28,Delhi,Arun Jaitley Stadium,Delhi Capitals,Kolkata Knight Riders,Delhi Capitals,field,Kolkata Knight Riders,None,normal,17,0,Normal,MK Tiwary
501231,2011,2011-04-29,Jaipur,Sawai Mansingh Stadium,Rajasthan Royals,Mumbai Indians,Rajasthan Royals,field,Rajasthan Royals,None,normal,0,7,Normal,J Botha
501232,2011,2011-04-29,Bangalore,M Chinnaswamy Stadium,Royal Challengers Bengaluru,Pune Warriors,Pune Warriors,field,Royal Challengers Bengaluru,None,normal,26,0,Normal,V Kohli
501233,2011,2011-04-30,Kochi,Nehru Stadium,Kochi Tuskers Kerala,Delhi Capitals,Delhi Capitals,bat,Delhi Capitals,None,normal,38,0,Normal,V Sehwag
501234,2011,2011-04-30,Kolkata,Eden Gardens,Kolkata Knight Riders,Punjab Kings,Kolkata Knight Riders,field,Kolkata Knight Riders,None,normal,0,8,Normal,Iqbal Abdulla
501235,2011,2011-05-01,Jaipur,Sawai Mansingh Stadium,Rajasthan Royals,Pune Warriors,Rajasthan Royals,field,Rajasthan Royals,None,normal,0,6,Normal,LRPL Taylor
501236,2011,2011-05-01,Chennai,MA Chidambaram Stadium,Chennai Super Kings,Deccan Chargers,Chennai Super Kings,bat,Chennai Super Kings,None,normal,19,0,Normal,JA Morkel
501237,2011,2011-05-02,Mumbai,Wankhede Stadium,Mumbai Indians,Punjab Kings,Punjab Kings,field,Mumbai Indians,None,normal,23,0,Normal,KA Pollard
501238,2011,2011-05-02,Delhi,Arun Jaitley Stadium,Delhi Capitals,Kochi Tuskers Kerala,Kochi Tuskers Kerala,field,Kochi Tuskers Kerala,None,normal,0,7,Normal,P Parameswaran
501239,2011,2011-05-03,Hyderabad,Rajiv Gandhi International Stadium,Deccan Chargers,Kolkata Knight Riders,Deccan Chargers,field,Kolkata Knight Riders,None,normal,20,0,Normal,YK Pathan
501240,2011,2011-05-04,Chennai,MA Chidambaram Stadium,Chennai Super Kings,Rajasthan Royals,Rajasthan Royals,bat,Chennai Super Kings,None,normal,0,8,Normal,MEK Hussey
501241,2011,2011-05-04,Mumbai,Dr DY Patil Sports Academy,Pune Warriors,Mumbai Indians,Pune Warriors,field,Mumbai Indians,None,normal,21,0,Normal,R Sharma
501242,2011,2011-05-05,Kochi,Nehru Stadium,Kochi Tuskers Kerala,Kolkata Knight Riders,Kolkata Knight Riders,field,Kochi Tuskers Kerala,None,normal,17,0,Normal,BJ Hodge
501243,2011,2011-05-05,Hyderabad,Rajiv Gandhi International Stadium,Deccan Chargers,Delhi Capitals,Delhi Capitals,field,Delhi Capitals,None,normal,0,4,Normal,V Sehwag
501244,2011,2011-05-06,Bangalore,M Chinnaswamy Stadium,Royal Challengers Bengaluru,Punjab Kings,Punjab Kings,field,Royal Challengers Bengaluru,None,normal,85,0,Normal,CH Gayle
501245,2011,2011-05-07,Kolkata,Eden Gardens,Kolkata Knight Riders,Chennai Super Kings,Chennai Super Kings,bat,Kolkata Knight Riders,None,normal,10,0,D/L,Iqbal Abdulla
501246,2011,2011-05-07,Mumbai,Wankhede Stadium,Mumbai Indians,Delhi Capitals,Delhi Capitals,field,Mumbai Indians,None,normal,32,0,Normal,AT Rayudu
501247,2011,2011-05-08,Bangalore,M Chinnaswamy Stadium,Royal Challengers Bengaluru,Kochi Tuskers Kerala,Kochi Tuskers Kerala,bat,Royal Challengers Bengaluru,None,normal,0,9,Normal,CH Gayle
501248,2011,2011-05-08,Chandigarh,Punjab Cricket Association IS Bindra Stadium,Punjab Kings,Pune Warriors,Punjab Kings,bat,Pune Warriors,None,normal,0,5,Normal,R Sharma
501249,2011,2011-05-09,Jaipur,Sawai Mansingh Stadium,Rajasthan Royals,Chennai Super Kings,Rajasthan Royals,field,Chennai Super Kings,None,normal,63,0,Normal,M Vijay
501250,2011,2011-05-10,Hyderabad,Rajiv Gandhi International Stadium,Deccan Chargers,Pune Warriors,Deccan Chargers,bat,Pune Warriors,None,normal,0,6,Normal,MR Marsh
501251,2011,2011-05-10,Chandigarh,Punjab Cricket Association IS Bindra Stadium,Punjab Kings,Mumbai Indians,Mumbai Indians,field,Punjab Kings,None,normal,76,0,Normal,BA Bhatt
501252,2011,2011-05-11,Jaipur,Sawai Mansingh Stadium,Rajasthan Royals,Royal Challengers Bengaluru,Royal Challengers Bengaluru,field,Royal Challengers Bengaluru,None,normal,0,9,Normal,S Aravind
501253,2011,2011-05-12,Chennai,MA Chidambaram Stadium,Chennai Super Kings,Delhi Capitals,Chennai Super Kings,bat,Chennai Super Kings,None,normal,18,0,Normal,MS Dhoni
501254,2011,2011-05-13,Indore,Holkar Cricket Stadium,Kochi Tuskers Kerala,Punjab Kings,Punjab Kings,field,Punjab Kings,None,normal,0,6,Normal,KD Karthik
501255,2011,2011-05-14,Bangalore,M Chinnaswamy Stadium,Royal Challengers Bengaluru,Kolkata Knight Riders,Royal Challengers Bengaluru,field,Royal Challengers Bengaluru,None,normal,0,4,D/L,CH Gayle
501256,2011,2011-05-14,Mumbai,Wankhede Stadium,Mumbai Indians,Deccan Chargers,Deccan Chargers,bat,Deccan Chargers,None,normal,10,0,Normal,A Mishra
501257,2011,2011-05-15,Dharamsala,Himachal Pradesh Cricket Association Stadium,Punjab Kings,Delhi Capitals,Delhi Capitals,field,Punjab Kings,None,normal,29,0,Normal,PP Chawla
501258,2011,2011-05-15,Indore,Holkar Cricket Stadium,Kochi Tuskers Kerala,Rajasthan Royals,Kochi Tuskers Kerala,field,Kochi Tuskers Kerala,None,normal,0,8,Normal,BJ Hodge
501259,2011,2011-05-16,Mumbai,Dr DY Patil Sports Academy,Pune Warriors,Deccan Chargers,Deccan Chargers,field,Deccan Chargers,None,normal,0,6,Normal,A Mishra
501260,2011,2011-05-17,Dharamsala,Himachal Pradesh Cricket Association Stadium,Punjab Kings,Royal Challengers Bengaluru,Punjab Kings,bat,Punjab Kings,None,normal,111,0,Normal,AC Gilchrist
501261,2011,2011-05-18,Chennai,MA Chidambaram Stadium,Chennai Super Kings,Kochi Tuskers Kerala,Chennai Super Kings,bat,Chennai Super Kings,None,normal,11,0,Normal,WP Saha
501262,2011,2011-05-19,Mumbai,Dr DY Patil Sports Academy,Pune Warriors,Kolkata Knight Riders,Kolkata Knight Riders,field,Kolkata Knight Riders,None,normal,0,7,Normal,YK Pathan
501263,2011,2011-05-20,Mumbai,Wankhede Stadium,Mumbai Indians,Rajasthan Royals,Mumbai Indians,bat,Rajasthan Royals,None,normal,0,10,Normal,SR Watson
501264,2011,2011-05-21,Dharamsala,Himachal Pradesh Cricket Association Stadium,Punjab Kings,Deccan Chargers,Punjab Kings,field,Deccan Chargers,None,normal,82,0,Normal,S Dhawan
501266,2011,2011-05-22,Bangalore,M Chinnaswamy Stadium,Royal Challengers Bengaluru,Chennai Super Kings,Royal Challengers Bengaluru,field,Royal Challengers Bengaluru,None,normal,0,8,Normal,CH Gayle
501267,2011,2011-05-22,Kolkata,Eden Gardens,Kolkata Knight Riders,Mumbai Indians,Mumbai Indians,field,Mumbai Indians,None,normal,0,5,Normal,JEC Franklin
501268,2011,2011-05-24,Mumbai,Wankhede Stadium,Royal Challengers Bengaluru,Chennai Super Kings,Chennai Super Kings,field,Chennai Super Kings,None,normal,0,6,Normal,SK Raina
501269,2011,2011-05-25,Mumbai,Wankhede Stadium,Mumbai Indians,Kolkata Knight Riders,Mumbai Indians,field,Mumbai Indians,None,normal,0,4,Normal,MM Patel
501270,2011,2011-05-27,Chennai,MA Chidambaram Stadium,Royal Challengers Bengaluru,Mumbai Indians,Mumbai Indians,field,Royal Challengers Bengaluru,None,normal,43,0,Normal,CH Gayle
501271,2011,2011-05-28,Chennai,MA Chidambaram Stadium,Chennai Super Kings,Royal Challengers Bengaluru,Chennai Super Kings,bat,Chennai Super Kings,None,normal,58,0,Normal,M Vijay
548306,2012,2012-04-04,Chennai,MA Chidambaram Stadium,Chennai Super Kings,Mumbai Indians,Mumbai Indians,field,Mumbai Indians,None,normal,0,8,Normal,RE Levi
548307,2012,2012-04-05,Kolkata,Eden Gardens,Kolkata Knight Riders,Delhi Capitals,Delhi Capitals,field,Delhi Capitals,None,normal,0,8,Normal,IK Pathan
548308,2012,2012-04-06,Mumbai,Wankhede Stadium,Mumbai Indians,Pune Warriors,Mumbai Indians,field,Pune Warriors,None,normal,28,0,Normal,SPD Smith
548309,2012,2012-04-06,Jaipur,Sawai Mansingh Stadium,Rajasthan Royals,Punjab Kings,Punjab Kings,field,Rajasthan Royals,None,normal,31,0,Normal,AM Rahane
548310,2012,2012-04-07,Bangalore,M Chinnaswamy Stadium,Royal Challengers Bengaluru,Delhi Capitals,Delhi Capitals,field,Royal Challengers Bengaluru,None,normal,20,0,Normal,AB de Villiers
548311,2012,2012-04-07,Visakhapatnam,Dr. Y.S. Rajasekhara Reddy ACA-VDCA Cricket Stadium,Deccan Chargers,Chennai Super Kings,Deccan Chargers,field,Chennai Super Kings,None,normal,74,0,Normal,RA Jadeja
548312,2012,2012-04-08,Jaipur,Sawai Mansingh Stadium,Rajasthan Royals,Kolkata Knight Riders,Kolkata Knight Riders,field,Rajasthan Royals,None,normal,22,0,Normal,BJ Hodge
548313,2012,2012-04-08,Pune,Maharashtra Cricket Association Stadium,Pune Warriors,Punjab Kings,Pune Warriors,bat,Pune Warriors,None,normal,22,0,Normal,MN Samuels
548314,2012,2012-04-09,Visakhapatnam,Dr. Y.S. Rajasekhara Reddy ACA-VDCA Cricket Stadium,Deccan Chargers,Mumbai Indians,Deccan Chargers,bat,Mumbai Indians,None,normal,0,5,Normal,RG Sharma
548315,2012,2012-04-10,Bangalore,M Chinnaswamy Stadium,Royal Challengers Bengaluru,Kolkata Knight Riders,Royal Challengers Bengaluru,field,Kolkata Knight Riders,None,normal,42,0,Normal,L Balaji
548316,2012,2012-04-10,Delhi,Arun Jaitley Stadium,Delhi Capitals,Chennai Super Kings,Delhi Capitals,field,Delhi Capitals,None,normal,0,8,Normal,M Morkel
548317,2012,2012-04-11,Mumbai,Wankhede Stadium,Mumbai Indians,Rajasthan Royals,Rajasthan Royals,field,Mumbai Indians,None,normal,27,0,Normal,KA Pollard
548318,2012,2012-04-12,Chennai,MA Chidambaram Stadium,Chennai Super Kings,Royal Challengers Bengaluru,Royal Challengers Bengaluru,bat,Chennai Super Kings,None,normal,0,5,Normal,F du Plessis
548319,2012,2012-04-12,Chandigarh,Punjab Cricket Association IS Bindra Stadium,Punjab Kings,Pune Warriors,Punjab Kings,field,Punjab Kings,None,normal,0,7,Normal,AD Mascarenhas
548320,2012,2012-04-13,Kolkata,Eden Gardens,Kolkata Knight Riders,Rajasthan Royals,Rajasthan Royals,bat,Kolkata Knight Riders,None,normal,0,5,Normal,Shakib Al Hasan
548322,2012,2012-04-14,Pune,Maharashtra Cricket Association Stadium,Pune Warriors,Chennai Super Kings,Chennai Super Kings,bat,Pune Warriors,None,normal,0,7,Normal,JD Ryder
548323,2012,2012-04-15,Kolkata,Eden Gardens,Kolkata Knight Riders,Punjab Kings,Kolkata Knight Riders,field,Punjab Kings,None,normal,2,0,Normal,SP Narine
548324,2012,2012-04-15,Bangalore,M Chinnaswamy Stadium,Royal Challengers Bengaluru,Rajasthan Royals,Rajasthan Royals,bat,Rajasthan Royals,None,normal,59,0,Normal,AM Rahane
548325,2012,2012-04-16,Mumbai,Wankhede Stadium,Mumbai Indians,Delhi Capitals,Delhi Capitals,field,Delhi Capitals,None,normal,0,7,Normal,S Nadeem
548326,2012,2012-04-17,Jaipur,Sawai Mansingh Stadium,Rajasthan Royals,Deccan Chargers,Deccan Chargers,bat,Rajasthan Royals,None,normal,0,5,Normal,BJ Hodge
548327,2012,2012-04-17,Bangalore,M Chinnaswamy Stadium,Royal Challengers Bengaluru,Pune Warriors,Pune Warriors,bat,Royal Challengers Bengaluru,None,normal,0,6,Normal,CH Gayle
548328,2012,2012-04-18,Chandigarh,Punjab Cricket Association IS Bindra Stadium,Punjab Kings,Kolkata Knight Riders,Punjab Kings,bat,Kolkata Knight Riders,None,normal,0,8,Normal,G Gambhir
548321,2012,2012-04-19,Delhi,Arun Jaitley Stadium,Delhi Capitals,Deccan Chargers,Deccan Chargers,bat,Delhi Capitals,None,normal,0,5,Normal,KP Pietersen
548330,2012,2012-04-19,Chennai,MA Chidambaram Stadium,Chennai Super Kings,Pune Warriors,Pune Warriors,field,Chennai Super Kings,None,normal,13,0,Normal,KMDN Kulasekara
548331,2012,2012-04-20,Chandigarh,Punjab Cricket Association IS Bindra Stadium,Punjab Kings,Royal Challengers Bengaluru,Royal Challengers Bengaluru,field,Royal Challengers Bengaluru,None,normal,0,5,Normal,CH Gayle
548332,2012,2012-04-21,Chennai,MA Chidambaram Stadium,Chennai Super Kings,Rajasthan Royals,Rajasthan Royals,bat,Chennai Super Kings,None,normal,0,7,Normal,F du Plessis
548333,2012,2012-04-21,Delhi,Arun Jaitley Stadium,Delhi Capitals,Pune Warriors,Delhi Capitals,field,Pune Warriors,None,normal,20,0,Normal,SC Ganguly
548334,2012,2012-04-22,Mumbai,Wankhede Stadium,Mumbai Indians,Punjab Kings,Mumbai Indians,bat,Punjab Kings,None,normal,0,6,Normal,SE Marsh
548335,2012,2012-04-22,Cuttack,Barabati Stadium,Deccan Chargers,Kolkata Knight Riders,Kolkata Knight Riders,field,Kolkata Knight Riders,None,normal,0,5,Normal,B Lee
548336,2012,2012-04-23,Jaipur,Sawai Mansingh Stadium,Rajasthan Royals,Royal Challengers Bengaluru,Rajasthan Royals,field,Royal Challengers Bengaluru,None,normal,46,0,Normal,AB de Villiers
548337,2012,2012-04-24,Pune,Maharashtra Cricket Association Stadium,Pune Warriors,Delhi Capitals,Pune Warriors,bat,Delhi Capitals,None,normal,0,8,Normal,V Sehwag
548339,2012,2012-04-25,Chandigarh,Punjab Cricket Association IS Bindra Stadium,Punjab Kings,Mumbai Indians,Punjab Kings,bat,Mumbai Indians,None,normal,0,4,Normal,AT Rayudu
548341,2012,2012-04-26,Pune,Maharashtra Cricket Association Stadium,Pune Warriors,Deccan Chargers,Deccan Chargers,bat,Deccan Chargers,None,normal,18,0,Normal,CL White
548342,2012,2012-04-27,Delhi,Arun Jaitley Stadium,Delhi Capitals,Mumbai Indians,Mumbai Indians,field,Delhi Capitals,None,normal,37,0,Normal,V Sehwag
548343,2012,2012-04-28,Chennai,MA Chidambaram Stadium,Chennai Super Kings,Punjab Kings,Punjab Kings,bat,Punjab Kings,None,normal,7,0,Normal,Mandeep Singh
548344,2012,2012-04-28,Kolkata,Eden Gardens,Kolkata Knight Riders,Royal Challengers Bengaluru,Kolkata Knight Riders,bat,Kolkata Knight Riders,None,normal,47,0,Normal,G Gambhir
548345,2012,2012-04-29,Delhi,Arun Jaitley Stadium,Delhi Capitals,Rajasthan Royals,Delhi Capitals,bat,Delhi Capitals,None,normal,1,0,Normal,V Sehwag
548346,2012,2012-04-29,Mumbai,Wankhede Stadium,Mumbai Indians,Deccan Chargers,Mumbai Indians,field,Mumbai Indians,None,normal,0,5,Normal,DW Steyn
548347,2012,2012-04-30,Chennai,MA Chidambaram Stadium,Chennai Super Kings,Kolkata Knight Riders,Chennai Super Kings,bat,Kolkata Knight Riders,None,normal,0,5,Normal,G Gambhir
548348,2012,2012-05-01,Cuttack,Barabati Stadium,Deccan Chargers,Pune Warriors,Deccan Chargers,bat,Deccan Chargers,None,normal,13,0,Normal,KC Sangakkara
548349,2012,2012-05-01,Jaipur,Sawai Mansingh Stadium,Rajasthan Royals,Delhi Capitals,Rajasthan Royals,bat,Delhi Capitals,None,normal,0,6,Normal,P Negi
548350,2012,2012-05-02,Bangalore,M Chinnaswamy Stadium,Royal Challengers Bengaluru,Punjab Kings,Punjab Kings,field,Punjab Kings,None,normal,0,4,Normal,Azhar Mahmood
548351,2012,2012-05-03,Pune,Maharashtra Cricket Association Stadium,Pune Warriors,Mumbai Indians,Mumbai Indians,bat,Mumbai Indians,None,normal,1,0,Normal,SL Malinga
548352,2012,2012-05-04,Chennai,MA Chidambaram Stadium,Chennai Super Kings,Deccan Chargers,Chennai Super Kings,bat,Chennai Super Kings,None,normal,10,0,Normal,SK Raina
548353,2012,2012-05-05,Kolkata,Eden Gardens,Kolkata Knight Riders,Pune Warriors,Kolkata Knight Riders,bat,Kolkata Knight Riders,None,normal,7,0,Normal,SP Narine
548354,2012,2012-05-05,Chandigarh,Punjab Cricket Association IS Bindra Stadium,Punjab Kings,Rajasthan Royals,Rajasthan Royals,bat,Rajasthan Royals,None,normal,43,0,Normal,SR Watson
548355,2012,2012-05-06,Mumbai,Wankhede Stadium,Mumbai Indians,Chennai Super Kings,Mumbai Indians,field,Mumbai Indians,None,normal,0,2,Normal,DR Smith
548356,2012,2012-05-06,Bangalore,M Chinnaswamy Stadium,Royal Challengers Bengaluru,Deccan Chargers,Royal Challengers Bengaluru,field,Royal Challengers Bengaluru,None,normal,0,5,Normal,AB de Villiers
548357,2012,2012-05-07,Delhi,Arun Jaitley Stadium,Delhi Capitals,Kolkata Knight Riders,Delhi Capitals,bat,Kolkata Knight Riders,None,normal,0,6,Normal,JH Kallis
548358,2012,2012-05-08,Pune,Maharashtra Cricket Association Stadium,Pune Warriors,Rajasthan Royals,Pune Warriors,bat,Rajasthan Royals,None,normal,0,7,Normal,SR Watson
548359,2012,2012-05-08,Hyderabad,Rajiv Gandhi International Stadium,Deccan Chargers,Punjab Kings,Deccan Chargers,field,Punjab Kings,None,normal,25,0,Normal,Mandeep Singh
548360,2012,2012-05-09,Mumbai,Wankhede Stadium,Mumbai Indians,Royal Challengers Bengaluru,Royal Challengers Bengaluru,field,Royal Challengers Bengaluru,None,normal,0,9,Normal,CH Gayle
548329,2012,2012-05-10,Hyderabad,Rajiv Gandhi International Stadium,Deccan Chargers,Delhi Capitals,Deccan Chargers,bat,Delhi Capitals,None,normal,0,9,Normal,DA Warner
548361,2012,2012-05-10,Jaipur,Sawai Mansingh Stadium,Rajasthan Royals,Chennai Super Kings,Chennai Super Kings,field,Chennai Super Kings,None,normal,0,4,Normal,BW Hilfenhaus
548362,2012,2012-05-11,Pune,Maharashtra Cricket Association Stadium,Pune Warriors,Royal Challengers Bengaluru,Pune Warriors,field,Royal Challengers Bengaluru,None,normal,35,0,Normal,CH Gayle
548363,2012,2012-05-12,Kolkata,Eden Gardens,Kolkata Knight Riders,Mumbai Indians,Mumbai Indians,bat,Mumbai Indians,None,normal,27,0,Normal,RG Sharma
548364,2012,2012-05-12,Chennai,MA Chidambaram Stadium,Chennai Super Kings,Delhi Capitals,Chennai Super Kings,field,Chennai Super Kings,None,normal,0,9,Normal,BW Hilfenhaus
548365,2012,2012-05-13,Jaipur,Sawai Mansingh Stadium,Rajasthan Royals,Pune Warriors,Rajasthan Royals,bat,Rajasthan Royals,None,normal,45,0,Normal,A Chandila
548366,2012,2012-05-13,Chandigarh,Punjab Cricket Association IS Bindra Stadium,Punjab Kings,Deccan Chargers,Deccan Chargers,bat,Punjab Kings,None,normal,0,4,Normal,DJ Hussey
548367,2012,2012-05-14,Bangalore,M Chinnaswamy Stadium,Royal Challengers Bengaluru,Mumbai Indians,Mumbai Indians,field,Mumbai Indians,None,normal,0,5,Normal,AT Rayudu
548368,2012,2012-05-14,Kolkata,Eden Gardens,Kolkata Knight Riders,Chennai Super Kings,Chennai Super Kings,field,Chennai Super Kings,None,normal,0,5,Normal,MEK Hussey
548369,2012,2012-05-15,Delhi,Arun Jaitley Stadium,Delhi Capitals,Punjab Kings,Punjab Kings,bat,Delhi Capitals,None,normal,0,5,Normal,UT Yadav
548370,2012,2012-05-16,Mumbai,Wankhede Stadium,Mumbai Indians,Kolkata Knight Riders,Mumbai Indians,field,Kolkata Knight Riders,None,normal,32,0,Normal,SP Narine
548371,2012,2012-05-17,Dharamsala,Himachal Pradesh Cricket Association Stadium,Punjab Kings,Chennai Super Kings,Punjab Kings,field,Punjab Kings,None,normal,0,6,Normal,AC Gilchrist
548372,2012,2012-05-17,Delhi,Arun Jaitley Stadium,Delhi Capitals,Royal Challengers Bengaluru,Delhi Capitals,field,Royal Challengers Bengaluru,None,normal,21,0,Normal,CH Gayle
548373,2012,2012-05-18,Hyderabad,Rajiv Gandhi International Stadium,Deccan Chargers,Rajasthan Royals,Rajasthan Royals,bat,Deccan Chargers,None,normal,0,5,Normal,DW Steyn
548374,2012,2012-05-19,Dharamsala,Himachal Pradesh Cricket Association Stadium,Punjab Kings,Delhi Capitals,Delhi Capitals,field,Delhi Capitals,None,normal,0,6,Normal,UT Yadav
548375,2012,2012-05-19,Pune,Maharashtra Cricket Association Stadium,Pune Warriors,Kolkata Knight Riders,Kolkata Knight Riders,bat,Kolkata Knight Riders,None,normal,34,0,Normal,Shakib Al Hasan
548376,2012,2012-05-20,Hyderabad,Rajiv Gandhi International Stadium,Deccan Chargers,Royal Challengers Bengaluru,Royal Challengers Bengaluru,field,Deccan Chargers,None,normal,9,0,Normal,DW Steyn
548377,2012,2012-05-20,Jaipur,Sawai Mansingh Stadium,Rajasthan Royals,Mumbai Indians,Rajasthan Royals,bat,Mumbai Indians,None,normal,0,10,Normal,DR Smith
548378,2012,2012-05-22,Pune,Maharashtra Cricket Association Stadium,Delhi Capitals,Kolkata Knight Riders,Kolkata Knight Riders,bat,Kolkata Knight Riders,None,normal,18,0,Normal,YK Pathan
548379,2012,2012-05-23,Bangalore,M Chinnaswamy Stadium,Chennai Super Kings,Mumbai Indians,Mumbai Indians,field,Chennai Super Kings,None,normal,38,0,Normal,MS Dhoni
548380,2012,2012-05-25,Chennai,MA Chidambaram Stadium,Delhi Capitals,Chennai Super Kings,Delhi Capitals,field,Chennai Super Kings,None,normal,86,0,Normal,M Vijay
548381,2012,2012-05-27,Chennai,MA Chidambaram Stadium,Kolkata Knight Riders,Chennai Super Kings,Chennai Super Kings,bat,Kolkata Knight Riders,None,normal,0,5,Normal,MS Bisla
597998,2013,2013-04-03,Kolkata,Eden Gardens,Kolkata Knight Riders,Delhi Capitals,Kolkata Knight Riders,field,Kolkata Knight Riders,None,normal,0,6,Normal,SP Narine
597999,2013,2013-04-04,Bangalore,M Chinnaswamy Stadium,Royal Challengers Bengaluru,Mumbai Indians,Mumbai Indians,field,Royal Challengers Bengaluru,None,normal,2,0,Normal,CH Gayle
598000,2013,2013-04-05,Hyderabad,Rajiv Gandhi International Stadium,Sunrisers Hyderabad,Pune Warriors,Pune Warriors,field,Sunrisers Hyderabad,None,normal,22,0,Normal,A Mishra
598001,2013,2013-04-06,Delhi,Arun Jaitley Stadium,Delhi Capitals,Rajasthan Royals,Rajasthan Royals,bat,Rajasthan Royals,None,normal,5,0,Normal,R Dravid
598002,2013,2013-04-06,Chennai,MA Chidambaram Stadium,Chennai Super Kings,Mumbai Indians,Mumbai Indians,bat,Mumbai Indians,None,normal,9,0,Normal,KA Pollard
598003,2013,2013-04-07,Pune,Maharashtra Cricket Association Stadium,Pune Warriors,Punjab Kings,Pune Warriors,bat,Punjab Kings,None,normal,0,8,Normal,M Vohra
598004,2013,2013-04-07,Hyderabad,Rajiv Gandhi International Stadium,Sunrisers Hyderabad,Royal Challengers Bengaluru,Royal Challengers Bengaluru,bat,Sunrisers Hyderabad,Sunrisers Hyderabad,tie,0,0,Normal,GH Vihari
598005,2013,2013-04-08,Jaipur,Sawai Mansingh Stadium,Rajasthan Royals,Kolkata Knight Riders,Kolkata Knight Riders,field,Rajasthan Royals,None,normal,19,0,Normal,SK Trivedi
598006,2013,2013-04-09,Mumbai,Wankhede Stadium,Mumbai Indians,Delhi Capitals,Mumbai Indians,bat,Mumbai Indians,None,normal,44,0,Normal,KD Karthik
598048,2013,2013-04-09,Bangalore,M Chinnaswamy Stadium,Royal Challengers Bengaluru,Sunrisers Hyderabad,Sunrisers Hyderabad,bat,Royal Challengers Bengaluru,None,normal,0,7,Normal,V Kohli
598007,2013,2013-04-10,Chandigarh,Punjab Cricket Association IS Bindra Stadium,Punjab Kings,Chennai Super Kings,Chennai Super Kings,field,Chennai Super Kings,None,normal,0,10,Normal,MEK Hussey
598008,2013,2013-04-11,Bangalore,M Chinnaswamy Stadium,Royal Challengers Bengaluru,Kolkata Knight Riders,Royal Challengers Bengaluru,field,Royal Challengers Bengaluru,None,normal,0,8,Normal,CH Gayle
598009,2013,2013-04-11,Pune,Maharashtra Cricket Association Stadium,Pune Warriors,Rajasthan Royals,Rajasthan Royals,bat,Pune Warriors,None,normal,0,7,Normal,AJ Finch
598010,2013,2013-04-12,Delhi,Arun Jaitley Stadium,Delhi Capitals,Sunrisers Hyderabad,Delhi Capitals,bat,Sunrisers Hyderabad,None,normal,0,3,Normal,A Mishra
598011,2013,2013-04-13,Mumbai,Wankhede Stadium,Mumbai Indians,Pune Warriors,Mumbai Indians,bat,Mumbai Indians,None,normal,41,0,Normal,RG Sharma
598012,2013,2013-04-13,Chennai,MA Chidambaram Stadium,Chennai Super Kings,Royal Challengers Bengaluru,Chennai Super Kings,field,Chennai Super Kings,None,normal,0,4,Normal,RA Jadeja
598013,2013,2013-04-14,Kolkata,Eden Gardens,Kolkata Knight Riders,Sunrisers Hyderabad,Kolkata Knight Riders,bat,Kolkata Knight Riders,None,normal,48,0,Normal,G Gambhir
598014,2013,2013-04-14,Jaipur,Sawai Mansingh Stadium,Rajasthan Royals,Punjab Kings,Rajasthan Royals,field,Rajasthan Royals,None,normal,0,6,Normal,JP Faulkner
598015,2013,2013-04-15,Chennai,MA Chidambaram Stadium,Chennai Super Kings,Pune Warriors,Pune Warriors,bat,Pune Warriors,None,normal,24,0,Normal,SPD Smith
598016,2013,2013-04-16,Chandigarh,Punjab Cricket Association IS Bindra Stadium,Punjab Kings,Kolkata Knight Riders,Kolkata Knight Riders,field,Punjab Kings,None,normal,4,0,Normal,MS Gony
598017,2013,2013-04-16,Bangalore,M Chinnaswamy Stadium,Royal Challengers Bengaluru,Delhi Capitals,Royal Challengers Bengaluru,field,Royal Challengers Bengaluru,Royal Challengers Bengaluru,tie,0,0,Normal,V Kohli
598018,2013,2013-04-17,Pune,Maharashtra Cricket Association Stadium,Pune Warriors,Sunrisers Hyderabad,Pune Warriors,field,Sunrisers Hyderabad,None,normal,11,0,Normal,A Mishra
598019,2013,2013-04-17,Jaipur,Sawai Mansingh Stadium,Rajasthan Royals,Mumbai Indians,Rajasthan Royals,bat,Rajasthan Royals,None,normal,87,0,Normal,AM Rahane
598020,2013,2013-04-18,Delhi,Arun Jaitley Stadium,Delhi Capitals,Chennai Super Kings,Chennai Super Kings,bat,Chennai Super Kings,None,normal,86,0,Normal,MEK Hussey
598021,2013,2013-04-19,Hyderabad,Rajiv Gandhi International Stadium,Sunrisers Hyderabad,Punjab Kings,Punjab Kings,bat,Sunrisers Hyderabad,None,normal,0,5,Normal,GH Vihari
598022,2013,2013-04-20,Kolkata,Eden Gardens,Kolkata Knight Riders,Chennai Super Kings,Kolkata Knight Riders,bat,Chennai Super Kings,None,normal,0,4,Normal,RA Jadeja
598023,2013,2013-04-20,Bangalore,M Chinnaswamy Stadium,Royal Challengers Bengaluru,Rajasthan Royals,Royal Challengers Bengaluru,field,Royal Challengers Bengaluru,None,normal,0,7,Normal,R Vinay Kumar
598024,2013,2013-04-21,Delhi,Arun Jaitley Stadium,Delhi Capitals,Mumbai Indians,Mumbai Indians,bat,Delhi Capitals,None,normal,0,9,Normal,V Sehwag
598025,2013,2013-04-21,Chandigarh,Punjab Cricket Association IS Bindra Stadium,Punjab Kings,Pune Warriors,Punjab Kings,field,Punjab Kings,None,normal,0,7,Normal,DA Miller
598026,2013,2013-04-22,Chennai,MA Chidambaram Stadium,Chennai Super Kings,Rajasthan Royals,Rajasthan Royals,bat,Chennai Super Kings,None,normal,0,5,Normal,MEK Hussey
598027,2013,2013-04-23,Bangalore,M Chinnaswamy Stadium,Royal Challengers Bengaluru,Pune Warriors,Pune Warriors,field,Royal Challengers Bengaluru,None,normal,130,0,Normal,CH Gayle
598059,2013,2013-04-23,Delhi,Arun Jaitley Stadium,Delhi Capitals,Punjab Kings,Punjab Kings,field,Punjab Kings,None,normal,0,5,Normal,Harmeet Singh
598029,2013,2013-04-24,Kolkata,Eden Gardens,Kolkata Knight Riders,Mumbai Indians,Kolkata Knight Riders,bat,Mumbai Indians,None,normal,0,5,Normal,DR Smith
598030,2013,2013-04-25,Chennai,MA Chidambaram Stadium,Chennai Super Kings,Sunrisers Hyderabad,Sunrisers Hyderabad,bat,Chennai Super Kings,None,normal,0,5,Normal,MS Dhoni
598031,2013,2013-04-26,Kolkata,Eden Gardens,Kolkata Knight Riders,Punjab Kings,Punjab Kings,bat,Kolkata Knight Riders,None,normal,0,6,Normal,JH Kallis
598032,2013,2013-04-27,Jaipur,Sawai Mansingh Stadium,Rajasthan Royals,Sunrisers Hyderabad,Sunrisers Hyderabad,bat,Rajasthan Royals,None,normal,0,8,Normal,JP Faulkner
598033,2013,2013-04-27,Mumbai,Wankhede Stadium,Mumbai Indians,Royal Challengers Bengaluru,Mumbai Indians,bat,Mumbai Indians,None,normal,58,0,Normal,DR Smith
598034,2013,2013-04-28,Chennai,MA Chidambaram Stadium,Chennai Super Kings,Kolkata Knight Riders,Kolkata Knight Riders,field,Chennai Super Kings,None,normal,14,0,Normal,MEK Hussey
598035,2013,2013-04-28,Raipur,Shaheed Veer Narayan Singh International Stadium,Delhi Capitals,Pune Warriors,Pune Warriors,field,Delhi Capitals,None,normal,15,0,Normal,DA Warner
598036,2013,2013-04-29,Jaipur,Sawai Mansingh Stadium,Rajasthan Royals,Royal Challengers Bengaluru,Rajasthan Royals,field,Rajasthan Royals,None,normal,0,4,Normal,SV Samson
598037,2013,2013-04-29,Mumbai,Wankhede Stadium,Mumbai Indians,Punjab Kings,Mumbai Indians,bat,Mumbai Indians,None,normal,4,0,Normal,RG Sharma
598038,2013,2013-04-30,Pune,Maharashtra Cricket Association Stadium,Pune Warriors,Chennai Super Kings,Chennai Super Kings,bat,Chennai Super Kings,None,normal,37,0,Normal,MS Dhoni
598039,2013,2013-05-01,Hyderabad,Rajiv Gandhi International Stadium,Sunrisers Hyderabad,Mumbai Indians,Mumbai Indians,bat,Sunrisers Hyderabad,None,normal,0,7,Normal,I Sharma
598040,2013,2013-05-01,Raipur,Shaheed Veer Narayan Singh International Stadium,Delhi Capitals,Kolkata Knight Riders,Kolkata Knight Riders,bat,Delhi Capitals,None,normal,0,7,Normal,DA Warner
598041,2013,2013-05-02,Chennai,MA Chidambaram Stadium,Chennai Super Kings,Punjab Kings,Chennai Super Kings,bat,Chennai Super Kings,None,normal,15,0,Normal,SK Raina
598042,2013,2013-05-02,Pune,Maharashtra Cricket Association Stadium,Pune Warriors,Royal Challengers Bengaluru,Royal Challengers Bengaluru,bat,Royal Challengers Bengaluru,None,normal,17,0,Normal,AB de Villiers
598043,2013,2013-05-03,Kolkata,Eden Gardens,Kolkata Knight Riders,Rajasthan Royals,Rajasthan Royals,bat,Kolkata Knight Riders,None,normal,0,8,Normal,YK Pathan
598044,2013,2013-05-04,Hyderabad,Rajiv Gandhi International Stadium,Sunrisers Hyderabad,Delhi Capitals,Delhi Capitals,bat,Sunrisers Hyderabad,None,normal,0,6,Normal,DJG Sammy
598046,2013,2013-05-05,Mumbai,Wankhede Stadium,Mumbai Indians,Chennai Super Kings,Mumbai Indians,bat,Mumbai Indians,None,normal,60,0,Normal,MG Johnson
598047,2013,2013-05-05,Jaipur,Sawai Mansingh Stadium,Rajasthan Royals,Pune Warriors,Pune Warriors,bat,Rajasthan Royals,None,normal,0,5,Normal,AM Rahane
598064,2013,2013-05-06,Chandigarh,Punjab Cricket Association IS Bindra Stadium,Punjab Kings,Royal Challengers Bengaluru,Punjab Kings,field,Punjab Kings,None,normal,0,6,Normal,DA Miller
598049,2013,2013-05-07,Jaipur,Sawai Mansingh Stadium,Rajasthan Royals,Delhi Capitals,Delhi Capitals,bat,Rajasthan Royals,None,normal,0,9,Normal,AM Rahane
598050,2013,2013-05-07,Mumbai,Wankhede Stadium,Mumbai Indians,Kolkata Knight Riders,Mumbai Indians,bat,Mumbai Indians,None,normal,65,0,Normal,SR Tendulkar
598051,2013,2013-05-08,Hyderabad,Rajiv Gandhi International Stadium,Sunrisers Hyderabad,Chennai Super Kings,Sunrisers Hyderabad,field,Chennai Super Kings,None,normal,77,0,Normal,SK Raina
598052,2013,2013-05-09,Chandigarh,Punjab Cricket Association IS Bindra Stadium,Punjab Kings,Rajasthan Royals,Rajasthan Royals,field,Rajasthan Royals,None,normal,0,8,Normal,KK Cooper
598053,2013,2013-05-09,Pune,Maharashtra Cricket Association Stadium,Pune Warriors,Kolkata Knight Riders,Kolkata Knight Riders,bat,Kolkata Knight Riders,None,normal,46,0,Normal,G Gambhir
598054,2013,2013-05-10,Delhi,Arun Jaitley Stadium,Delhi Capitals,Royal Challengers Bengaluru,Delhi Capitals,field,Royal Challengers Bengaluru,None,normal,4,0,Normal,JD Unadkat
598055,2013,2013-05-11,Pune,Maharashtra Cricket Association Stadium,Pune Warriors,Mumbai Indians,Pune Warriors,bat,Mumbai Indians,None,normal,0,5,Normal,MG Johnson
598056,2013,2013-05-11,Chandigarh,Punjab Cricket Association IS Bindra Stadium,Punjab Kings,Sunrisers Hyderabad,Punjab Kings,field,Sunrisers Hyderabad,None,normal,30,0,Normal,PA Patel
598057,2013,2013-05-12,Ranchi,JSCA International Stadium Complex,Kolkata Knight Riders,Royal Challengers Bengaluru,Kolkata Knight Riders,field,Kolkata Knight Riders,None,normal,0,5,Normal,JH Kallis
598058,2013,2013-05-12,Jaipur,Sawai Mansingh Stadium,Rajasthan Royals,Chennai Super Kings,Rajasthan Royals,field,Rajasthan Royals,None,normal,0,5,Normal,SR Watson
598060,2013,2013-05-13,Mumbai,Wankhede Stadium,Mumbai Indians,Sunrisers Hyderabad,Sunrisers Hyderabad,bat,Mumbai Indians,None,normal,0,7,Normal,KA Pollard
598045,2013,2013-05-14,Bangalore,M Chinnaswamy Stadium,Royal Challengers Bengaluru,Punjab Kings,Punjab Kings,field,Punjab Kings,None,normal,0,7,Normal,AC Gilchrist
598062,2013,2013-05-14,Chennai,MA Chidambaram Stadium,Chennai Super Kings,Delhi Capitals,Chennai Super Kings,bat,Chennai Super Kings,None,normal,33,0,Normal,MS Dhoni
598061,2013,2013-05-15,Ranchi,JSCA International Stadium Complex,Kolkata Knight Riders,Pune Warriors,Kolkata Knight Riders,field,Pune Warriors,None,normal,7,0,Normal,MK Pandey
598063,2013,2013-05-15,Mumbai,Wankhede Stadium,Mumbai Indians,Rajasthan Royals,Rajasthan Royals,field,Mumbai Indians,None,normal,14,0,Normal,AP Tare
598028,2013,2013-05-16,Dharamsala,Himachal Pradesh Cricket Association Stadium,Punjab Kings,Delhi Capitals,Delhi Capitals,field,Punjab Kings,None,normal,7,0,Normal,DA Miller
598065,2013,2013-05-17,Hyderabad,Rajiv Gandhi International Stadium,Sunrisers Hyderabad,Rajasthan Royals,Sunrisers Hyderabad,bat,Sunrisers Hyderabad,None,normal,23,0,Normal,A Mishra
598066,2013,2013-05-18,Dharamsala,Himachal Pradesh Cricket Association Stadium,Punjab Kings,Mumbai Indians,Mumbai Indians,field,Punjab Kings,None,normal,50,0,Normal,Azhar Mahmood
598068,2013,2013-05-18,Bangalore,M Chinnaswamy Stadium,Royal Challengers Bengaluru,Chennai Super Kings,Chennai Super Kings,field,Royal Challengers Bengaluru,None,normal,24,0,Normal,V Kohli
598067,2013,2013-05-19,Pune,Maharashtra Cricket Association Stadium,Pune Warriors,Delhi Capitals,Pune Warriors,bat,Pune Warriors,None,normal,38,0,Normal,LJ Wright
598069,2013,2013-05-19,Hyderabad,Rajiv Gandhi International Stadium,Sunrisers Hyderabad,Kolkata Knight Riders,Kolkata Knight Riders,bat,Sunrisers Hyderabad,None,normal,0,5,Normal,PA Patel
598070,2013,2013-05-21,Delhi,Arun Jaitley Stadium,Chennai Super Kings,Mumbai Indians,Chennai Super Kings,bat,Chennai Super Kings,None,normal,48,0,Normal,MEK Hussey
598071,2013,2013-05-22,Delhi,Arun Jaitley Stadium,Rajasthan Royals,Sunrisers Hyderabad,Sunrisers Hyderabad,bat,Rajasthan Royals,None,normal,0,4,Normal,BJ Hodge
598072,2013,2013-05-24,Kolkata,Eden Gardens,Mumbai Indians,Rajasthan Royals,Rajasthan Royals,bat,Mumbai Indians,None,normal,0,4,Normal,Harbhajan Singh
598073,2013,2013-05-26,Kolkata,Eden Gardens,Chennai Super Kings,Mumbai Indians,Mumbai Indians,bat,Mumbai Indians,None,normal,23,0,Normal,KA Pollard
729279,2014,2014-04-16,Abu Dhabi,Sheikh Zayed Stadium,Mumbai Indians,Kolkata Knight Riders,Kolkata Knight Riders,bat,Kolkata Knight Riders,None,normal,41,0,Normal,JH Kallis
729281,2014,2014-04-17,Sharjah,Sharjah Cricket Stadium,Delhi Capitals,Royal Challengers Bengaluru,Royal Challengers Bengaluru,field,Royal Challengers Bengaluru,None,normal,0,8,Normal,YS Chahal
729283,2014,2014-04-18,Abu Dhabi,Sheikh Zayed Stadium,Chennai Super Kings,Punjab Kings,Chennai Super Kings,bat,Punjab Kings,None,normal,0,6,Normal,GJ Maxwell
729285,2014,2014-04-18,Abu Dhabi,Sheikh Zayed Stadium,Sunrisers Hyderabad,Rajasthan Royals,Rajasthan Royals,field,Rajasthan Royals,None,normal,0,4,Normal,AM Rahane
729287,2014,2014-04-19,Dubai,Dubai International Cricket Stadium,Royal Challengers Bengaluru,Mumbai Indians,Royal Challengers Bengaluru,field,Royal Challengers Bengaluru,None,normal,0,7,Normal,PA Patel
729289,2014,2014-04-19,Dubai,Dubai International Cricket Stadium,Kolkata Knight Riders,Delhi Capitals,Kolkata Knight Riders,bat,Delhi Capitals,None,normal,0,4,Normal,JP Duminy
729291,2014,2014-04-20,Sharjah,Sharjah Cricket Stadium,Rajasthan Royals,Punjab Kings,Punjab Kings,field,Punjab Kings,None,normal,0,7,Normal,GJ Maxwell
729293,2014,2014-04-21,Abu Dhabi,Sheikh Zayed Stadium,Chennai Super Kings,Delhi Capitals,Chennai Super Kings,bat,Chennai Super Kings,None,normal,93,0,Normal,SK Raina
729295,2014,2014-04-22,Sharjah,Sharjah Cricket Stadium,Punjab Kings,Sunrisers Hyderabad,Sunrisers Hyderabad,field,Punjab Kings,None,normal,72,0,Normal,GJ Maxwell
729297,2014,2014-04-23,Dubai,Dubai International Cricket Stadium,Rajasthan Royals,Chennai Super Kings,Rajasthan Royals,field,Chennai Super Kings,None,normal,7,0,Normal,RA Jadeja
729299,2014,2014-04-24,Sharjah,Sharjah Cricket Stadium,Royal Challengers Bengaluru,Kolkata Knight Riders,Royal Challengers Bengaluru,field,Kolkata Knight Riders,None,normal,2,0,Normal,CA Lynn
729301,2014,2014-04-25,Dubai,Dubai International Cricket Stadium,Sunrisers Hyderabad,Delhi Capitals,Sunrisers Hyderabad,bat,Sunrisers Hyderabad,None,normal,4,0,Normal,AJ Finch
729303,2014,2014-04-25,Dubai,Dubai International Cricket Stadium,Chennai Super Kings,Mumbai Indians,Mumbai Indians,bat,Chennai Super Kings,None,normal,0,7,Normal,MM Sharma
729305,2014,2014-04-26,Abu Dhabi,Sheikh Zayed Stadium,Rajasthan Royals,Royal Challengers Bengaluru,Rajasthan Royals,field,Rajasthan Royals,None,normal,0,6,Normal,PV Tambe
729307,2014,2014-04-26,Abu Dhabi,Sheikh Zayed Stadium,Kolkata Knight Riders,Punjab Kings,Kolkata Knight Riders,field,Punjab Kings,None,normal,23,0,Normal,Sandeep Sharma
729309,2014,2014-04-27,Sharjah,Sharjah Cricket Stadium,Delhi Capitals,Mumbai Indians,Mumbai Indians,bat,Delhi Capitals,None,normal,0,6,Normal,M Vijay
729311,2014,2014-04-27,Sharjah,Sharjah Cricket Stadium,Sunrisers Hyderabad,Chennai Super Kings,Sunrisers Hyderabad,bat,Chennai Super Kings,None,normal,0,5,Normal,DR Smith
729313,2014,2014-04-28,Dubai,Dubai International Cricket Stadium,Punjab Kings,Royal Challengers Bengaluru,Punjab Kings,field,Punjab Kings,None,normal,0,5,Normal,Sandeep Sharma
729315,2014,2014-04-29,Abu Dhabi,Sheikh Zayed Stadium,Kolkata Knight Riders,Rajasthan Royals,Rajasthan Royals,bat,Rajasthan Royals,Rajasthan Royals,tie,0,0,Normal,JP Faulkner
729317,2014,2014-04-30,Dubai,Dubai International Cricket Stadium,Mumbai Indians,Sunrisers Hyderabad,Mumbai Indians,field,Sunrisers Hyderabad,None,normal,15,0,Normal,B Kumar
733971,2014,2014-05-02,Ranchi,JSCA International Stadium Complex,Chennai Super Kings,Kolkata Knight Riders,Chennai Super Kings,bat,Chennai Super Kings,None,normal,34,0,Normal,RA Jadeja
733973,2014,2014-05-03,Mumbai,Wankhede Stadium,Mumbai Indians,Punjab Kings,Punjab Kings,bat,Mumbai Indians,None,normal,0,5,Normal,CJ Anderson
733975,2014,2014-05-03,Delhi,Arun Jaitley Stadium,Delhi Capitals,Rajasthan Royals,Rajasthan Royals,field,Rajasthan Royals,None,normal,0,7,Normal,KK Nair
733977,2014,2014-05-04,Bangalore,M Chinnaswamy Stadium,Royal Challengers Bengaluru,Sunrisers Hyderabad,Royal Challengers Bengaluru,field,Royal Challengers Bengaluru,None,normal,0,4,Normal,AB de Villiers
733979,2014,2014-05-05,Ahmedabad,"Narendra Modi Stadium, Ahmedabad",Rajasthan Royals,Kolkata Knight Riders,Kolkata Knight Riders,field,Rajasthan Royals,None,normal,10,0,Normal,PV Tambe
733981,2014,2014-05-05,Delhi,Arun Jaitley Stadium,Delhi Capitals,Chennai Super Kings,Chennai Super Kings,field,Chennai Super Kings,None,normal,0,8,Normal,DR Smith
733983,2014,2014-05-06,Mumbai,Wankhede Stadium,Mumbai Indians,Royal Challengers Bengaluru,Royal Challengers Bengaluru,field,Mumbai Indians,None,normal,19,0,Normal,RG Sharma
733985,2014,2014-05-07,Delhi,Arun Jaitley Stadium,Delhi Capitals,Kolkata Knight Riders,Delhi Capitals,bat,Kolkata Knight Riders,None,normal,0,8,Normal,G Gambhir
733987,2014,2014-05-07,Cuttack,Barabati Stadium,Punjab Kings,Chennai Super Kings,Chennai Super Kings,field,Punjab Kings,None,normal,44,0,Normal,GJ Maxwell
733989,2014,2014-05-08,Ahmedabad,"Narendra Modi Stadium, Ahmedabad",Rajasthan Royals,Sunrisers Hyderabad,Rajasthan Royals,field,Sunrisers Hyderabad,None,normal,32,0,Normal,B Kumar
733991,2014,2014-05-09,Bangalore,M Chinnaswamy Stadium,Royal Challengers Bengaluru,Punjab Kings,Royal Challengers Bengaluru,field,Punjab Kings,None,normal,32,0,Normal,Sandeep Sharma
733993,2014,2014-05-10,Delhi,Arun Jaitley Stadium,Delhi Capitals,Sunrisers Hyderabad,Sunrisers Hyderabad,field,Sunrisers Hyderabad,None,normal,0,8,D/L,DW Steyn
733995,2014,2014-05-10,Mumbai,Wankhede Stadium,Mumbai Indians,Chennai Super Kings,Chennai Super Kings,field,Chennai Super Kings,None,normal,0,4,Normal,DR Smith
733997,2014,2014-05-11,Cuttack,Barabati Stadium,Punjab Kings,Kolkata Knight Riders,Kolkata Knight Riders,field,Kolkata Knight Riders,None,normal,0,9,Normal,G Gambhir
733999,2014,2014-05-11,Bangalore,M Chinnaswamy Stadium,Royal Challengers Bengaluru,Rajasthan Royals,Royal Challengers Bengaluru,bat,Rajasthan Royals,None,normal,0,5,Normal,JP Faulkner
734001,2014,2014-05-12,Hyderabad,Rajiv Gandhi International Stadium,Sunrisers Hyderabad,Mumbai Indians,Sunrisers Hyderabad,bat,Mumbai Indians,None,normal,0,7,Normal,AT Rayudu
734003,2014,2014-05-13,Ranchi,JSCA International Stadium Complex,Chennai Super Kings,Rajasthan Royals,Rajasthan Royals,bat,Chennai Super Kings,None,normal,0,5,Normal,RA Jadeja
734005,2014,2014-05-13,Bangalore,M Chinnaswamy Stadium,Royal Challengers Bengaluru,Delhi Capitals,Delhi Capitals,field,Royal Challengers Bengaluru,None,normal,16,0,Normal,Yuvraj Singh
734007,2014,2014-05-14,Hyderabad,Rajiv Gandhi International Stadium,Sunrisers Hyderabad,Punjab Kings,Punjab Kings,field,Punjab Kings,None,normal,0,6,Normal,WP Saha
734009,2014,2014-05-14,Cuttack,Barabati Stadium,Kolkata Knight Riders,Mumbai Indians,Kolkata Knight Riders,field,Kolkata Knight Riders,None,normal,0,6,Normal,RV Uthappa
734011,2014,2014-05-15,Ahmedabad,"Narendra Modi Stadium, Ahmedabad",Rajasthan Royals,Delhi Capitals,Delhi Capitals,field,Rajasthan Royals,None,normal,62,0,Normal,AM Rahane
734013,2014,2014-05-18,Ranchi,JSCA International Stadium Complex,Chennai Super Kings,Royal Challengers Bengaluru,Chennai Super Kings,bat,Royal Challengers Bengaluru,None,normal,0,5,Normal,AB de Villiers
734015,2014,2014-05-18,Hyderabad,Rajiv Gandhi International Stadium,Sunrisers Hyderabad,Kolkata Knight Riders,Sunrisers Hyderabad,bat,Kolkata Knight Riders,None,normal,0,7,Normal,UT Yadav
734017,2014,2014-05-19,Ahmedabad,"Narendra Modi Stadium, Ahmedabad",Rajasthan Royals,Mumbai Indians,Mumbai Indians,bat,Mumbai Indians,None,normal,25,0,Normal,MEK Hussey
734019,2014,2014-05-19,Delhi,Arun Jaitley Stadium,Delhi Capitals,Punjab Kings,Punjab Kings,field,Punjab Kings,None,normal,0,4,Normal,AR Patel
734021,2014,2014-05-20,Hyderabad,Rajiv Gandhi International Stadium,Sunrisers Hyderabad,Royal Challengers Bengaluru,Royal Challengers Bengaluru,bat,Sunrisers Hyderabad,None,normal,0,7,Normal,DA Warner
734023,2014,2014-05-20,Kolkata,Eden Gardens,Kolkata Knight Riders,Chennai Super Kings,Kolkata Knight Riders,field,Kolkata Knight Riders,None,normal,0,8,Normal,RV Uthappa
734025,2014,2014-05-21,Chandigarh,Punjab Cricket Association IS Bindra Stadium,Punjab Kings,Mumbai Indians,Mumbai Indians,field,Mumbai Indians,None,normal,0,7,Normal,LMP Simmons
734027,2014,2014-05-22,Kolkata,Eden Gardens,Kolkata Knight Riders,Royal Challengers Bengaluru,Royal Challengers Bengaluru,field,Kolkata Knight Riders,None,normal,30,0,Normal,RV Uthappa
734029,2014,2014-05-22,Ranchi,JSCA International Stadium Complex,Chennai Super Kings,Sunrisers Hyderabad,Sunrisers Hyderabad,field,Sunrisers Hyderabad,None,normal,0,6,Normal,DA Warner
734031,2014,2014-05-23,Mumbai,Wankhede Stadium,Mumbai Indians,Delhi Capitals,Delhi Capitals,field,Mumbai Indians,None,normal,15,0,Normal,MEK Hussey
734033,2014,2014-05-23,Chandigarh,Punjab Cricket Association IS Bindra Stadium,Punjab Kings,Rajasthan Royals,Rajasthan Royals,field,Punjab Kings,None,normal,16,0,Normal,SE Marsh
734035,2014,2014-05-24,Bangalore,M Chinnaswamy Stadium,Royal Challengers Bengaluru,Chennai Super Kings,Chennai Super Kings,field,Chennai Super Kings,None,normal,0,8,Normal,MS Dhoni
734037,2014,2014-05-24,Kolkata,Eden Gardens,Kolkata Knight Riders,Sunrisers Hyderabad,Kolkata Knight Riders,field,Kolkata Knight Riders,None,normal,0,4,Normal,YK Pathan
734039,2014,2014-05-25,Chandigarh,Punjab Cricket Association IS Bindra Stadium,Punjab Kings,Delhi Capitals,Punjab Kings,field,Punjab Kings,None,normal,0,7,Normal,M Vohra
734041,2014,2014-05-25,Mumbai,Wankhede Stadium,Mumbai Indians,Rajasthan Royals,Mumbai Indians,field,Mumbai Indians,None,normal,0,5,Normal,CJ Anderson
734043,2014,2014-05-27,Kolkata,Eden Gardens,Punjab Kings,Kolkata Knight Riders,Punjab Kings,field,Kolkata Knight Riders,None,normal,28,0,Normal,UT Yadav
734045,2014,2014-05-28,Mumbai,Brabourne Stadium,Chennai Super Kings,Mumbai Indians,Chennai Super Kings,field,Chennai Super Kings,None,normal,0,7,Normal,SK Raina
734047,2014,2014-05-30,Mumbai,Wankhede Stadium,Chennai Super Kings,Punjab Kings,Chennai Super Kings,field,Punjab Kings,None,normal,24,0,Normal,V Sehwag
734049,2014,2014-06-01,Bangalore,M Chinnaswamy Stadium,Kolkata Knight Riders,Punjab Kings,Kolkata Knight Riders,field,Kolkata Knight Riders,None,normal,0,3,Normal,MK Pandey
829705,2015,2015-04-08,Kolkata,Eden Gardens,Kolkata Knight Riders,Mumbai Indians,Kolkata Knight Riders,field,Kolkata Knight Riders,None,normal,0,7,Normal,M Morkel
829707,2015,2015-04-09,Chennai,MA Chidambaram Stadium,Chennai Super Kings,Delhi Capitals,Delhi Capitals,field,Chennai Super Kings,None,normal,1,0,Normal,A Nehra
829709,2015,2015-04-10,Pune,Maharashtra Cricket Association Stadium,Punjab Kings,Rajasthan Royals,Punjab Kings,field,Rajasthan Royals,None,normal,26,0,Normal,JP Faulkner
829711,2015,2015-04-11,Chennai,MA Chidambaram Stadium,Chennai Super Kings,Sunrisers Hyderabad,Chennai Super Kings,bat,Chennai Super Kings,None,normal,45,0,Normal,BB McCullum
829713,2015,2015-04-11,Kolkata,Eden Gardens,Kolkata Knight Riders,Royal Challengers Bengaluru,Royal Challengers Bengaluru,field,Royal Challengers Bengaluru,None,normal,0,3,Normal,CH Gayle
829715,2015,2015-04-12,Delhi,Arun Jaitley Stadium,Delhi Capitals,Rajasthan Royals,Rajasthan Royals,field,Rajasthan Royals,None,normal,0,3,Normal,DJ Hooda
829717,2015,2015-04-12,Mumbai,Wankhede Stadium,Mumbai Indians,Punjab Kings,Mumbai Indians,field,Punjab Kings,None,normal,18,0,Normal,GJ Bailey
829719,2015,2015-04-13,Bangalore,M Chinnaswamy Stadium,Royal Challengers Bengaluru,Sunrisers Hyderabad,Sunrisers Hyderabad,field,Sunrisers Hyderabad,None,normal,0,8,Normal,DA Warner
829721,2015,2015-04-14,Ahmedabad,"Narendra Modi Stadium, Ahmedabad",Rajasthan Royals,Mumbai Indians,Mumbai Indians,bat,Rajasthan Royals,None,normal,0,7,Normal,SPD Smith
829725,2015,2015-04-15,Pune,Maharashtra Cricket Association Stadium,Punjab Kings,Delhi Capitals,Punjab Kings,bat,Delhi Capitals,None,normal,0,5,Normal,MA Agarwal
829727,2015,2015-04-16,Visakhapatnam,Dr. Y.S. Rajasekhara Reddy ACA-VDCA Cricket Stadium,Sunrisers Hyderabad,Rajasthan Royals,Rajasthan Royals,field,Rajasthan Royals,None,normal,0,6,Normal,AM Rahane
829729,2015,2015-04-17,Mumbai,Wankhede Stadium,Mumbai Indians,Chennai Super Kings,Mumbai Indians,bat,Chennai Super Kings,None,normal,0,6,Normal,A Nehra
829731,2015,2015-04-18,Visakhapatnam,Dr. Y.S. Rajasekhara Reddy ACA-VDCA Cricket Stadium,Sunrisers Hyderabad,Delhi Capitals,Delhi Capitals,bat,Delhi Capitals,None,normal,4,0,Normal,JP Duminy
829733,2015,2015-04-18,Pune,Maharashtra Cricket Association Stadium,Punjab Kings,Kolkata Knight Riders,Kolkata Knight Riders,field,Kolkata Knight Riders,None,normal,0,4,Normal,AD Russell
829735,2015,2015-04-19,Ahmedabad,"Narendra Modi Stadium, Ahmedabad",Rajasthan Royals,Chennai Super Kings,Chennai Super Kings,bat,Rajasthan Royals,None,normal,0,8,Normal,AM Rahane
829737,2015,2015-04-19,Bangalore,M Chinnaswamy Stadium,Royal Challengers Bengaluru,Mumbai Indians,Royal Challengers Bengaluru,field,Mumbai Indians,None,normal,18,0,Normal,Harbhajan Singh
829739,2015,2015-04-20,Delhi,Arun Jaitley Stadium,Delhi Capitals,Kolkata Knight Riders,Kolkata Knight Riders,field,Kolkata Knight Riders,None,normal,0,6,Normal,UT Yadav
829741,2015,2015-04-21,Ahmedabad,"Narendra Modi Stadium, Ahmedabad",Rajasthan Royals,Punjab Kings,Punjab Kings,field,Punjab Kings,Punjab Kings,tie,0,0,Normal,SE Marsh
829743,2015,2015-04-22,Visakhapatnam,Dr. Y.S. Rajasekhara Reddy ACA-VDCA Cricket Stadium,Sunrisers Hyderabad,Kolkata Knight Riders,Kolkata Knight Riders,field,Sunrisers Hyderabad,None,normal,16,0,D/L,DA Warner
829745,2015,2015-04-22,Bangalore,M Chinnaswamy Stadium,Royal Challengers Bengaluru,Chennai Super Kings,Royal Challengers Bengaluru,field,Chennai Super Kings,None,normal,27,0,Normal,SK Raina
829747,2015,2015-04-23,Delhi,Arun Jaitley Stadium,Delhi Capitals,Mumbai Indians,Mumbai Indians,field,Delhi Capitals,None,normal,37,0,Normal,SS Iyer
829749,2015,2015-04-24,Ahmedabad,"Narendra Modi Stadium, Ahmedabad",Rajasthan Royals,Royal Challengers Bengaluru,Royal Challengers Bengaluru,field,Royal Challengers Bengaluru,None,normal,0,9,Normal,MA Starc
829751,2015,2015-04-25,Mumbai,Wankhede Stadium,Mumbai Indians,Sunrisers Hyderabad,Mumbai Indians,bat,Mumbai Indians,None,normal,20,0,Normal,SL Malinga
829753,2015,2015-04-25,Chennai,MA Chidambaram Stadium,Chennai Super Kings,Punjab Kings,Chennai Super Kings,bat,Chennai Super Kings,None,normal,97,0,Normal,BB McCullum
829757,2015,2015-04-26,Delhi,Arun Jaitley Stadium,Delhi Capitals,Royal Challengers Bengaluru,Royal Challengers Bengaluru,field,Royal Challengers Bengaluru,None,normal,0,10,Normal,VR Aaron
829759,2015,2015-04-27,Chandigarh,Punjab Cricket Association IS Bindra Stadium,Punjab Kings,Sunrisers Hyderabad,Punjab Kings,field,Sunrisers Hyderabad,None,normal,20,0,Normal,TA Boult
829765,2015,2015-04-28,Chennai,MA Chidambaram Stadium,Chennai Super Kings,Kolkata Knight Riders,Kolkata Knight Riders,field,Chennai Super Kings,None,normal,2,0,Normal,DJ Bravo
829723,2015,2015-04-30,Kolkata,Eden Gardens,Kolkata Knight Riders,Chennai Super Kings,Kolkata Knight Riders,field,Kolkata Knight Riders,None,normal,0,7,Normal,AD Russell
829767,2015,2015-05-01,Delhi,Arun Jaitley Stadium,Delhi Capitals,Punjab Kings,Delhi Capitals,field,Delhi Capitals,None,normal,0,9,Normal,NM Coulter-Nile
829769,2015,2015-05-01,Mumbai,Wankhede Stadium,Mumbai Indians,Rajasthan Royals,Rajasthan Royals,field,Mumbai Indians,None,normal,8,0,Normal,AT Rayudu
829771,2015,2015-05-02,Bangalore,M Chinnaswamy Stadium,Royal Challengers Bengaluru,Kolkata Knight Riders,Royal Challengers Bengaluru,field,Royal Challengers Bengaluru,None,normal,0,7,Normal,Mandeep Singh
829773,2015,2015-05-02,Hyderabad,Rajiv Gandhi International Stadium,Sunrisers Hyderabad,Chennai Super Kings,Chennai Super Kings,field,Sunrisers Hyderabad,None,normal,22,0,Normal,DA Warner
829775,2015,2015-05-03,Chandigarh,Punjab Cricket Association IS Bindra Stadium,Punjab Kings,Mumbai Indians,Mumbai Indians,bat,Mumbai Indians,None,normal,23,0,Normal,LMP Simmons
829777,2015,2015-05-03,Mumbai,Brabourne Stadium,Rajasthan Royals,Delhi Capitals,Delhi Capitals,field,Rajasthan Royals,None,normal,14,0,Normal,AM Rahane
829779,2015,2015-05-04,Chennai,MA Chidambaram Stadium,Chennai Super Kings,Royal Challengers Bengaluru,Chennai Super Kings,bat,Chennai Super Kings,None,normal,24,0,Normal,SK Raina
829781,2015,2015-05-04,Kolkata,Eden Gardens,Kolkata Knight Riders,Sunrisers Hyderabad,Sunrisers Hyderabad,field,Kolkata Knight Riders,None,normal,35,0,Normal,UT Yadav
829783,2015,2015-05-05,Mumbai,Wankhede Stadium,Mumbai Indians,Delhi Capitals,Delhi Capitals,bat,Mumbai Indians,None,normal,0,5,Normal,Harbhajan Singh
829785,2015,2015-05-06,Bangalore,M Chinnaswamy Stadium,Royal Challengers Bengaluru,Punjab Kings,Punjab Kings,field,Royal Challengers Bengaluru,None,normal,138,0,Normal,CH Gayle
829761,2015,2015-05-07,Kolkata,Eden Gardens,Kolkata Knight Riders,Delhi Capitals,Kolkata Knight Riders,bat,Kolkata Knight Riders,None,normal,13,0,Normal,PP Chawla
829787,2015,2015-05-07,Mumbai,Brabourne Stadium,Rajasthan Royals,Sunrisers Hyderabad,Rajasthan Royals,field,Sunrisers Hyderabad,None,normal,7,0,Normal,EJG Morgan
829789,2015,2015-05-08,Chennai,MA Chidambaram Stadium,Chennai Super Kings,Mumbai Indians,Chennai Super Kings,bat,Mumbai Indians,None,normal,0,6,Normal,HH Pandya
829791,2015,2015-05-09,Kolkata,Eden Gardens,Kolkata Knight Riders,Punjab Kings,Punjab Kings,bat,Kolkata Knight Riders,None,normal,0,1,Normal,AD Russell
829793,2015,2015-05-09,Raipur,Shaheed Veer Narayan Singh International Stadium,Delhi Capitals,Sunrisers Hyderabad,Sunrisers Hyderabad,bat,Sunrisers Hyderabad,None,normal,6,0,Normal,MC Henriques
829795,2015,2015-05-10,Mumbai,Wankhede Stadium,Mumbai Indians,Royal Challengers Bengaluru,Royal Challengers Bengaluru,bat,Royal Challengers Bengaluru,None,normal,39,0,Normal,AB de Villiers
829797,2015,2015-05-10,Chennai,MA Chidambaram Stadium,Chennai Super Kings,Rajasthan Royals,Chennai Super Kings,bat,Chennai Super Kings,None,normal,12,0,Normal,RA Jadeja
829799,2015,2015-05-11,Hyderabad,Rajiv Gandhi International Stadium,Sunrisers Hyderabad,Punjab Kings,Sunrisers Hyderabad,bat,Sunrisers Hyderabad,None,normal,5,0,Normal,DA Warner
829801,2015,2015-05-12,Raipur,Shaheed Veer Narayan Singh International Stadium,Delhi Capitals,Chennai Super Kings,Chennai Super Kings,bat,Delhi Capitals,None,normal,0,6,Normal,Z Khan
829803,2015,2015-05-13,Chandigarh,Punjab Cricket Association IS Bindra Stadium,Punjab Kings,Royal Challengers Bengaluru,Royal Challengers Bengaluru,field,Punjab Kings,None,normal,22,0,Normal,AR Patel
829805,2015,2015-05-14,Mumbai,Wankhede Stadium,Mumbai Indians,Kolkata Knight Riders,Kolkata Knight Riders,field,Mumbai Indians,None,normal,5,0,Normal,HH Pandya
829807,2015,2015-05-15,Hyderabad,Rajiv Gandhi International Stadium,Sunrisers Hyderabad,Royal Challengers Bengaluru,Sunrisers Hyderabad,bat,Royal Challengers Bengaluru,None,normal,0,6,D/L,V Kohli
829809,2015,2015-05-16,Chandigarh,Punjab Cricket Association IS Bindra Stadium,Punjab Kings,Chennai Super Kings,Punjab Kings,bat,Chennai Super Kings,None,normal,0,7,Normal,P Negi
829811,2015,2015-05-16,Mumbai,Brabourne Stadium,Rajasthan Royals,Kolkata Knight Riders,Rajasthan Royals,bat,Rajasthan Royals,None,normal,9,0,Normal,SR Watson
829815,2015,2015-05-17,Hyderabad,Rajiv Gandhi International Stadium,Sunrisers Hyderabad,Mumbai Indians,Sunrisers Hyderabad,bat,Mumbai Indians,None,normal,0,9,Normal,MJ McClenaghan
829817,2015,2015-05-19,Mumbai,Wankhede Stadium,Chennai Super Kings,Mumbai Indians,Mumbai Indians,bat,Mumbai Indians,None,normal,25,0,Normal,KA Pollard
829819,2015,2015-05-20,Pune,Maharashtra Cricket Association Stadium,Royal Challengers Bengaluru,Rajasthan Royals,Royal Challengers Bengaluru,bat,Royal Challengers Bengaluru,None,normal,71,0,Normal,AB de Villiers
829821,2015,2015-05-22,Ranchi,JSCA International Stadium Complex,Chennai Super Kings,Royal Challengers Bengaluru,Chennai Super Kings,field,Chennai Super Kings,None,normal,0,3,Normal,A Nehra
829823,2015,2015-05-24,Kolkata,Eden Gardens,Mumbai Indians,Chennai Super Kings,Chennai Super Kings,field,Mumbai Indians,None,normal,41,0,Normal,RG Sharma
980901,2016,2016-04-09,Mumbai,Wankhede Stadium,Mumbai Indians,Rising Pune Supergiant,Mumbai Indians,bat,Rising Pune Supergiant,None,normal,0,9,Normal,AM Rahane
980903,2016,2016-04-10,Kolkata,Eden Gardens,Kolkata Knight Riders,Delhi Capitals,Kolkata Knight Riders,field,Kolkata Knight Riders,None,normal,0,9,Normal,AD Russell
980905,2016,2016-04-11,Chandigarh,Punjab Cricket Association IS Bindra Stadium,Punjab Kings,Gujarat Lions,Gujarat Lions,field,Gujarat Lions,None,normal,0,5,Normal,AJ Finch
980907,2016,2016-04-12,Bangalore,M Chinnaswamy Stadium,Royal Challengers Bengaluru,Sunrisers Hyderabad,Sunrisers Hyderabad,field,Royal Challengers Bengaluru,None,normal,45,0,Normal,AB de Villiers
980909,2016,2016-04-13,Kolkata,Eden Gardens,Kolkata Knight Riders,Mumbai Indians,Mumbai Indians,field,Mumbai Indians,None,normal,0,6,Normal,RG Sharma
980911,2016,2016-04-14,Rajkot,Saurashtra Cricket Association Stadium,Gujarat Lions,Rising Pune Supergiant,Rising Pune Supergiant,bat,Gujarat Lions,None,normal,0,7,Normal,AJ Finch
980913,2016,2016-04-15,Delhi,Arun Jaitley Stadium,Delhi Capitals,Punjab Kings,Delhi Capitals,field,Delhi Capitals,None,normal,0,8,Normal,A Mishra
980915,2016,2016-04-16,Hyderabad,Rajiv Gandhi International Stadium,Sunrisers Hyderabad,Kolkata Knight Riders,Sunrisers Hyderabad,bat,Kolkata Knight Riders,None,normal,0,8,Normal,G Gambhir
980917,2016,2016-04-16,Mumbai,Wankhede Stadium,Mumbai Indians,Gujarat Lions,Gujarat Lions,field,Gujarat Lions,None,normal,0,3,Normal,AJ Finch
980919,2016,2016-04-17,Chandigarh,Punjab Cricket Association IS Bindra Stadium,Punjab Kings,Rising Pune Supergiant,Rising Pune Supergiant,bat,Punjab Kings,None,normal,0,6,Normal,M Vohra
980921,2016,2016-04-17,Bangalore,M Chinnaswamy Stadium,Royal Challengers Bengaluru,Delhi Capitals,Delhi Capitals,field,Delhi Capitals,None,normal,0,7,Normal,Q de Kock
980923,2016,2016-04-18,Hyderabad,Rajiv Gandhi International Stadium,Sunrisers Hyderabad,Mumbai Indians,Sunrisers Hyderabad,field,Sunrisers Hyderabad,None,normal,0,7,Normal,DA Warner
980925,2016,2016-04-19,Chandigarh,Punjab Cricket Association IS Bindra Stadium,Punjab Kings,Kolkata Knight Riders,Kolkata Knight Riders,field,Kolkata Knight Riders,None,normal,0,6,Normal,RV Uthappa
980927,2016,2016-04-20,Mumbai,Wankhede Stadium,Mumbai Indians,Royal Challengers Bengaluru,Mumbai Indians,field,Mumbai Indians,None,normal,0,6,Normal,RG Sharma
980929,2016,2016-04-21,Rajkot,Saurashtra Cricket Association Stadium,Gujarat Lions,Sunrisers Hyderabad,Sunrisers Hyderabad,field,Sunrisers Hyderabad,None,normal,0,10,Normal,B Kumar
980931,2016,2016-04-22,Pune,Maharashtra Cricket Association Stadium,Rising Pune Supergiant,Royal Challengers Bengaluru,Rising Pune Supergiant,field,Royal Challengers Bengaluru,None,normal,13,0,Normal,AB de Villiers
980933,2016,2016-04-23,Delhi,Arun Jaitley Stadium,Delhi Capitals,Mumbai Indians,Mumbai Indians,field,Delhi Capitals,None,normal,10,0,Normal,SV Samson
980935,2016,2016-04-23,Hyderabad,Rajiv Gandhi International Stadium,Sunrisers Hyderabad,Punjab Kings,Sunrisers Hyderabad,field,Sunrisers Hyderabad,None,normal,0,5,Normal,Mustafizur Rahman
980937,2016,2016-04-24,Rajkot,Saurashtra Cricket Association Stadium,Gujarat Lions,Royal Challengers Bengaluru,Royal Challengers Bengaluru,bat,Gujarat Lions,None,normal,0,6,Normal,V Kohli
980939,2016,2016-04-24,Pune,Maharashtra Cricket Association Stadium,Rising Pune Supergiant,Kolkata Knight Riders,Kolkata Knight Riders,field,Kolkata Knight Riders,None,normal,0,2,Normal,SA Yadav
980941,2016,2016-04-25,Chandigarh,Punjab Cricket Association IS Bindra Stadium,Punjab Kings,Mumbai Indians,Punjab Kings,field,Mumbai Indians,None,normal,25,0,Normal,PA Patel
980943,2016,2016-04-26,Hyderabad,Rajiv Gandhi International Stadium,Sunrisers Hyderabad,Rising Pune Supergiant,Rising Pune Supergiant,field,Rising Pune Supergiant,None,normal,34,0,D/L,AB Dinda
980945,2016,2016-04-27,Delhi,Arun Jaitley Stadium,Delhi Capitals,Gujarat Lions,Delhi Capitals,field,Gujarat Lions,None,normal,1,0,Normal,CH Morris
980947,2016,2016-04-28,Mumbai,Wankhede Stadium,Mumbai Indians,Kolkata Knight Riders,Mumbai Indians,field,Mumbai Indians,None,normal,0,6,Normal,RG Sharma
980949,2016,2016-04-29,Pune,Maharashtra Cricket Association Stadium,Rising Pune Supergiant,Gujarat Lions,Gujarat Lions,field,Gujarat Lions,None,normal,0,3,Normal,DR Smith
980951,2016,2016-04-30,Delhi,Arun Jaitley Stadium,Delhi Capitals,Kolkata Knight Riders,Kolkata Knight Riders,field,Delhi Capitals,None,normal,27,0,Normal,CR Brathwaite
980953,2016,2016-04-30,Hyderabad,Rajiv Gandhi International Stadium,Sunrisers Hyderabad,Royal Challengers Bengaluru,Royal Challengers Bengaluru,field,Sunrisers Hyderabad,None,normal,15,0,Normal,DA Warner
980955,2016,2016-05-01,Rajkot,Saurashtra Cricket Association Stadium,Gujarat Lions,Punjab Kings,Gujarat Lions,field,Punjab Kings,None,normal,23,0,Normal,AR Patel
980957,2016,2016-05-01,Pune,Maharashtra Cricket Association Stadium,Rising Pune Supergiant,Mumbai Indians,Mumbai Indians,field,Mumbai Indians,None,normal,0,8,Normal,RG Sharma
980959,2016,2016-05-02,Bangalore,M Chinnaswamy Stadium,Royal Challengers Bengaluru,Kolkata Knight Riders,Kolkata Knight Riders,field,Kolkata Knight Riders,None,normal,0,5,Normal,AD Russell
980961,2016,2016-05-03,Rajkot,Saurashtra Cricket Association Stadium,Gujarat Lions,Delhi Capitals,Delhi Capitals,field,Delhi Capitals,None,normal,0,8,Normal,RR Pant
980963,2016,2016-05-04,Kolkata,Eden Gardens,Kolkata Knight Riders,Punjab Kings,Punjab Kings,field,Kolkata Knight Riders,None,normal,7,0,Normal,AD Russell
980965,2016,2016-05-05,Delhi,Arun Jaitley Stadium,Delhi Capitals,Rising Pune Supergiant,Rising Pune Supergiant,field,Rising Pune Supergiant,None,normal,0,7,Normal,AM Rahane
980967,2016,2016-05-06,Hyderabad,Rajiv Gandhi International Stadium,Sunrisers Hyderabad,Gujarat Lions,Sunrisers Hyderabad,field,Sunrisers Hyderabad,None,normal,0,5,Normal,B Kumar
980969,2016,2016-05-07,Bangalore,M Chinnaswamy Stadium,Royal Challengers Bengaluru,Rising Pune Supergiant,Royal Challengers Bengaluru,field,Royal Challengers Bengaluru,None,normal,0,7,Normal,V Kohli
980971,2016,2016-05-07,Chandigarh,Punjab Cricket Association IS Bindra Stadium,Punjab Kings,Delhi Capitals,Delhi Capitals,field,Punjab Kings,None,normal,9,0,Normal,MP Stoinis
980973,2016,2016-05-08,Visakhapatnam,Dr. Y.S. Rajasekhara Reddy ACA-VDCA Cricket Stadium,Mumbai Indians,Sunrisers Hyderabad,Mumbai Indians,field,Sunrisers Hyderabad,None,normal,85,0,Normal,A Nehra
980975,2016,2016-05-08,Kolkata,Eden Gardens,Kolkata Knight Riders,Gujarat Lions,Gujarat Lions,field,Gujarat Lions,None,normal,0,5,Normal,P Kumar
980977,2016,2016-05-09,Chandigarh,Punjab Cricket Association IS Bindra Stadium,Punjab Kings,Royal Challengers Bengaluru,Punjab Kings,field,Royal Challengers Bengaluru,None,normal,1,0,Normal,SR Watson
980979,2016,2016-05-10,Visakhapatnam,Dr. Y.S. Rajasekhara Reddy ACA-VDCA Cricket Stadium,Rising Pune Supergiant,Sunrisers Hyderabad,Sunrisers Hyderabad,bat,Sunrisers Hyderabad,None,normal,4,0,Normal,A Zampa
980981,2016,2016-05-11,Bangalore,M Chinnaswamy Stadium,Royal Challengers Bengaluru,Mumbai Indians,Mumbai Indians,field,Mumbai Indians,None,normal,0,6,Normal,KH Pandya
980983,2016,2016-05-12,Hyderabad,Rajiv Gandhi International Stadium,Sunrisers Hyderabad,Delhi Capitals,Delhi Capitals,field,Delhi Capitals,None,normal,0,7,Normal,CH Morris
980985,2016,2016-05-13,Visakhapatnam,Dr. Y.S. Rajasekhara Reddy ACA-VDCA Cricket Stadium,Mumbai Indians,Punjab Kings,Mumbai Indians,bat,Punjab Kings,None,normal,0,7,Normal,MP Stoinis
980987,2016,2016-05-14,Bangalore,M Chinnaswamy Stadium,Royal Challengers Bengaluru,Gujarat Lions,Gujarat Lions,field,Royal Challengers Bengaluru,None,normal,144,0,Normal,AB de Villiers
980989,2016,2016-05-14,Kolkata,Eden Gardens,Kolkata Knight Riders,Rising Pune Supergiant,Rising Pune Supergiant,bat,Kolkata Knight Riders,None,normal,0,8,D/L,YK Pathan
980991,2016,2016-05-15,Chandigarh,Punjab Cricket Association IS Bindra Stadium,Punjab Kings,Sunrisers Hyderabad,Punjab Kings,bat,Sunrisers Hyderabad,None,normal,0,7,Normal,HM Amla
980993,2016,2016-05-15,Visakhapatnam,Dr. Y.S. Rajasekhara Reddy ACA-VDCA Cricket Stadium,Mumbai Indians,Delhi Capitals,Delhi Capitals,field,Mumbai Indians,None,normal,80,0,Normal,KH Pandya
980995,2016,2016-05-16,Kolkata,Eden Gardens,Kolkata Knight Riders,Royal Challengers Bengaluru,Royal Challengers Bengaluru,field,Royal Challengers Bengaluru,None,normal,0,9,Normal,V Kohli
980997,2016,2016-05-17,Visakhapatnam,Dr. Y.S. Rajasekhara Reddy ACA-VDCA Cricket Stadium,Rising Pune Supergiant,Delhi Capitals,Rising Pune Supergiant,field,Rising Pune Supergiant,None,normal,19,0,D/L,AB Dinda
980999,2016,2016-05-18,Bangalore,M Chinnaswamy Stadium,Royal Challengers Bengaluru,Punjab Kings,Punjab Kings,field,Royal Challengers Bengaluru,None,normal,82,0,D/L,V Kohli
981001,2016,2016-05-19,Kanpur,Green Park,Gujarat Lions,Kolkata Knight Riders,Gujarat Lions,field,Gujarat Lions,None,normal,0,6,Normal,DR Smith
981003,2016,2016-05-20,Raipur,Shaheed Veer Narayan Singh International Stadium,Delhi Capitals,Sunrisers Hyderabad,Delhi Capitals,field,Delhi Capitals,None,normal,0,6,Normal,KK Nair
981005,2016,2016-05-21,Visakhapatnam,Dr. Y.S. Rajasekhara Reddy ACA-VDCA Cricket Stadium,Rising Pune Supergiant,Punjab Kings,Punjab Kings,bat,Rising Pune Supergiant,None,normal,0,4,Normal,MS Dhoni
981007,2016,2016-05-21,Kanpur,Green Park,Gujarat Lions,Mumbai Indians,Gujarat Lions,field,Gujarat Lions,None,normal,0,6,Normal,SK Raina
981009,2016,2016-05-22,Kolkata,Eden Gardens,Kolkata Knight Riders,Sunrisers Hyderabad,Sunrisers Hyderabad,field,Kolkata Knight Riders,None,normal,22,0,Normal,YK Pathan
981011,2016,2016-05-22,Raipur,Shaheed Veer Narayan Singh International Stadium,Delhi Capitals,Royal Challengers Bengaluru,Royal Challengers Bengaluru,field,Royal Challengers Bengaluru,None,normal,0,6,Normal,V Kohli
981013,2016,2016-05-24,Bangalore,M Chinnaswamy Stadium,Gujarat Lions,Royal Challengers Bengaluru,Royal Challengers Bengaluru,field,Royal Challengers Bengaluru,None,normal,0,4,Normal,AB de Villiers
981015,2016,2016-05-25,Delhi,Arun Jaitley Stadium,Sunrisers Hyderabad,Kolkata Knight Riders,Kolkata Knight Riders,field,Sunrisers Hyderabad,None,normal,22,0,Normal,MC Henriques
981017,2016,2016-05-27,Delhi,Arun Jaitley Stadium,Gujarat Lions,Sunrisers Hyderabad,Sunrisers Hyderabad,field,Sunrisers Hyderabad,None,normal,0,4,Normal,DA Warner
981019,2016,2016-05-29,Bangalore,M Chinnaswamy Stadium,Royal Challengers Bengaluru,Sunrisers Hyderabad,Sunrisers Hyderabad,bat,Sunrisers Hyderabad,None,normal,8,0,Normal,BCJ Cutting
1082591,2017,2017-04-05,Hyderabad,Rajiv Gandhi International Stadium,Sunrisers Hyderabad,Royal Challengers Bengaluru,Royal Challengers Bengaluru,field,Sunrisers Hyderabad,None,normal,35,0,Normal,Yuvraj Singh
1082592,2017,2017-04-06,Pune,Maharashtra Cricket Association Stadium,Rising Pune Supergiant,Mumbai Indians,Rising Pune Supergiant,field,Rising Pune Supergiant,None,normal,0,7,Normal,SPD Smith
1082593,2017,2017-04-07,Rajkot,Saurashtra Cricket Association Stadium,Gujarat Lions,Kolkata Knight Riders,Kolkata Knight Riders,field,Kolkata Knight Riders,None,normal,0,10,Normal,CA Lynn
1082594,2017,2017-04-08,Indore,Holkar Cricket Stadium,Punjab Kings,Rising Pune Supergiant,Punjab Kings,field,Punjab Kings,None,normal,0,6,Normal,GJ Maxwell
1082595,2017,2017-04-08,Bengaluru,M Chinnaswamy Stadium,Royal Challengers Bengaluru,Delhi Capitals,Royal Challengers Bengaluru,bat,Royal Challengers Bengaluru,None,normal,15,0,Normal,KM Jadhav
1082596,2017,2017-04-09,Hyderabad,Rajiv Gandhi International Stadium,Sunrisers Hyderabad,Gujarat Lions,Sunrisers Hyderabad,field,Sunrisers Hyderabad,None,normal,0,9,Normal,Rashid Khan
1082597,2017,2017-04-09,Mumbai,Wankhede Stadium,Mumbai Indians,Kolkata Knight Riders,Mumbai Indians,field,Mumbai Indians,None,normal,0,4,Normal,N Rana
1082598,2017,2017-04-10,Indore,Holkar Cricket Stadium,Punjab Kings,Royal Challengers Bengaluru,Royal Challengers Bengaluru,bat,Punjab Kings,None,normal,0,8,Normal,AR Patel
1082599,2017,2017-04-11,Pune,Maharashtra Cricket Association Stadium,Rising Pune Supergiant,Delhi Capitals,Rising Pune Supergiant,field,Delhi Capitals,None,normal,97,0,Normal,SV Samson
1082600,2017,2017-04-12,Mumbai,Wankhede Stadium,Mumbai Indians,Sunrisers Hyderabad,Mumbai Indians,field,Mumbai Indians,None,normal,0,4,Normal,JJ Bumrah
1082601,2017,2017-04-13,Kolkata,Eden Gardens,Kolkata Knight Riders,Punjab Kings,Kolkata Knight Riders,field,Kolkata Knight Riders,None,normal,0,8,Normal,SP Narine
1082602,2017,2017-04-14,Bangalore,M Chinnaswamy Stadium,Royal Challengers Bengaluru,Mumbai Indians,Mumbai Indians,field,Mumbai Indians,None,normal,0,4,Normal,KA Pollard
1082603,2017,2017-04-14,Rajkot,Saurashtra Cricket Association Stadium,Gujarat Lions,Rising Pune Supergiant,Gujarat Lions,field,Gujarat Lions,None,normal,0,7,Normal,AJ Tye
1082604,2017,2017-04-15,Kolkata,Eden Gardens,Kolkata Knight Riders,Sunrisers Hyderabad,Sunrisers Hyderabad,field,Kolkata Knight Riders,None,normal,17,0,Normal,RV Uthappa
1082605,2017,2017-04-15,Delhi,Arun Jaitley Stadium,Delhi Capitals,Punjab Kings,Delhi Capitals,bat,Delhi Capitals,None,normal,51,0,Normal,CJ Anderson
1082606,2017,2017-04-16,Mumbai,Wankhede Stadium,Mumbai Indians,Gujarat Lions,Mumbai Indians,field,Mumbai Indians,None,normal,0,6,Normal,N Rana
1082607,2017,2017-04-16,Bangalore,M Chinnaswamy Stadium,Royal Challengers Bengaluru,Rising Pune Supergiant,Royal Challengers Bengaluru,field,Rising Pune Supergiant,None,normal,27,0,Normal,BA Stokes
1082608,2017,2017-04-17,Delhi,Arun Jaitley Stadium,Delhi Capitals,Kolkata Knight Riders,Delhi Capitals,bat,Kolkata Knight Riders,None,normal,0,4,Normal,NM Coulter-Nile
1082609,2017,2017-04-17,Hyderabad,Rajiv Gandhi International Stadium,Sunrisers Hyderabad,Punjab Kings,Punjab Kings,field,Sunrisers Hyderabad,None,normal,5,0,Normal,B Kumar
1082610,2017,2017-04-18,Rajkot,Saurashtra Cricket Association Stadium,Gujarat Lions,Royal Challengers Bengaluru,Gujarat Lions,field,Royal Challengers Bengaluru,None,normal,21,0,Normal,CH Gayle
1082611,2017,2017-04-19,Hyderabad,Rajiv Gandhi International Stadium,Sunrisers Hyderabad,Delhi Capitals,Sunrisers Hyderabad,bat,Sunrisers Hyderabad,None,normal,15,0,Normal,KS Williamson
1082612,2017,2017-04-20,Indore,Holkar Cricket Stadium,Punjab Kings,Mumbai Indians,Mumbai Indians,field,Mumbai Indians,None,normal,0,8,Normal,JC Buttler
1082613,2017,2017-04-21,Kolkata,Eden Gardens,Kolkata Knight Riders,Gujarat Lions,Gujarat Lions,field,Gujarat Lions,None,normal,0,4,Normal,SK Raina
1082614,2017,2017-04-22,Mumbai,Wankhede Stadium,Mumbai Indians,Delhi Capitals,Delhi Capitals,field,Mumbai Indians,None,normal,14,0,Normal,MJ McClenaghan
1082615,2017,2017-04-22,Pune,Maharashtra Cricket Association Stadium,Rising Pune Supergiant,Sunrisers Hyderabad,Rising Pune Supergiant,field,Rising Pune Supergiant,None,normal,0,6,Normal,MS Dhoni
1082616,2017,2017-04-23,Rajkot,Saurashtra Cricket Association Stadium,Gujarat Lions,Punjab Kings,Gujarat Lions,field,Punjab Kings,None,normal,26,0,Normal,HM Amla
1082617,2017,2017-04-23,Kolkata,Eden Gardens,Kolkata Knight Riders,Royal Challengers Bengaluru,Royal Challengers Bengaluru,field,Kolkata Knight Riders,None,normal,82,0,Normal,NM Coulter-Nile
1082618,2017,2017-04-24,Mumbai,Wankhede Stadium,Mumbai Indians,Rising Pune Supergiant,Mumbai Indians,field,Rising Pune Supergiant,None,normal,3,0,Normal,BA Stokes
1082620,2017,2017-04-26,Pune,Maharashtra Cricket Association Stadium,Rising Pune Supergiant,Kolkata Knight Riders,Kolkata Knight Riders,field,Kolkata Knight Riders,None,normal,0,7,Normal,RV Uthappa
1082621,2017,2017-04-27,Bangalore,M Chinnaswamy Stadium,Royal Challengers Bengaluru,Gujarat Lions,Gujarat Lions,field,Gujarat Lions,None,normal,0,7,Normal,AJ Tye
1082622,2017,2017-04-28,Kolkata,Eden Gardens,Kolkata Knight Riders,Delhi Capitals,Kolkata Knight Riders,field,Kolkata Knight Riders,None,normal,0,7,Normal,G Gambhir
1082623,2017,2017-04-28,Chandigarh,Punjab Cricket Association IS Bindra Stadium,Punjab Kings,Sunrisers Hyderabad,Punjab Kings,field,Sunrisers Hyderabad,None,normal,26,0,Normal,Rashid Khan
1082624,2017,2017-04-29,Pune,Maharashtra Cricket Association Stadium,Rising Pune Supergiant,Royal Challengers Bengaluru,Royal Challengers Bengaluru,field,Rising Pune Supergiant,None,normal,61,0,Normal,LH Ferguson
1082625,2017,2017-04-29,Rajkot,Saurashtra Cricket Association Stadium,Gujarat Lions,Mumbai Indians,Gujarat Lions,bat,Mumbai Indians,Mumbai Indians,tie,0,0,Normal,KH Pandya
1082626,2017,2017-04-30,Chandigarh,Punjab Cricket Association IS Bindra Stadium,Punjab Kings,Delhi Capitals,Punjab Kings,field,Punjab Kings,None,normal,0,10,Normal,Sandeep Sharma
1082627,2017,2017-04-30,Hyderabad,Rajiv Gandhi International Stadium,Sunrisers Hyderabad,Kolkata Knight Riders,Kolkata Knight Riders,field,Sunrisers Hyderabad,None,normal,48,0,Normal,DA Warner
1082628,2017,2017-05-01,Mumbai,Wankhede Stadium,Mumbai Indians,Royal Challengers Bengaluru,Royal Challengers Bengaluru,bat,Mumbai Indians,None,normal,0,5,Normal,RG Sharma
1082629,2017,2017-05-01,Pune,Maharashtra Cricket Association Stadium,Rising Pune Supergiant,Gujarat Lions,Rising Pune Supergiant,field,Rising Pune Supergiant,None,normal,0,5,Normal,BA Stokes
1082630,2017,2017-05-02,Delhi,Arun Jaitley Stadium,Delhi Capitals,Sunrisers Hyderabad,Delhi Capitals,field,Delhi Capitals,None,normal,0,6,Normal,Mohammed Shami
1082631,2017,2017-05-03,Kolkata,Eden Gardens,Kolkata Knight Riders,Rising Pune Supergiant,Rising Pune Supergiant,field,Rising Pune Supergiant,None,normal,0,4,Normal,RA Tripathi
1082632,2017,2017-05-04,Delhi,Arun Jaitley Stadium,Delhi Capitals,Gujarat Lions,Delhi Capitals,field,Delhi Capitals,None,normal,0,7,Normal,RR Pant
1082633,2017,2017-05-05,Bangalore,M Chinnaswamy Stadium,Royal Challengers Bengaluru,Punjab Kings,Royal Challengers Bengaluru,field,Punjab Kings,None,normal,19,0,Normal,Sandeep Sharma
1082634,2017,2017-05-06,Hyderabad,Rajiv Gandhi International Stadium,Sunrisers Hyderabad,Rising Pune Supergiant,Sunrisers Hyderabad,field,Rising Pune Supergiant,None,normal,12,0,Normal,JD Unadkat
1082635,2017,2017-05-06,Delhi,Arun Jaitley Stadium,Delhi Capitals,Mumbai Indians,Delhi Capitals,field,Mumbai Indians,None,normal,146,0,Normal,LMP Simmons
1082636,2017,2017-05-07,Bangalore,M Chinnaswamy Stadium,Royal Challengers Bengaluru,Kolkata Knight Riders,Kolkata Knight Riders,field,Kolkata Knight Riders,None,normal,0,6,Normal,SP Narine
1082637,2017,2017-05-07,Chandigarh,Punjab Cricket Association IS Bindra Stadium,Punjab Kings,Gujarat Lions,Gujarat Lions,field,Gujarat Lions,None,normal,0,6,Normal,DR Smith
1082638,2017,2017-05-08,Hyderabad,Rajiv Gandhi International Stadium,Sunrisers Hyderabad,Mumbai Indians,Mumbai Indians,bat,Sunrisers Hyderabad,None,normal,0,7,Normal,S Dhawan
1082639,2017,2017-05-09,Chandigarh,Punjab Cricket Association IS Bindra Stadium,Punjab Kings,Kolkata Knight Riders,Kolkata Knight Riders,field,Punjab Kings,None,normal,14,0,Normal,MM Sharma
1082640,2017,2017-05-10,Kanpur,Green Park,Gujarat Lions,Delhi Capitals,Delhi Capitals,field,Delhi Capitals,None,normal,0,2,Normal,SS Iyer
1082641,2017,2017-05-11,Mumbai,Wankhede Stadium,Mumbai Indians,Punjab Kings,Mumbai Indians,field,Punjab Kings,None,normal,7,0,Normal,WP Saha
1082642,2017,2017-05-12,Delhi,Arun Jaitley Stadium,Delhi Capitals,Rising Pune Supergiant,Delhi Capitals,bat,Delhi Capitals,None,normal,7,0,Normal,KK Nair
1082643,2017,2017-05-13,Kanpur,Green Park,Gujarat Lions,Sunrisers Hyderabad,Sunrisers Hyderabad,field,Sunrisers Hyderabad,None,normal,0,8,Normal,Mohammed Siraj
1082644,2017,2017-05-13,Kolkata,Eden Gardens,Kolkata Knight Riders,Mumbai Indians,Kolkata Knight Riders,field,Mumbai Indians,None,normal,9,0,Normal,AT Rayudu
1082645,2017,2017-05-14,Pune,Maharashtra Cricket Association Stadium,Rising Pune Supergiant,Punjab Kings,Rising Pune Supergiant,field,Rising Pune Supergiant,None,normal,0,9,Normal,JD Unadkat
1082646,2017,2017-05-14,Delhi,Arun Jaitley Stadium,Delhi Capitals,Royal Challengers Bengaluru,Royal Challengers Bengaluru,bat,Royal Challengers Bengaluru,None,normal,10,0,Normal,HV Patel
1082647,2017,2017-05-16,Mumbai,Wankhede Stadium,Mumbai Indians,Rising Pune Supergiant,Mumbai Indians,field,Rising Pune Supergiant,None,normal,20,0,Normal,Washington Sundar
1082648,2017,2017-05-17,Bangalore,M Chinnaswamy Stadium,Sunrisers Hyderabad,Kolkata Knight Riders,Kolkata Knight Riders,field,Kolkata Knight Riders,None,normal,0,7,D/L,NM Coulter-Nile
1082649,2017,2017-05-19,Bangalore,M Chinnaswamy Stadium,Mumbai Indians,Kolkata Knight Riders,Mumbai Indians,field,Mumbai Indians,None,normal,0,6,Normal,KV Sharma
1082650,2017,2017-05-21,Hyderabad,Rajiv Gandhi International Stadium,Mumbai Indians,Rising Pune Supergiant,Mumbai Indians,bat,Mumbai Indians,None,normal,1,0,Normal,KH Pandya
1136561,2018,2018-04-07,Mumbai,Wankhede Stadium,Mumbai Indians,Chennai Super Kings,Chennai Super Kings,field,Chennai Super Kings,None,normal,0,1,Normal,DJ Bravo
1136562,2018,2018-04-08,Chandigarh,Punjab Cricket Association IS Bindra Stadium,Delhi Capitals,Punjab Kings,Punjab Kings,field,Punjab Kings,None,normal,0,6,Normal,KL Rahul
1136563,2018,2018-04-08,Kolkata,Eden Gardens,Royal Challengers Bengaluru,Kolkata Knight Riders,Kolkata Knight Riders,field,Kolkata Knight Riders,None,normal,0,4,Normal,SP Narine
1136564,2018,2018-04-09,Hyderabad,Rajiv Gandhi International Stadium,Rajasthan Royals,Sunrisers Hyderabad,Sunrisers Hyderabad,field,Sunrisers Hyderabad,None,normal,0,9,Normal,S Dhawan
1136565,2018,2018-04-10,Chennai,MA Chidambaram Stadium,Kolkata Knight Riders,Chennai Super Kings,Chennai Super Kings,field,Chennai Super Kings,None,normal,0,5,Normal,SW Billings
1136566,2018,2018-04-11,Jaipur,Sawai Mansingh Stadium,Rajasthan Royals,Delhi Capitals,Delhi Capitals,field,Rajasthan Royals,None,normal,10,0,D/L,SV Samson
1136567,2018,2018-04-12,Hyderabad,Rajiv Gandhi International Stadium,Mumbai Indians,Sunrisers Hyderabad,Sunrisers Hyderabad,field,Sunrisers Hyderabad,None,normal,0,1,Normal,Rashid Khan
1136568,2018,2018-04-13,Bengaluru,M Chinnaswamy Stadium,Punjab Kings,Royal Challengers Bengaluru,Royal Challengers Bengaluru,field,Royal Challengers Bengaluru,None,normal,0,4,Normal,UT Yadav
1136569,2018,2018-04-14,Mumbai,Wankhede Stadium,Mumbai Indians,Delhi Capitals,Delhi Capitals,field,Delhi Capitals,None,normal,0,7,Normal,JJ Roy
1136570,2018,2018-04-14,Kolkata,Eden Gardens,Kolkata Knight Riders,Sunrisers Hyderabad,Sunrisers Hyderabad,field,Sunrisers Hyderabad,None,normal,0,5,Normal,B Stanlake
1136571,2018,2018-04-15,Bengaluru,M Chinnaswamy Stadium,Rajasthan Royals,Royal Challengers Bengaluru,Royal Challengers Bengaluru,field,Rajasthan Royals,None,normal,19,0,Normal,SV Samson
1136572,2018,2018-04-15,Chandigarh,Punjab Cricket Association IS Bindra Stadium,Punjab Kings,Chennai Super Kings,Chennai Super Kings,field,Punjab Kings,None,normal,4,0,Normal,CH Gayle
1136573,2018,2018-04-16,Kolkata,Eden Gardens,Kolkata Knight Riders,Delhi Capitals,Delhi Capitals,field,Kolkata Knight Riders,None,normal,71,0,Normal,N Rana
1136574,2018,2018-04-17,Mumbai,Wankhede Stadium,Mumbai Indians,Royal Challengers Bengaluru,Royal Challengers Bengaluru,field,Mumbai Indians,None,normal,46,0,Normal,RG Sharma
1136575,2018,2018-04-18,Jaipur,Sawai Mansingh Stadium,Rajasthan Royals,Kolkata Knight Riders,Kolkata Knight Riders,field,Kolkata Knight Riders,None,normal,0,7,Normal,N Rana
1136576,2018,2018-04-19,Chandigarh,Punjab Cricket Association IS Bindra Stadium,Punjab Kings,Sunrisers Hyderabad,Punjab Kings,bat,Punjab Kings,None,normal,15,0,Normal,CH Gayle
1136577,2018,2018-04-20,Pune,Maharashtra Cricket Association Stadium,Chennai Super Kings,Rajasthan Royals,Rajasthan Royals,field,Chennai Super Kings,None,normal,64,0,Normal,SR Watson
1136578,2018,2018-04-21,Kolkata,Eden Gardens,Kolkata Knight Riders,Punjab Kings,Punjab Kings,field,Punjab Kings,None,normal,0,9,D/L,KL Rahul
1136579,2018,2018-04-21,Bengaluru,M Chinnaswamy Stadium,Delhi Capitals,Royal Challengers Bengaluru,Royal Challengers Bengaluru,field,Royal Challengers Bengaluru,None,normal,0,6,Normal,AB de Villiers
1136580,2018,2018-04-22,Hyderabad,Rajiv Gandhi International Stadium,Chennai Super Kings,Sunrisers Hyderabad,Sunrisers Hyderabad,field,Chennai Super Kings,None,normal,4,0,Normal,AT Rayudu
1136581,2018,2018-04-22,Jaipur,Sawai Mansingh Stadium,Mumbai Indians,Rajasthan Royals,Mumbai Indians,bat,Rajasthan Royals,None,normal,0,3,Normal,JC Archer
1136582,2018,2018-04-23,Delhi,Arun Jaitley Stadium,Punjab Kings,Delhi Capitals,Delhi Capitals,field,Punjab Kings,None,normal,4,0,Normal,AS Rajpoot
1136583,2018,2018-04-24,Mumbai,Wankhede Stadium,Sunrisers Hyderabad,Mumbai Indians,Mumbai Indians,field,Sunrisers Hyderabad,None,normal,31,0,Normal,Rashid Khan
1136584,2018,2018-04-25,Bengaluru,M Chinnaswamy Stadium,Royal Challengers Bengaluru,Chennai Super Kings,Chennai Super Kings,field,Chennai Super Kings,None,normal,0,5,Normal,MS Dhoni
1136585,2018,2018-04-26,Hyderabad,Rajiv Gandhi International Stadium,Sunrisers Hyderabad,Punjab Kings,Punjab Kings,field,Sunrisers Hyderabad,None,normal,13,0,Normal,AS Rajpoot
1136586,2018,2018-04-27,Delhi,Arun Jaitley Stadium,Delhi Capitals,Kolkata Knight Riders,Kolkata Knight Riders,field,Delhi Capitals,None,normal,55,0,Normal,SS Iyer
1136587,2018,2018-04-28,Pune,Maharashtra Cricket Association Stadium,Chennai Super Kings,Mumbai Indians,Mumbai Indians,field,Mumbai Indians,None,normal,0,8,Normal,RG Sharma
1136588,2018,2018-04-29,Jaipur,Sawai Mansingh Stadium,Sunrisers Hyderabad,Rajasthan Royals,Sunrisers Hyderabad,bat,Sunrisers Hyderabad,None,normal,11,0,Normal,KS Williamson
1136589,2018,2018-04-29,Bengaluru,M Chinnaswamy Stadium,Royal Challengers Bengaluru,Kolkata Knight Riders,Kolkata Knight Riders,field,Kolkata Knight Riders,None,normal,0,6,Normal,CA Lynn
1136590,2018,2018-04-30,Pune,Maharashtra Cricket Association Stadium,Chennai Super Kings,Delhi Capitals,Delhi Capitals,field,Chennai Super Kings,None,normal,13,0,Normal,SR Watson
1136591,2018,2018-05-01,Bengaluru,M Chinnaswamy Stadium,Royal Challengers Bengaluru,Mumbai Indians,Mumbai Indians,field,Royal Challengers Bengaluru,None,normal,14,0,Normal,TG Southee
1136592,2018,2018-05-02,Delhi,Arun Jaitley Stadium,Delhi Capitals,Rajasthan Royals,Rajasthan Royals,field,Delhi Capitals,None,normal,4,0,D/L,RR Pant
1136593,2018,2018-05-03,Kolkata,Eden Gardens,Chennai Super Kings,Kolkata Knight Riders,Kolkata Knight Riders,field,Kolkata Knight Riders,None,normal,0,6,Normal,SP Narine
1136594,2018,2018-05-04,Indore,Holkar Cricket Stadium,Punjab Kings,Mumbai Indians,Mumbai Indians,field,Mumbai Indians,None,normal,0,6,Normal,SA Yadav
1136595,2018,2018-05-05,Pune,Maharashtra Cricket Association Stadium,Royal Challengers Bengaluru,Chennai Super Kings,Chennai Super Kings,field,Chennai Super Kings,None,normal,0,6,Normal,RA Jadeja
1136596,2018,2018-05-05,Hyderabad,Rajiv Gandhi International Stadium,Delhi Capitals,Sunrisers Hyderabad,Delhi Capitals,bat,Sunrisers Hyderabad,None,normal,0,7,Normal,Rashid Khan
1136597,2018,2018-05-06,Mumbai,Wankhede Stadium,Mumbai Indians,Kolkata Knight Riders,Kolkata Knight Riders,field,Mumbai Indians,None,normal,13,0,Normal,HH Pandya
1136598,2018,2018-05-06,Indore,Holkar Cricket Stadium,Rajasthan Royals,Punjab Kings,Punjab Kings,field,Punjab Kings,None,normal,0,6,Normal,Mujeeb Ur Rahman
1136599,2018,2018-05-07,Hyderabad,Rajiv Gandhi International Stadium,Sunrisers Hyderabad,Royal Challengers Bengaluru,Royal Challengers Bengaluru,field,Sunrisers Hyderabad,None,normal,5,0,Normal,KS Williamson
1136600,2018,2018-05-08,Jaipur,Sawai Mansingh Stadium,Rajasthan Royals,Punjab Kings,Rajasthan Royals,bat,Rajasthan Royals,None,normal,15,0,Normal,JC Buttler
1136601,2018,2018-05-09,Kolkata,Eden Gardens,Mumbai Indians,Kolkata Knight Riders,Kolkata Knight Riders,field,Mumbai Indians,None,normal,102,0,Normal,Ishan Kishan
1136602,2018,2018-05-10,Delhi,Arun Jaitley Stadium,Delhi Capitals,Sunrisers Hyderabad,Delhi Capitals,bat,Sunrisers Hyderabad,None,normal,0,9,Normal,S Dhawan
1136603,2018,2018-05-11,Jaipur,Sawai Mansingh Stadium,Chennai Super Kings,Rajasthan Royals,Chennai Super Kings,bat,Rajasthan Royals,None,normal,0,4,Normal,JC Buttler
1136604,2018,2018-05-12,Indore,Holkar Cricket Stadium,Kolkata Knight Riders,Punjab Kings,Punjab Kings,field,Kolkata Knight Riders,None,normal,31,0,Normal,SP Narine
1136605,2018,2018-05-12,Delhi,Arun Jaitley Stadium,Delhi Capitals,Royal Challengers Bengaluru,Royal Challengers Bengaluru,field,Royal Challengers Bengaluru,None,normal,0,5,Normal,AB de Villiers
1136606,2018,2018-05-13,Pune,Maharashtra Cricket Association Stadium,Sunrisers Hyderabad,Chennai Super Kings,Chennai Super Kings,field,Chennai Super Kings,None,normal,0,8,Normal,AT Rayudu
1136607,2018,2018-05-13,Mumbai,Wankhede Stadium,Mumbai Indians,Rajasthan Royals,Rajasthan Royals,field,Rajasthan Royals,None,normal,0,7,Normal,JC Buttler
1136608,2018,2018-05-14,Indore,Holkar Cricket Stadium,Punjab Kings,Royal Challengers Bengaluru,Royal Challengers Bengaluru,field,Royal Challengers Bengaluru,None,normal,0,10,Normal,UT Yadav
1136609,2018,2018-05-15,Kolkata,Eden Gardens,Rajasthan Royals,Kolkata Knight Riders,Kolkata Knight Riders,field,Kolkata Knight Riders,None,normal,0,6,Normal,Kuldeep Yadav
1136610,2018,2018-05-16,Mumbai,Wankhede Stadium,Mumbai Indians,Punjab Kings,Punjab Kings,field,Mumbai Indians,None,normal,3,0,Normal,JJ Bumrah
1136611,2018,2018-05-17,Bengaluru,M Chinnaswamy Stadium,Royal Challengers Bengaluru,Sunrisers Hyderabad,Sunrisers Hyderabad,field,Royal Challengers Bengaluru,None,normal,14,0,Normal,AB de Villiers
1136612,2018,2018-05-18,Delhi,Arun Jaitley Stadium,Delhi Capitals,Chennai Super Kings,Chennai Super Kings,field,Delhi Capitals,None,normal,34,0,Normal,HV Patel
1136613,2018,2018-05-19,Jaipur,Sawai Mansingh Stadium,Rajasthan Royals,Royal Challengers Bengaluru,Rajasthan Royals,bat,Rajasthan Royals,None,normal,30,0,Normal,S Gopal
1136614,2018,2018-05-19,Hyderabad,Rajiv Gandhi International Stadium,Sunrisers Hyderabad,Kolkata Knight Riders,Sunrisers Hyderabad,bat,Kolkata Knight Riders,None,normal,0,5,Normal,CA Lynn
1136615,2018,2018-05-20,Delhi,Arun Jaitley Stadium,Delhi Capitals,Mumbai Indians,Delhi Capitals,bat,Delhi Capitals,None,normal,11,0,Normal,A Mishra
1136616,2018,2018-05-20,Pune,Maharashtra Cricket Association Stadium,Punjab Kings,Chennai Super Kings,Chennai Super Kings,field,Chennai Super Kings,None,normal,0,5,Normal,L Ngidi
1136617,2018,2018-05-22,Mumbai,Wankhede Stadium,Sunrisers Hyderabad,Chennai Super Kings,Chennai Super Kings,field,Chennai Super Kings,None,normal,0,2,Normal,F du Plessis
1136618,2018,2018-05-23,Kolkata,Eden Gardens,Kolkata Knight Riders,Rajasthan Royals,Rajasthan Royals,field,Kolkata Knight Riders,None,normal,25,0,Normal,AD Russell
1136619,2018,2018-05-25,Kolkata,Eden Gardens,Sunrisers Hyderabad,Kolkata Knight Riders,Kolkata Knight Riders,field,Sunrisers Hyderabad,None,normal,14,0,Normal,Rashid Khan
1136620,2018,2018-05-27,Mumbai,Wankhede Stadium,Sunrisers Hyderabad,Chennai Super Kings,Chennai Super Kings,field,Chennai Super Kings,None,normal,0,8,Normal,SR Watson
1175356,2019,2019-03-23,Chennai,MA Chidambaram Stadium,Royal Challengers Bengaluru,Chennai Super Kings,Chennai Super Kings,field,Chennai Super Kings,None,normal,0,7,Normal,Harbhajan Singh
1175357,2019,2019-03-24,Kolkata,Eden Gardens,Sunrisers Hyderabad,Kolkata Knight Riders,Kolkata Knight Riders,field,Kolkata Knight Riders,None,normal,0,6,Normal,AD Russell
1175358,2019,2019-03-24,Mumbai,Wankhede Stadium,Delhi Capitals,Mumbai Indians,Mumbai Indians,field,Delhi Capitals,None,normal,37,0,Normal,RR Pant
1175359,2019,2019-03-25,Jaipur,Sawai Mansingh Stadium,Punjab Kings,Rajasthan Royals,Rajasthan Royals,field,Punjab Kings,None,normal,14,0,Normal,CH Gayle
1175360,2019,2019-03-26,Delhi,Arun Jaitley Stadium,Delhi Capitals,Chennai Super Kings,Delhi Capitals,bat,Chennai Super Kings,None,normal,0,6,Normal,SR Watson
1175361,2019,2019-03-27,Kolkata,Eden Gardens,Kolkata Knight Riders,Punjab Kings,Punjab Kings,field,Kolkata Knight Riders,None,normal,28,0,Normal,AD Russell
1175362,2019,2019-03-28,Bengaluru,M Chinnaswamy Stadium,Mumbai Indians,Royal Challengers Bengaluru,Royal Challengers Bengaluru,field,Mumbai Indians,None,normal,6,0,Normal,JJ Bumrah
1175363,2019,2019-03-29,Hyderabad,Rajiv Gandhi International Stadium,Rajasthan Royals,Sunrisers Hyderabad,Rajasthan Royals,bat,Sunrisers Hyderabad,None,normal,0,5,Normal,Rashid Khan
1175364,2019,2019-03-30,Chandigarh,Punjab Cricket Association IS Bindra Stadium,Mumbai Indians,Punjab Kings,Punjab Kings,field,Punjab Kings,None,normal,0,8,Normal,MA Agarwal
1175365,2019,2019-03-30,Delhi,Arun Jaitley Stadium,Kolkata Knight Riders,Delhi Capitals,Delhi Capitals,field,Delhi Capitals,Delhi Capitals,tie,0,0,Normal,PP Shaw
1175366,2019,2019-03-31,Hyderabad,Rajiv Gandhi International Stadium,Sunrisers Hyderabad,Royal Challengers Bengaluru,Royal Challengers Bengaluru,field,Sunrisers Hyderabad,None,normal,118,0,Normal,JM Bairstow
1175367,2019,2019-03-31,Chennai,MA Chidambaram Stadium,Chennai Super Kings,Rajasthan Royals,Rajasthan Royals,field,Chennai Super Kings,None,normal,8,0,Normal,MS Dhoni
1175368,2019,2019-04-01,Chandigarh,Punjab Cricket Association IS Bindra Stadium,Punjab Kings,Delhi Capitals,Delhi Capitals,field,Punjab Kings,None,normal,14,0,Normal,SM Curran
1175369,2019,2019-04-02,Jaipur,Sawai Mansingh Stadium,Royal Challengers Bengaluru,Rajasthan Royals,Rajasthan Royals,field,Rajasthan Royals,None,normal,0,7,Normal,S Gopal
1175370,2019,2019-04-03,Mumbai,Wankhede Stadium,Mumbai Indians,Chennai Super Kings,Chennai Super Kings,field,Mumbai Indians,None,normal,37,0,Normal,HH Pandya
1175371,2019,2019-04-04,Delhi,Arun Jaitley Stadium,Delhi Capitals,Sunrisers Hyderabad,Sunrisers Hyderabad,field,Sunrisers Hyderabad,None,normal,0,5,Normal,JM Bairstow
1175372,2019,2019-04-05,Bengaluru,M Chinnaswamy Stadium,Royal Challengers Bengaluru,Kolkata Knight Riders,Kolkata Knight Riders,field,Kolkata Knight Riders,None,normal,0,5,Normal,AD Russell
1178393,2019,2019-04-06,Chennai,MA Chidambaram Stadium,Chennai Super Kings,Punjab Kings,Chennai Super Kings,bat,Chennai Super Kings,None,normal,22,0,Normal,Harbhajan Singh
1178394,2019,2019-04-06,Hyderabad,Rajiv Gandhi International Stadium,Mumbai Indians,Sunrisers Hyderabad,Sunrisers Hyderabad,field,Mumbai Indians,None,normal,40,0,Normal,AS Joseph
1178395,2019,2019-04-07,Bengaluru,M Chinnaswamy Stadium,Royal Challengers Bengaluru,Delhi Capitals,Delhi Capitals,field,Delhi Capitals,None,normal,0,4,Normal,K Rabada
1178396,2019,2019-04-07,Jaipur,Sawai Mansingh Stadium,Rajasthan Royals,Kolkata Knight Riders,Kolkata Knight Riders,field,Kolkata Knight Riders,None,normal,0,8,Normal,HF Gurney
1178397,2019,2019-04-08,Chandigarh,Punjab Cricket Association IS Bindra Stadium,Sunrisers Hyderabad,Punjab Kings,Punjab Kings,field,Punjab Kings,None,normal,0,6,Normal,KL Rahul
1178398,2019,2019-04-09,Chennai,MA Chidambaram Stadium,Kolkata Knight Riders,Chennai Super Kings,Chennai Super Kings,field,Chennai Super Kings,None,normal,0,7,Normal,DL Chahar
1178399,2019,2019-04-10,Mumbai,Wankhede Stadium,Punjab Kings,Mumbai Indians,Mumbai Indians,field,Mumbai Indians,None,normal,0,3,Normal,KA Pollard
1178400,2019,2019-04-11,Jaipur,Sawai Mansingh Stadium,Rajasthan Royals,Chennai Super Kings,Chennai Super Kings,field,Chennai Super Kings,None,normal,0,4,Normal,MS Dhoni
1178401,2019,2019-04-12,Kolkata,Eden Gardens,Kolkata Knight Riders,Delhi Capitals,Delhi Capitals,field,Delhi Capitals,None,normal,0,7,Normal,S Dhawan
1178402,2019,2019-04-13,Mumbai,Wankhede Stadium,Mumbai Indians,Rajasthan Royals,Rajasthan Royals,field,Rajasthan Royals,None,normal,0,4,Normal,JC Buttler
1178403,2019,2019-04-13,Chandigarh,Punjab Cricket Association IS Bindra Stadium,Punjab Kings,Royal Challengers Bengaluru,Royal Challengers Bengaluru,field,Royal Challengers Bengaluru,None,normal,0,8,Normal,AB de Villiers
1178404,2019,2019-04-14,Kolkata,Eden Gardens,Kolkata Knight Riders,Chennai Super Kings,Chennai Super Kings,field,Chennai Super Kings,None,normal,0,5,Normal,Imran Tahir
1178405,2019,2019-04-14,Hyderabad,Rajiv Gandhi International Stadium,Delhi Capitals,Sunrisers Hyderabad,Sunrisers Hyderabad,field,Delhi Capitals,None,normal,39,0,Normal,KMA Paul
1178406,2019,2019-04-15,Mumbai,Wankhede Stadium,Royal Challengers Bengaluru,Mumbai Indians,Mumbai Indians,field,Mumbai Indians,None,normal,0,5,Normal,SL Malinga
1178407,2019,2019-04-16,Chandigarh,Punjab Cricket Association IS Bindra Stadium,Punjab Kings,Rajasthan Royals,Rajasthan Royals,field,Punjab Kings,None,normal,12,0,Normal,R Ashwin
1178408,2019,2019-04-17,Hyderabad,Rajiv Gandhi International Stadium,Chennai Super Kings,Sunrisers Hyderabad,Chennai Super Kings,bat,Sunrisers Hyderabad,None,normal,0,6,Normal,DA Warner
1178409,2019,2019-04-18,Delhi,Arun Jaitley Stadium,Mumbai Indians,Delhi Capitals,Mumbai Indians,bat,Mumbai Indians,None,normal,40,0,Normal,HH Pandya
1178410,2019,2019-04-19,Kolkata,Eden Gardens,Royal Challengers Bengaluru,Kolkata Knight Riders,Kolkata Knight Riders,field,Royal Challengers Bengaluru,None,normal,10,0,Normal,V Kohli
1178411,2019,2019-04-20,Jaipur,Sawai Mansingh Stadium,Mumbai Indians,Rajasthan Royals,Rajasthan Royals,field,Rajasthan Royals,None,normal,0,5,Normal,SPD Smith
1178412,2019,2019-04-20,Delhi,Arun Jaitley Stadium,Punjab Kings,Delhi Capitals,Delhi Capitals,field,Delhi Capitals,None,normal,0,5,Normal,SS Iyer
1178413,2019,2019-04-21,Hyderabad,Rajiv Gandhi International Stadium,Kolkata Knight Riders,Sunrisers Hyderabad,Sunrisers Hyderabad,field,Sunrisers Hyderabad,None,normal,0,9,Normal,KK Ahmed
1178414,2019,2019-04-21,Bengaluru,M Chinnaswamy Stadium,Royal Challengers Bengaluru,Chennai Super Kings,Chennai Super Kings,field,Royal Challengers Bengaluru,None,normal,1,0,Normal,PA Patel
1178415,2019,2019-04-22,Jaipur,Sawai Mansingh Stadium,Rajasthan Royals,Delhi Capitals,Delhi Capitals,field,Delhi Capitals,None,normal,0,6,Normal,RR Pant
1178416,2019,2019-04-23,Chennai,MA Chidambaram Stadium,Sunrisers Hyderabad,Chennai Super Kings,Chennai Super Kings,field,Chennai Super Kings,None,normal,0,6,Normal,SR Watson
1178417,2019,2019-04-24,Bengaluru,M Chinnaswamy Stadium,Royal Challengers Bengaluru,Punjab Kings,Punjab Kings,field,Royal Challengers Bengaluru,None,normal,17,0,Normal,AB de Villiers
1178418,2019,2019-04-25,Kolkata,Eden Gardens,Kolkata Knight Riders,Rajasthan Royals,Rajasthan Royals,field,Rajasthan Royals,None,normal,0,3,Normal,VR Aaron
1178419,2019,2019-04-26,Chennai,MA Chidambaram Stadium,Mumbai Indians,Chennai Super Kings,Chennai Super Kings,field,Mumbai Indians,None,normal,46,0,Normal,RG Sharma
1178420,2019,2019-04-27,Jaipur,Sawai Mansingh Stadium,Sunrisers Hyderabad,Rajasthan Royals,Rajasthan Royals,field,Rajasthan Royals,None,normal,0,7,Normal,JD Unadkat
1178421,2019,2019-04-28,Delhi,Arun Jaitley Stadium,Delhi Capitals,Royal Challengers Bengaluru,Delhi Capitals,bat,Delhi Capitals,None,normal,16,0,Normal,S Dhawan
1178422,2019,2019-04-28,Kolkata,Eden Gardens,Kolkata Knight Riders,Mumbai Indians,Mumbai Indians,field,Kolkata Knight Riders,None,normal,34,0,Normal,AD Russell
1178423,2019,2019-04-29,Hyderabad,Rajiv Gandhi International Stadium,Sunrisers Hyderabad,Punjab Kings,Punjab Kings,field,Sunrisers Hyderabad,None,normal,45,0,Normal,DA Warner
1178425,2019,2019-05-01,Chennai,MA Chidambaram Stadium,Chennai Super Kings,Delhi Capitals,Delhi Capitals,field,Chennai Super Kings,None,normal,80,0,Normal,MS Dhoni
1178426,2019,2019-05-02,Mumbai,Wankhede Stadium,Mumbai Indians,Sunrisers Hyderabad,Mumbai Indians,bat,Mumbai Indians,Mumbai Indians,tie,0,0,Normal,JJ Bumrah
1178427,2019,2019-05-03,Chandigarh,Punjab Cricket Association IS Bindra Stadium,Punjab Kings,Kolkata Knight Riders,Kolkata Knight Riders,field,Kolkata Knight Riders,None,normal,0,7,Normal,Shubman Gill
1178428,2019,2019-05-04,Delhi,Arun Jaitley Stadium,Rajasthan Royals,Delhi Capitals,Rajasthan Royals,bat,Delhi Capitals,None,normal,0,5,Normal,A Mishra
1178429,2019,2019-05-04,Bengaluru,M Chinnaswamy Stadium,Sunrisers Hyderabad,Royal Challengers Bengaluru,Royal Challengers Bengaluru,field,Royal Challengers Bengaluru,None,normal,0,4,Normal,SO Hetmyer
1178430,2019,2019-05-05,Chandigarh,Punjab Cricket Association IS Bindra Stadium,Chennai Super Kings,Punjab Kings,Punjab Kings,field,Punjab Kings,None,normal,0,6,Normal,KL Rahul
1178431,2019,2019-05-05,Mumbai,Wankhede Stadium,Kolkata Knight Riders,Mumbai Indians,Mumbai Indians,field,Mumbai Indians,None,normal,0,9,Normal,HH Pandya
1181764,2019,2019-05-07,Chennai,MA Chidambaram Stadium,Chennai Super Kings,Mumbai Indians,Chennai Super Kings,bat,Mumbai Indians,None,normal,0,6,Normal,SA Yadav
1181766,2019,2019-05-08,Visakhapatnam,Dr. Y.S. Rajasekhara Reddy ACA-VDCA Cricket Stadium,Sunrisers Hyderabad,Delhi Capitals,Delhi Capitals,field,Delhi Capitals,None,normal,0,2,Normal,RR Pant
1181767,2019,2019-05-10,Visakhapatnam,Dr. Y.S. Rajasekhara Reddy ACA-VDCA Cricket Stadium,Delhi Capitals,Chennai Super Kings,Chennai Super Kings,field,Chennai Super Kings,None,normal,0,6,Normal,F du Plessis
1181768,2019,2019-05-12,Hyderabad,Rajiv Gandhi International Stadium,Mumbai Indians,Chennai Super Kings,Mumbai Indians,bat,Mumbai Indians,None,normal,1,0,Normal,JJ Bumrah
1216492,2020/21,2020-09-19,Abu Dhabi,Sheikh Zayed Stadium,Mumbai Indians,Chennai Super Kings,Chennai Super Kings,field,Chennai Super Kings,None,normal,0,5,Normal,AT Rayudu
1216493,2020/21,2020-09-20,Dubai,Dubai International Cricket Stadium,Delhi Capitals,Punjab Kings,Punjab Kings,field,Delhi Capitals,Delhi Capitals,tie,0,0,Normal,MP Stoinis
1216534,2020/21,2020-09-21,Dubai,Dubai International Cricket Stadium,Royal Challengers Bengaluru,Sunrisers Hyderabad,Sunrisers Hyderabad,field,Royal Challengers Bengaluru,None,normal,10,0,Normal,YS Chahal
1216496,2020/21,2020-09-22,Sharjah,Sharjah Cricket Stadium,Rajasthan Royals,Chennai Super Kings,Chennai Super Kings,field,Rajasthan Royals,None,normal,16,0,Normal,SV Samson
1216508,2020/21,2020-09-23,Abu Dhabi,Sheikh Zayed Stadium,Mumbai Indians,Kolkata Knight Riders,Kolkata Knight Riders,field,Mumbai Indians,None,normal,49,0,Normal,RG Sharma
1216510,2020/21,2020-09-24,Dubai,Dubai International Cricket Stadium,Punjab Kings,Royal Challengers Bengaluru,Royal Challengers Bengaluru,field,Punjab Kings,None,normal,97,0,Normal,KL Rahul
1216539,2020/21,2020-09-25,Dubai,Dubai International Cricket Stadium,Delhi Capitals,Chennai Super Kings,Chennai Super Kings,field,Delhi Capitals,None,normal,44,0,Normal,PP Shaw
1216545,2020/21,2020-09-26,Abu Dhabi,Sheikh Zayed Stadium,Sunrisers Hyderabad,Kolkata Knight Riders,Sunrisers Hyderabad,bat,Kolkata Knight Riders,None,normal,0,7,Normal,Shubman Gill
1216527,2020/21,2020-09-27,Sharjah,Sharjah Cricket Stadium,Punjab Kings,Rajasthan Royals,Rajasthan Royals,field,Rajasthan Royals,None,normal,0,4,Normal,SV Samson
1216547,2020/21,2020-09-28,Dubai,Dubai International Cricket Stadium,Royal Challengers Bengaluru,Mumbai Indians,Mumbai Indians,field,Royal Challengers Bengaluru,Royal Challengers Bengaluru,tie,0,0,Normal,AB de Villiers
1216532,2020/21,2020-09-29,Abu Dhabi,Sheikh Zayed Stadium,Sunrisers Hyderabad,Delhi Capitals,Delhi Capitals,field,Sunrisers Hyderabad,None,normal,15,0,Normal,Rashid Khan
1216504,2020/21,2020-09-30,Dubai,Dubai International Cricket Stadium,Kolkata Knight Riders,Rajasthan Royals,Rajasthan Royals,field,Kolkata Knight Riders,None,normal,37,0,Normal,Shivam Mavi
1216503,2020/21,2020-10-01,Abu Dhabi,Sheikh Zayed Stadium,Mumbai Indians,Punjab Kings,Punjab Kings,field,Mumbai Indians,None,normal,48,0,Normal,KA Pollard
1216516,2020/21,2020-10-02,Dubai,Dubai International Cricket Stadium,Sunrisers Hyderabad,Chennai Super Kings,Sunrisers Hyderabad,bat,Sunrisers Hyderabad,None,normal,7,0,Normal,PK Garg
1216514,2020/21,2020-10-03,Abu Dhabi,Sheikh Zayed Stadium,Rajasthan Royals,Royal Challengers Bengaluru,Rajasthan Royals,bat,Royal Challengers Bengaluru,None,normal,0,8,Normal,YS Chahal
1216515,2020/21,2020-10-03,Sharjah,Sharjah Cricket Stadium,Delhi Capitals,Kolkata Knight Riders,Kolkata Knight Riders,field,Delhi Capitals,None,normal,18,0,Normal,SS Iyer
1216513,2020/21,2020-10-04,Dubai,Dubai International Cricket Stadium,Punjab Kings,Chennai Super Kings,Punjab Kings,bat,Chennai Super Kings,None,normal,0,10,Normal,SR Watson
1216538,2020/21,2020-10-04,Sharjah,Sharjah Cricket Stadium,Mumbai Indians,Sunrisers Hyderabad,Mumbai Indians,bat,Mumbai Indians,None,normal,34,0,Normal,TA Boult
1216519,2020/21,2020-10-05,Dubai,Dubai International Cricket Stadium,Delhi Capitals,Royal Challengers Bengaluru,Royal Challengers Bengaluru,field,Delhi Capitals,None,normal,59,0,Normal,AR Patel
1216511,2020/21,2020-10-06,Abu Dhabi,Sheikh Zayed Stadium,Mumbai Indians,Rajasthan Royals,Mumbai Indians,bat,Mumbai Indians,None,normal,57,0,Normal,SA Yadav
1216501,2020/21,2020-10-07,Abu Dhabi,Sheikh Zayed Stadium,Kolkata Knight Riders,Chennai Super Kings,Kolkata Knight Riders,bat,Kolkata Knight Riders,None,normal,10,0,Normal,RA Tripathi
1216542,2020/21,2020-10-08,Dubai,Dubai International Cricket Stadium,Sunrisers Hyderabad,Punjab Kings,Sunrisers Hyderabad,bat,Sunrisers Hyderabad,None,normal,69,0,Normal,JM Bairstow
1216500,2020/21,2020-10-09,Sharjah,Sharjah Cricket Stadium,Delhi Capitals,Rajasthan Royals,Rajasthan Royals,field,Delhi Capitals,None,normal,46,0,Normal,R Ashwin
1216523,2020/21,2020-10-10,Abu Dhabi,Sheikh Zayed Stadium,Kolkata Knight Riders,Punjab Kings,Kolkata Knight Riders,bat,Kolkata Knight Riders,None,normal,2,0,Normal,KD Karthik
1216525,2020/21,2020-10-10,Dubai,Dubai International Cricket Stadium,Royal Challengers Bengaluru,Chennai Super Kings,Royal Challengers Bengaluru,bat,Royal Challengers Bengaluru,None,normal,37,0,Normal,V Kohli
1216507,2020/21,2020-10-11,Dubai,Dubai International Cricket Stadium,Sunrisers Hyderabad,Rajasthan Royals,Sunrisers Hyderabad,bat,Rajasthan Royals,None,normal,0,5,Normal,R Tewatia
1216529,2020/21,2020-10-11,Abu Dhabi,Sheikh Zayed Stadium,Delhi Capitals,Mumbai Indians,Delhi Capitals,bat,Mumbai Indians,None,normal,0,5,Normal,Q de Kock
1216540,2020/21,2020-10-12,Sharjah,Sharjah Cricket Stadium,Royal Challengers Bengaluru,Kolkata Knight Riders,Royal Challengers Bengaluru,bat,Royal Challengers Bengaluru,None,normal,82,0,Normal,AB de Villiers
1216528,2020/21,2020-10-13,Dubai,Dubai International Cricket Stadium,Chennai Super Kings,Sunrisers Hyderabad,Chennai Super Kings,bat,Chennai Super Kings,None,normal,20,0,Normal,RA Jadeja
1216543,2020/21,2020-10-14,Dubai,Dubai International Cricket Stadium,Delhi Capitals,Rajasthan Royals,Delhi Capitals,bat,Delhi Capitals,None,normal,13,0,Normal,A Nortje
1216531,2020/21,2020-10-15,Sharjah,Sharjah Cricket Stadium,Royal Challengers Bengaluru,Punjab Kings,Royal Challengers Bengaluru,bat,Punjab Kings,None,normal,0,8,Normal,KL Rahul
1216526,2020/21,2020-10-16,Abu Dhabi,Sheikh Zayed Stadium,Kolkata Knight Riders,Mumbai Indians,Kolkata Knight Riders,bat,Mumbai Indians,None,normal,0,8,Normal,Q de Kock
1216509,2020/21,2020-10-17,Sharjah,Sharjah Cricket Stadium,Chennai Super Kings,Delhi Capitals,Chennai Super Kings,bat,Delhi Capitals,None,normal,0,5,Normal,S Dhawan
1216522,2020/21,2020-10-17,Dubai,Dubai International Cricket Stadium,Rajasthan Royals,Royal Challengers Bengaluru,Rajasthan Royals,bat,Royal Challengers Bengaluru,None,normal,0,7,Normal,AB de Villiers
1216512,2020/21,2020-10-18,Abu Dhabi,Sheikh Zayed Stadium,Kolkata Knight Riders,Sunrisers Hyderabad,Sunrisers Hyderabad,field,Kolkata Knight Riders,Kolkata Knight Riders,tie,0,0,Normal,LH Ferguson
1216517,2020/21,2020-10-18,Dubai,Dubai International Cricket Stadium,Mumbai Indians,Punjab Kings,Mumbai Indians,bat,Punjab Kings,Punjab Kings,tie,0,0,Normal,KL Rahul
1216533,2020/21,2020-10-19,Abu Dhabi,Sheikh Zayed Stadium,Chennai Super Kings,Rajasthan Royals,Chennai Super Kings,bat,Rajasthan Royals,None,normal,0,7,Normal,JC Buttler
1216546,2020/21,2020-10-20,Dubai,Dubai International Cricket Stadium,Delhi Capitals,Punjab Kings,Delhi Capitals,bat,Punjab Kings,None,normal,0,5,Normal,S Dhawan
1216494,2020/21,2020-10-21,Abu Dhabi,Sheikh Zayed Stadium,Kolkata Knight Riders,Royal Challengers Bengaluru,Kolkata Knight Riders,bat,Royal Challengers Bengaluru,None,normal,0,8,Normal,Mohammed Siraj
1216518,2020/21,2020-10-22,Dubai,Dubai International Cricket Stadium,Rajasthan Royals,Sunrisers Hyderabad,Sunrisers Hyderabad,field,Sunrisers Hyderabad,None,normal,0,8,Normal,MK Pandey
1216521,2020/21,2020-10-23,Sharjah,Sharjah Cricket Stadium,Chennai Super Kings,Mumbai Indians,Mumbai Indians,field,Mumbai Indians,None,normal,0,10,Normal,TA Boult
1216497,2020/21,2020-10-24,Abu Dhabi,Sheikh Zayed Stadium,Kolkata Knight Riders,Delhi Capitals,Delhi Capitals,field,Kolkata Knight Riders,None,normal,59,0,Normal,CV Varun
1216498,2020/21,2020-10-24,Dubai,Dubai International Cricket Stadium,Punjab Kings,Sunrisers Hyderabad,Sunrisers Hyderabad,field,Punjab Kings,None,normal,12,0,Normal,CJ Jordan
1216541,2020/21,2020-10-25,Abu Dhabi,Sheikh Zayed Stadium,Mumbai Indians,Rajasthan Royals,Mumbai Indians,bat,Rajasthan Royals,None,normal,0,8,Normal,BA Stokes
1216544,2020/21,2020-10-25,Dubai,Dubai International Cricket Stadium,Royal Challengers Bengaluru,Chennai Super Kings,Royal Challengers Bengaluru,bat,Chennai Super Kings,None,normal,0,8,Normal,RD Gaikwad
1216520,2020/21,2020-10-26,Sharjah,Sharjah Cricket Stadium,Kolkata Knight Riders,Punjab Kings,Punjab Kings,field,Punjab Kings,None,normal,0,8,Normal,CH Gayle
1216524,2020/21,2020-10-27,Dubai,Dubai International Cricket Stadium,Sunrisers Hyderabad,Delhi Capitals,Delhi Capitals,field,Sunrisers Hyderabad,None,normal,88,0,Normal,WP Saha
1216499,2020/21,2020-10-28,Abu Dhabi,Sheikh Zayed Stadium,Royal Challengers Bengaluru,Mumbai Indians,Mumbai Indians,field,Mumbai Indians,None,normal,0,5,Normal,SA Yadav
1216536,2020/21,2020-10-29,Dubai,Dubai International Cricket Stadium,Kolkata Knight Riders,Chennai Super Kings,Chennai Super Kings,field,Chennai Super Kings,None,normal,0,6,Normal,RD Gaikwad
1216537,2020/21,2020-10-30,Abu Dhabi,Sheikh Zayed Stadium,Punjab Kings,Rajasthan Royals,Rajasthan Royals,field,Rajasthan Royals,None,normal,0,7,Normal,BA Stokes
1216502,2020/21,2020-10-31,Sharjah,Sharjah Cricket Stadium,Royal Challengers Bengaluru,Sunrisers Hyderabad,Sunrisers Hyderabad,field,Sunrisers Hyderabad,None,normal,0,5,Normal,Sandeep Sharma
1216535,2020/21,2020-10-31,Dubai,Dubai International Cricket Stadium,Delhi Capitals,Mumbai Indians,Mumbai Indians,field,Mumbai Indians,None,normal,0,9,Normal,Ishan Kishan
1216506,2020/21,2020-11-01,Abu Dhabi,Sheikh Zayed Stadium,Punjab Kings,Chennai Super Kings,Chennai Super Kings,field,Chennai Super Kings,None,normal,0,9,Normal,RD Gaikwad
1216530,2020/21,2020-11-01,Dubai,Dubai International Cricket Stadium,Kolkata Knight Riders,Rajasthan Royals,Rajasthan Royals,field,Kolkata Knight Riders,None,normal,60,0,Normal,PJ Cummins
1216505,2020/21,2020-11-02,Abu Dhabi,Sheikh Zayed Stadium,Royal Challengers Bengaluru,Delhi Capitals,Delhi Capitals,field,Delhi Capitals,None,normal,0,6,Normal,A Nortje
1216495,2020/21,2020-11-03,Sharjah,Sharjah Cricket Stadium,Mumbai Indians,Sunrisers Hyderabad,Sunrisers Hyderabad,field,Sunrisers Hyderabad,None,normal,0,10,Normal,S Nadeem
1237177,2020/21,2020-11-05,Dubai,Dubai International Cricket Stadium,Mumbai Indians,Delhi Capitals,Delhi Capitals,field,Mumbai Indians,None,normal,57,0,Normal,JJ Bumrah
1237178,2020/21,2020-11-06,Abu Dhabi,Sheikh Zayed Stadium,Royal Challengers Bengaluru,Sunrisers Hyderabad,Sunrisers Hyderabad,field,Sunrisers Hyderabad,None,normal,0,6,Normal,KS Williamson
1237180,2020/21,2020-11-08,Abu Dhabi,Sheikh Zayed Stadium,Delhi Capitals,Sunrisers Hyderabad,Delhi Capitals,bat,Delhi Capitals,None,normal,17,0,Normal,MP Stoinis
1237181,2020/21,2020-11-10,Dubai,Dubai International Cricket Stadium,Delhi Capitals,Mumbai Indians,Delhi Capitals,bat,Mumbai Indians,None,normal,0,5,Normal,TA Boult
1254058,2021,2021-04-09,Chennai,MA Chidambaram Stadium,Mumbai Indians,Royal Challengers Bengaluru,Royal Challengers Bengaluru,field,Royal Challengers Bengaluru,None,normal,0,2,Normal,HV Patel
1254059,2021,2021-04-10,Mumbai,Wankhede Stadium,Chennai Super Kings,Delhi Capitals,Delhi Capitals,field,Delhi Capitals,None,normal,0,7,Normal,S Dhawan
1254060,2021,2021-04-11,Chennai,MA Chidambaram Stadium,Kolkata Knight Riders,Sunrisers Hyderabad,Sunrisers Hyderabad,field,Kolkata Knight Riders,None,normal,10,0,Normal,N Rana
1254061,2021,2021-04-12,Mumbai,Wankhede Stadium,Punjab Kings,Rajasthan Royals,Rajasthan Royals,field,Punjab Kings,None,normal,4,0,Normal,SV Samson
1254062,2021,2021-04-13,Chennai,MA Chidambaram Stadium,Mumbai Indians,Kolkata Knight Riders,Kolkata Knight Riders,field,Mumbai Indians,None,normal,10,0,Normal,RD Chahar
1254063,2021,2021-04-14,Chennai,MA Chidambaram Stadium,Royal Challengers Bengaluru,Sunrisers Hyderabad,Sunrisers Hyderabad,field,Royal Challengers Bengaluru,None,normal,6,0,Normal,GJ Maxwell
1254064,2021,2021-04-15,Mumbai,Wankhede Stadium,Delhi Capitals,Rajasthan Royals,Rajasthan Royals,field,Rajasthan Royals,None,normal,0,3,Normal,JD Unadkat
1254065,2021,2021-04-16,Mumbai,Wankhede Stadium,Punjab Kings,Chennai Super Kings,Chennai Super Kings,field,Chennai Super Kings,None,normal,0,6,Normal,DL Chahar
1254066,2021,2021-04-17,Chennai,MA Chidambaram Stadium,Mumbai Indians,Sunrisers Hyderabad,Mumbai Indians,bat,Mumbai Indians,None,normal,13,0,Normal,KA Pollard
1254067,2021,2021-04-18,Chennai,MA Chidambaram Stadium,Royal Challengers Bengaluru,Kolkata Knight Riders,Royal Challengers Bengaluru,bat,Royal Challengers Bengaluru,None,normal,38,0,Normal,AB de Villiers
1254068,2021,2021-04-18,Mumbai,Wankhede Stadium,Punjab Kings,Delhi Capitals,Delhi Capitals,field,Delhi Capitals,None,normal,0,6,Normal,S Dhawan
1254069,2021,2021-04-19,Mumbai,Wankhede Stadium,Chennai Super Kings,Rajasthan Royals,Rajasthan Royals,field,Chennai Super Kings,None,normal,45,0,Normal,MM Ali
1254070,2021,2021-04-20,Chennai,MA Chidambaram Stadium,Mumbai Indians,Delhi Capitals,Mumbai Indians,bat,Delhi Capitals,None,normal,0,6,Normal,A Mishra
1254071,2021,2021-04-21,Chennai,MA Chidambaram Stadium,Punjab Kings,Sunrisers Hyderabad,Punjab Kings,bat,Sunrisers Hyderabad,None,normal,0,9,Normal,JM Bairstow
1254072,2021,2021-04-21,Mumbai,Wankhede Stadium,Chennai Super Kings,Kolkata Knight Riders,Kolkata Knight Riders,field,Chennai Super Kings,None,normal,18,0,Normal,F du Plessis
1254073,2021,2021-04-22,Mumbai,Wankhede Stadium,Rajasthan Royals,Royal Challengers Bengaluru,Royal Challengers Bengaluru,field,Royal Challengers Bengaluru,None,normal,0,10,Normal,D Padikkal
1254074,2021,2021-04-23,Chennai,MA Chidambaram Stadium,Mumbai Indians,Punjab Kings,Punjab Kings,field,Punjab Kings,None,normal,0,9,Normal,KL Rahul
1254075,2021,2021-04-24,Mumbai,Wankhede Stadium,Kolkata Knight Riders,Rajasthan Royals,Rajasthan Royals,field,Rajasthan Royals,None,normal,0,6,Normal,CH Morris
1254076,2021,2021-04-25,Mumbai,Wankhede Stadium,Chennai Super Kings,Royal Challengers Bengaluru,Chennai Super Kings,bat,Chennai Super Kings,None,normal,69,0,Normal,RA Jadeja
1254077,2021,2021-04-25,Chennai,MA Chidambaram Stadium,Delhi Capitals,Sunrisers Hyderabad,Delhi Capitals,bat,Delhi Capitals,Delhi Capitals,tie,0,0,Normal,PP Shaw
1254078,2021,2021-04-26,Ahmedabad,"Narendra Modi Stadium, Ahmedabad",Punjab Kings,Kolkata Knight Riders,Kolkata Knight Riders,field,Kolkata Knight Riders,None,normal,0,5,Normal,EJG Morgan
1254079,2021,2021-04-27,Ahmedabad,"Narendra Modi Stadium, Ahmedabad",Royal Challengers Bengaluru,Delhi Capitals,Delhi Capitals,field,Royal Challengers Bengaluru,None,normal,1,0,Normal,AB de Villiers
1254080,2021,2021-04-28,Delhi,Arun Jaitley Stadium,Sunrisers Hyderabad,Chennai Super Kings,Sunrisers Hyderabad,bat,Chennai Super Kings,None,normal,0,7,Normal,RD Gaikwad
1254081,2021,2021-04-29,Delhi,Arun Jaitley Stadium,Rajasthan Royals,Mumbai Indians,Mumbai Indians,field,Mumbai Indians,None,normal,0,7,Normal,Q de Kock
1254082,2021,2021-04-29,Ahmedabad,"Narendra Modi Stadium, Ahmedabad",Kolkata Knight Riders,Delhi Capitals,Delhi Capitals,field,Delhi Capitals,None,normal,0,7,Normal,PP Shaw
1254083,2021,2021-04-30,Ahmedabad,"Narendra Modi Stadium, Ahmedabad",Punjab Kings,Royal Challengers Bengaluru,Royal Challengers Bengaluru,field,Punjab Kings,None,normal,34,0,Normal,Harpreet Brar
1254084,2021,2021-05-01,Delhi,Arun Jaitley Stadium,Chennai Super Kings,Mumbai Indians,Mumbai Indians,field,Mumbai Indians,None,normal,0,4,Normal,KA Pollard
1254085,2021,2021-05-02,Delhi,Arun Jaitley Stadium,Rajasthan Royals,Sunrisers Hyderabad,Sunrisers Hyderabad,field,Rajasthan Royals,None,normal,55,0,Normal,JC Buttler
1254086,2021,2021-05-02,Ahmedabad,"Narendra Modi Stadium, Ahmedabad",Punjab Kings,Delhi Capitals,Delhi Capitals,field,Delhi Capitals,None,normal,0,7,Normal,MA Agarwal
1254104,2021,2021-09-19,Dubai,Dubai International Cricket Stadium,Chennai Super Kings,Mumbai Indians,Chennai Super Kings,bat,Chennai Super Kings,None,normal,20,0,Normal,RD Gaikwad
1254087,2021,2021-09-20,Abu Dhabi,Sheikh Zayed Stadium,Royal Challengers Bengaluru,Kolkata Knight Riders,Royal Challengers Bengaluru,bat,Kolkata Knight Riders,None,normal,0,9,Normal,CV Varun
1254111,2021,2021-09-21,Dubai,Dubai International Cricket Stadium,Rajasthan Royals,Punjab Kings,Punjab Kings,field,Rajasthan Royals,None,normal,2,0,Normal,Kartik Tyagi
1254105,2021,2021-09-22,Dubai,Dubai International Cricket Stadium,Sunrisers Hyderabad,Delhi Capitals,Sunrisers Hyderabad,bat,Delhi Capitals,None,normal,0,8,Normal,A Nortje
1254096,2021,2021-09-23,Abu Dhabi,Sheikh Zayed Stadium,Mumbai Indians,Kolkata Knight Riders,Kolkata Knight Riders,field,Kolkata Knight Riders,None,normal,0,7,Normal,SP Narine
1254113,2021,2021-09-24,Sharjah,Sharjah Cricket Stadium,Royal Challengers Bengaluru,Chennai Super Kings,Chennai Super Kings,field,Chennai Super Kings,None,normal,0,6,Normal,DJ Bravo
1254097,2021,2021-09-25,Abu Dhabi,Sheikh Zayed Stadium,Delhi Capitals,Rajasthan Royals,Rajasthan Royals,field,Delhi Capitals,None,normal,33,0,Normal,SS Iyer
1254107,2021,2021-09-25,Sharjah,Sharjah Cricket Stadium,Punjab Kings,Sunrisers Hyderabad,Sunrisers Hyderabad,field,Punjab Kings,None,normal,5,0,Normal,JO Holder
1254098,2021,2021-09-26,Abu Dhabi,Sheikh Zayed Stadium,Kolkata Knight Riders,Chennai Super Kings,Kolkata Knight Riders,bat,Chennai Super Kings,None,normal,0,2,Normal,RA Jadeja
1254108,2021,2021-09-26,Dubai,Dubai International Cricket Stadium,Royal Challengers Bengaluru,Mumbai Indians,Mumbai Indians,field,Royal Challengers Bengaluru,None,normal,54,0,Normal,GJ Maxwell
1254100,2021,2021-09-27,Dubai,Dubai International Cricket Stadium,Rajasthan Royals,Sunrisers Hyderabad,Rajasthan Royals,bat,Sunrisers Hyderabad,None,normal,0,7,Normal,JJ Roy
1254092,2021,2021-09-28,Sharjah,Sharjah Cricket Stadium,Delhi Capitals,Kolkata Knight Riders,Kolkata Knight Riders,field,Kolkata Knight Riders,None,normal,0,3,Normal,SP Narine
1254099,2021,2021-09-28,Abu Dhabi,Sheikh Zayed Stadium,Punjab Kings,Mumbai Indians,Mumbai Indians,field,Mumbai Indians,None,normal,0,6,Normal,KA Pollard
1254103,2021,2021-09-29,Dubai,Dubai International Cricket Stadium,Rajasthan Royals,Royal Challengers Bengaluru,Royal Challengers Bengaluru,field,Royal Challengers Bengaluru,None,normal,0,7,Normal,YS Chahal
1254091,2021,2021-09-30,Sharjah,Sharjah Cricket Stadium,Sunrisers Hyderabad,Chennai Super Kings,Chennai Super Kings,field,Chennai Super Kings,None,normal,0,6,Normal,JR Hazlewood
1254102,2021,2021-10-01,Dubai,Dubai International Cricket Stadium,Kolkata Knight Riders,Punjab Kings,Punjab Kings,field,Punjab Kings,None,normal,0,5,Normal,KL Rahul
1254089,2021,2021-10-02,Abu Dhabi,Sheikh Zayed Stadium,Chennai Super Kings,Rajasthan Royals,Rajasthan Royals,field,Rajasthan Royals,None,normal,0,7,Normal,RD Gaikwad
1254112,2021,2021-10-02,Sharjah,Sharjah Cricket Stadium,Mumbai Indians,Delhi Capitals,Delhi Capitals,field,Delhi Capitals,None,normal,0,4,Normal,AR Patel
1254090,2021,2021-10-03,Sharjah,Sharjah Cricket Stadium,Royal Challengers Bengaluru,Punjab Kings,Royal Challengers Bengaluru,bat,Royal Challengers Bengaluru,None,normal,6,0,Normal,GJ Maxwell
1254109,2021,2021-10-03,Dubai,Dubai International Cricket Stadium,Sunrisers Hyderabad,Kolkata Knight Riders,Sunrisers Hyderabad,bat,Kolkata Knight Riders,None,normal,0,6,Normal,Shubman Gill
1254110,2021,2021-10-04,Dubai,Dubai International Cricket Stadium,Chennai Super Kings,Delhi Capitals,Delhi Capitals,field,Delhi Capitals,None,normal,0,3,Normal,AR Patel
1254093,2021,2021-10-05,Sharjah,Sharjah Cricket Stadium,Rajasthan Royals,Mumbai Indians,Mumbai Indians,field,Mumbai Indians,None,normal,0,8,Normal,NM Coulter-Nile
1254095,2021,2021-10-06,Abu Dhabi,Sheikh Zayed Stadium,Sunrisers Hyderabad,Royal Challengers Bengaluru,Royal Challengers Bengaluru,field,Sunrisers Hyderabad,None,normal,4,0,Normal,KS Williamson
1254094,2021,2021-10-07,Dubai,Dubai International Cricket Stadium,Chennai Super Kings,Punjab Kings,Punjab Kings,field,Punjab Kings,None,normal,0,6,Normal,KL Rahul
1254106,2021,2021-10-07,Sharjah,Sharjah Cricket Stadium,Kolkata Knight Riders,Rajasthan Royals,Rajasthan Royals,field,Kolkata Knight Riders,None,normal,86,0,Normal,Shivam Mavi
1254088,2021,2021-10-08,Abu Dhabi,Sheikh Zayed Stadium,Mumbai Indians,Sunrisers Hyderabad,Mumbai Indians,bat,Mumbai Indians,None,normal,42,0,Normal,Ishan Kishan
1254101,2021,2021-10-08,Dubai,Dubai International Cricket Stadium,Delhi Capitals,Royal Challengers Bengaluru,Royal Challengers Bengaluru,field,Royal Challengers Bengaluru,None,normal,0,7,Normal,KS Bharat
1254114,2021,2021-10-10,Dubai,Dubai International Cricket Stadium,Delhi Capitals,Chennai Super Kings,Chennai Super Kings,field,Chennai Super Kings,None,normal,0,4,Normal,RD Gaikwad
1254115,2021,2021-10-11,Sharjah,Sharjah Cricket Stadium,Royal Challengers Bengaluru,Kolkata Knight Riders,Royal Challengers Bengaluru,bat,Kolkata Knight Riders,None,normal,0,4,Normal,SP Narine
1254116,2021,2021-10-13,Sharjah,Sharjah Cricket Stadium,Delhi Capitals,Kolkata Knight Riders,Kolkata Knight Riders,field,Kolkata Knight Riders,None,normal,0,3,Normal,VR Iyer
1254117,2021,2021-10-15,Dubai,Dubai International Cricket Stadium,Chennai Super Kings,Kolkata Knight Riders,Kolkata Knight Riders,field,Chennai Super Kings,None,normal,27,0,Normal,F du Plessis
1304047,2022,2022-03-26,Mumbai,Wankhede Stadium,Chennai Super Kings,Kolkata Knight Riders,Kolkata Knight Riders,field,Kolkata Knight Riders,None,normal,0,6,Normal,UT Yadav
1304048,2022,2022-03-27,Mumbai,Brabourne Stadium,Mumbai Indians,Delhi Capitals,Delhi Capitals,field,Delhi Capitals,None,normal,0,4,Normal,Kuldeep Yadav
1304049,2022,2022-03-27,Mumbai,Dr DY Patil Sports Academy,Royal Challengers Bengaluru,Punjab Kings,Punjab Kings,field,Punjab Kings,None,normal,0,5,Normal,OF Smith
1304050,2022,2022-03-28,Mumbai,Wankhede Stadium,Lucknow Super Giants,Gujarat Titans,Gujarat Titans,field,Gujarat Titans,None,normal,0,5,Normal,Mohammed Shami
1304051,2022,2022-03-29,Pune,Maharashtra Cricket Association Stadium,Rajasthan Royals,Sunrisers Hyderabad,Sunrisers Hyderabad,field,Rajasthan Royals,None,normal,61,0,Normal,SV Samson
1304052,2022,2022-03-30,Mumbai,Dr DY Patil Sports Academy,Kolkata Knight Riders,Royal Challengers Bengaluru,Royal Challengers Bengaluru,field,Royal Challengers Bengaluru,None,normal,0,3,Normal,PWH de Silva
1304053,2022,2022-03-31,Mumbai,Brabourne Stadium,Chennai Super Kings,Lucknow Super Giants,Lucknow Super Giants,field,Lucknow Super Giants,None,normal,0,6,Normal,E Lewis
1304054,2022,2022-04-01,Mumbai,Wankhede Stadium,Punjab Kings,Kolkata Knight Riders,Kolkata Knight Riders,field,Kolkata Knight Riders,None,normal,0,6,Normal,UT Yadav
1304055,2022,2022-04-02,Mumbai,Dr DY Patil Sports Academy,Rajasthan Royals,Mumbai Indians,Mumbai Indians,field,Rajasthan Royals,None,normal,23,0,Normal,JC Buttler
1304056,2022,2022-04-02,Pune,Maharashtra Cricket Association Stadium,Gujarat Titans,Delhi Capitals,Delhi Capitals,field,Gujarat Titans,None,normal,14,0,Normal,LH Ferguson
1304057,2022,2022-04-03,Mumbai,Brabourne Stadium,Punjab Kings,Chennai Super Kings,Chennai Super Kings,field,Punjab Kings,None,normal,54,0,Normal,LS Livingstone
1304058,2022,2022-04-04,Mumbai,Dr DY Patil Sports Academy,Lucknow Super Giants,Sunrisers Hyderabad,Sunrisers Hyderabad,field,Lucknow Super Giants,None,normal,12,0,Normal,Avesh Khan
1304059,2022,2022-04-05,Mumbai,Wankhede Stadium,Rajasthan Royals,Royal Challengers Bengaluru,Royal Challengers Bengaluru,field,Royal Challengers Bengaluru,None,normal,0,4,Normal,KD Karthik
1304060,2022,2022-04-06,Pune,Maharashtra Cricket Association Stadium,Mumbai Indians,Kolkata Knight Riders,Kolkata Knight Riders,field,Kolkata Knight Riders,None,normal,0,5,Normal,PJ Cummins
1304061,2022,2022-04-07,Mumbai,Dr DY Patil Sports Academy,Delhi Capitals,Lucknow Super Giants,Lucknow Super Giants,field,Lucknow Super Giants,None,normal,0,6,Normal,Q de Kock
1304062,2022,2022-04-08,Mumbai,Brabourne Stadium,Punjab Kings,Gujarat Titans,Gujarat Titans,field,Gujarat Titans,None,normal,0,6,Normal,Shubman Gill
1304063,2022,2022-04-09,Mumbai,Dr DY Patil Sports Academy,Chennai Super Kings,Sunrisers Hyderabad,Sunrisers Hyderabad,field,Sunrisers Hyderabad,None,normal,0,8,Normal,Abhishek Sharma
1304064,2022,2022-04-09,Pune,Maharashtra Cricket Association Stadium,Mumbai Indians,Royal Challengers Bengaluru,Royal Challengers Bengaluru,field,Royal Challengers Bengaluru,None,normal,0,7,Normal,Anuj Rawat
1304065,2022,2022-04-10,Mumbai,Brabourne Stadium,Delhi Capitals,Kolkata Knight Riders,Kolkata Knight Riders,field,Delhi Capitals,None,normal,44,0,Normal,Kuldeep Yadav
1304066,2022,2022-04-10,Mumbai,Wankhede Stadium,Rajasthan Royals,Lucknow Super Giants,Lucknow Super Giants,field,Rajasthan Royals,None,normal,3,0,Normal,YS Chahal
1304067,2022,2022-04-11,Mumbai,Dr DY Patil Sports Academy,Gujarat Titans,Sunrisers Hyderabad,Sunrisers Hyderabad,field,Sunrisers Hyderabad,None,normal,0,8,Normal,KS Williamson
1304068,2022,2022-04-12,Mumbai,Dr DY Patil Sports Academy,Chennai Super Kings,Royal Challengers Bengaluru,Royal Challengers Bengaluru,field,Chennai Super Kings,None,normal,23,0,Normal,S Dube
1304069,2022,2022-04-13,Pune,Maharashtra Cricket Association Stadium,Punjab Kings,Mumbai Indians,Mumbai Indians,field,Punjab Kings,None,normal,12,0,Normal,MA Agarwal
1304070,2022,2022-04-14,Mumbai,Dr DY Patil Sports Academy,Gujarat Titans,Rajasthan Royals,Rajasthan Royals,field,Gujarat Titans,None,normal,37,0,Normal,HH Pandya
1304071,2022,2022-04-15,Mumbai,Brabourne Stadium,Kolkata Knight Riders,Sunrisers Hyderabad,Sunrisers Hyderabad,field,Sunrisers Hyderabad,None,normal,0,7,Normal,RA Tripathi
1304072,2022,2022-04-16,Mumbai,Brabourne Stadium,Lucknow Super Giants,Mumbai Indians,Mumbai Indians,field,Lucknow Super Giants,None,normal,18,0,Normal,KL Rahul
1304073,2022,2022-04-16,Mumbai,Wankhede Stadium,Royal Challengers Bengaluru,Delhi Capitals,Delhi Capitals,field,Royal Challengers Bengaluru,None,normal,16,0,Normal,KD Karthik
1304074,2022,2022-04-17,Mumbai,Dr DY Patil Sports Academy,Punjab Kings,Sunrisers Hyderabad,Sunrisers Hyderabad,field,Sunrisers Hyderabad,None,normal,0,7,Normal,Umran Malik
1304075,2022,2022-04-17,Pune,Maharashtra Cricket Association Stadium,Chennai Super Kings,Gujarat Titans,Gujarat Titans,field,Gujarat Titans,None,normal,0,3,Normal,DA Miller
1304076,2022,2022-04-18,Mumbai,Brabourne Stadium,Rajasthan Royals,Kolkata Knight Riders,Kolkata Knight Riders,field,Rajasthan Royals,None,normal,7,0,Normal,YS Chahal
1304077,2022,2022-04-19,Mumbai,Dr DY Patil Sports Academy,Royal Challengers Bengaluru,Lucknow Super Giants,Lucknow Super Giants,field,Royal Challengers Bengaluru,None,normal,18,0,Normal,F du Plessis
1304078,2022,2022-04-20,Mumbai,Brabourne Stadium,Punjab Kings,Delhi Capitals,Delhi Capitals,field,Delhi Capitals,None,normal,0,9,Normal,Kuldeep Yadav
1304079,2022,2022-04-21,Navi Mumbai,Dr DY Patil Sports Academy,Mumbai Indians,Chennai Super Kings,Chennai Super Kings,field,Chennai Super Kings,None,normal,0,3,Normal,Mukesh Choudhary
1304080,2022,2022-04-22,Mumbai,Wankhede Stadium,Rajasthan Royals,Delhi Capitals,Delhi Capitals,field,Rajasthan Royals,None,normal,15,0,Normal,JC Buttler
1304081,2022,2022-04-23,Navi Mumbai,Dr DY Patil Sports Academy,Gujarat Titans,Kolkata Knight Riders,Gujarat Titans,bat,Gujarat Titans,None,normal,8,0,Normal,Rashid Khan
1304082,2022,2022-04-23,Mumbai,Brabourne Stadium,Royal Challengers Bengaluru,Sunrisers Hyderabad,Sunrisers Hyderabad,field,Sunrisers Hyderabad,None,normal,0,9,Normal,M Jansen
1304083,2022,2022-04-24,Mumbai,Wankhede Stadium,Lucknow Super Giants,Mumbai Indians,Mumbai Indians,field,Lucknow Super Giants,None,normal,36,0,Normal,KL Rahul
1304084,2022,2022-04-25,Mumbai,Wankhede Stadium,Punjab Kings,Chennai Super Kings,Chennai Super Kings,field,Punjab Kings,None,normal,11,0,Normal,S Dhawan
1304085,2022,2022-04-26,Pune,Maharashtra Cricket Association Stadium,Rajasthan Royals,Royal Challengers Bengaluru,Royal Challengers Bengaluru,field,Rajasthan Royals,None,normal,29,0,Normal,R Parag
1304086,2022,2022-04-27,Mumbai,Wankhede Stadium,Sunrisers Hyderabad,Gujarat Titans,Gujarat Titans,field,Gujarat Titans,None,normal,0,5,Normal,Umran Malik
1304087,2022,2022-04-28,Mumbai,Wankhede Stadium,Kolkata Knight Riders,Delhi Capitals,Delhi Capitals,field,Delhi Capitals,None,normal,0,4,Normal,Kuldeep Yadav
1304088,2022,2022-04-29,Pune,Maharashtra Cricket Association Stadium,Lucknow Super Giants,Punjab Kings,Punjab Kings,field,Lucknow Super Giants,None,normal,20,0,Normal,KH Pandya
1304089,2022,2022-04-30,Mumbai,Brabourne Stadium,Royal Challengers Bengaluru,Gujarat Titans,Royal Challengers Bengaluru,bat,Gujarat Titans,None,normal,0,6,Normal,R Tewatia
1304090,2022,2022-04-30,Navi Mumbai,Dr DY Patil Sports Academy,Rajasthan Royals,Mumbai Indians,Mumbai Indians,field,Mumbai Indians,None,normal,0,5,Normal,SA Yadav
1304091,2022,2022-05-01,Mumbai,Wankhede Stadium,Lucknow Super Giants,Delhi Capitals,Lucknow Super Giants,bat,Lucknow Super Giants,None,normal,6,0,Normal,Mohsin Khan
1304092,2022,2022-05-01,Pune,Maharashtra Cricket Association Stadium,Chennai Super Kings,Sunrisers Hyderabad,Sunrisers Hyderabad,field,Chennai Super Kings,None,normal,13,0,Normal,RD Gaikwad
1304093,2022,2022-05-02,Mumbai,Wankhede Stadium,Rajasthan Royals,Kolkata Knight Riders,Kolkata Knight Riders,field,Kolkata Knight Riders,None,normal,0,7,Normal,RK Singh
1304094,2022,2022-05-03,Navi Mumbai,Dr DY Patil Sports Academy,Gujarat Titans,Punjab Kings,Gujarat Titans,bat,Punjab Kings,None,normal,0,8,Normal,K Rabada
1304095,2022,2022-05-04,Pune,Maharashtra Cricket Association Stadium,Royal Challengers Bengaluru,Chennai Super Kings,Chennai Super Kings,field,Royal Challengers Bengaluru,None,normal,13,0,Normal,HV Patel
1304096,2022,2022-05-05,Mumbai,Brabourne Stadium,Delhi Capitals,Sunrisers Hyderabad,Sunrisers Hyderabad,field,Delhi Capitals,None,normal,21,0,Normal,DA Warner
1304097,2022,2022-05-06,Mumbai,Brabourne Stadium,Mumbai Indians,Gujarat Titans,Gujarat Titans,field,Mumbai Indians,None,normal,5,0,Normal,TH David
1304098,2022,2022-05-07,Mumbai,Wankhede Stadium,Punjab Kings,Rajasthan Royals,Punjab Kings,bat,Rajasthan Royals,None,normal,0,6,Normal,YBK Jaiswal
1304099,2022,2022-05-07,Pune,Maharashtra Cricket Association Stadium,Lucknow Super Giants,Kolkata Knight Riders,Kolkata Knight Riders,field,Lucknow Super Giants,None,normal,75,0,Normal,Avesh Khan
1304100,2022,2022-05-08,Mumbai,Wankhede Stadium,Royal Challengers Bengaluru,Sunrisers Hyderabad,Royal Challengers Bengaluru,bat,Royal Challengers Bengaluru,None,normal,67,0,Normal,PWH de Silva
1304101,2022,2022-05-08,Navi Mumbai,Dr DY Patil Sports Academy,Chennai Super Kings,Delhi Capitals,Delhi Capitals,field,Chennai Super Kings,None,normal,91,0,Normal,DP Conway
1304102,2022,2022-05-09,Navi Mumbai,Dr DY Patil Sports Academy,Kolkata Knight Riders,Mumbai Indians,Mumbai Indians,field,Kolkata Knight Riders,None,normal,52,0,Normal,JJ Bumrah
1304103,2022,2022-05-10,Pune,Maharashtra Cricket Association Stadium,Gujarat Titans,Lucknow Super Giants,Gujarat Titans,bat,Gujarat Titans,None,normal,62,0,Normal,Shubman Gill
1304104,2022,2022-05-11,Navi Mumbai,Dr DY Patil Sports Academy,Rajasthan Royals,Delhi Capitals,Delhi Capitals,field,Delhi Capitals,None,normal,0,8,Normal,MR Marsh
1304105,2022,2022-05-12,Mumbai,Wankhede Stadium,Chennai Super Kings,Mumbai Indians,Mumbai Indians,field,Mumbai Indians,None,normal,0,5,Normal,DR Sams
1304106,2022,2022-05-13,Mumbai,Brabourne Stadium,Punjab Kings,Royal Challengers Bengaluru,Royal Challengers Bengaluru,field,Punjab Kings,None,normal,54,0,Normal,JM Bairstow
1304107,2022,2022-05-14,Pune,Maharashtra Cricket Association Stadium,Kolkata Knight Riders,Sunrisers Hyderabad,Kolkata Knight Riders,bat,Kolkata Knight Riders,None,normal,54,0,Normal,AD Russell
1304108,2022,2022-05-15,Mumbai,Wankhede Stadium,Chennai Super Kings,Gujarat Titans,Chennai Super Kings,bat,Gujarat Titans,None,normal,0,7,Normal,WP Saha
1304109,2022,2022-05-15,Mumbai,Brabourne Stadium,Rajasthan Royals,Lucknow Super Giants,Rajasthan Royals,bat,Rajasthan Royals,None,normal,24,0,Normal,TA Boult
1304110,2022,2022-05-16,Navi Mumbai,Dr DY Patil Sports Academy,Delhi Capitals,Punjab Kings,Punjab Kings,field,Delhi Capitals,None,normal,17,0,Normal,SN Thakur
1304111,2022,2022-05-17,Mumbai,Wankhede Stadium,Sunrisers Hyderabad,Mumbai Indians,Mumbai Indians,field,Sunrisers Hyderabad,None,normal,3,0,Normal,RA Tripathi
1304112,2022,2022-05-18,Navi Mumbai,Dr DY Patil Sports Academy,Lucknow Super Giants,Kolkata Knight Riders,Lucknow Super Giants,bat,Lucknow Super Giants,None,normal,2,0,Normal,Q de Kock
1304113,2022,2022-05-19,Mumbai,Wankhede Stadium,Gujarat Titans,Royal Challengers Bengaluru,Gujarat Titans,bat,Royal Challengers Bengaluru,None,normal,0,8,Normal,V Kohli
1304114,2022,2022-05-20,Mumbai,Brabourne Stadium,Chennai Super Kings,Rajasthan Royals,Chennai Super Kings,bat,Rajasthan Royals,None,normal,0,5,Normal,R Ashwin
1304115,2022,2022-05-21,Mumbai,Wankhede Stadium,Delhi Capitals,Mumbai Indians,Mumbai Indians,field,Mumbai Indians,None,normal,0,5,Normal,JJ Bumrah
1304116,2022,2022-05-22,Mumbai,Wankhede Stadium,Sunrisers Hyderabad,Punjab Kings,Sunrisers Hyderabad,bat,Punjab Kings,None,normal,0,5,Normal,Harpreet Brar
1312197,2022,2022-05-24,Kolkata,Eden Gardens,Rajasthan Royals,Gujarat Titans,Gujarat Titans,field,Gujarat Titans,None,normal,0,7,Normal,DA Miller
1312198,2022,2022-05-25,Kolkata,Eden Gardens,Royal Challengers Bengaluru,Lucknow Super Giants,Lucknow Super Giants,field,Royal Challengers Bengaluru,None,normal,14,0,Normal,RM Patidar
1312199,2022,2022-05-27,Ahmedabad,"Narendra Modi Stadium, Ahmedabad",Royal Challengers Bengaluru,Rajasthan Royals,Rajasthan Royals,field,Rajasthan Royals,None,normal,0,7,Normal,JC Buttler
1312200,2022,2022-05-29,Ahmedabad,"Narendra Modi Stadium, Ahmedabad",Rajasthan Royals,Gujarat Titans,Rajasthan Royals,bat,Gujarat Titans,None,normal,0,7,Normal,HH Pandya
1359475,2023,2023-03-31,Ahmedabad,"Narendra Modi Stadium, Ahmedabad",Chennai Super Kings,Gujarat Titans,Gujarat Titans,field,Gujarat Titans,None,normal,0,5,Normal,Rashid Khan
1359476,2023,2023-04-01,Chandigarh,Punjab Cricket Association IS Bindra Stadium,Punjab Kings,Kolkata Knight Riders,Kolkata Knight Riders,field,Punjab Kings,None,normal,7,0,D/L,Arshdeep Singh
1359477,2023,2023-04-01,Lucknow,"Bharat Ratna Shri Atal Bihari Vajpayee Ekana Cricket Stadium, Lucknow",Lucknow Super Giants,Delhi Capitals,Delhi Capitals,field,Lucknow Super Giants,None,normal,50,0,Normal,MA Wood
1359478,2023,2023-04-02,Hyderabad,Rajiv Gandhi International Stadium,Rajasthan Royals,Sunrisers Hyderabad,Sunrisers Hyderabad,field,Rajasthan Royals,None,normal,72,0,Normal,JC Buttler
1359479,2023,2023-04-02,Bengaluru,M Chinnaswamy Stadium,Mumbai Indians,Royal Challengers Bengaluru,Royal Challengers Bengaluru,field,Royal Challengers Bengaluru,None,normal,0,8,Normal,F du Plessis
1359480,2023,2023-04-03,Chennai,MA Chidambaram Stadium,Chennai Super Kings,Lucknow Super Giants,Lucknow Super Giants,field,Chennai Super Kings,None,normal,12,0,Normal,MM Ali
1359481,2023,2023-04-04,Delhi,Arun Jaitley Stadium,Delhi Capitals,Gujarat Titans,Gujarat Titans,field,Gujarat Titans,None,normal,0,6,Normal,B Sai Sudharsan
1359482,2023,2023-04-05,Guwahati,"Barsapara Cricket Stadium, Guwahati",Punjab Kings,Rajasthan Royals,Rajasthan Royals,field,Punjab Kings,None,normal,5,0,Normal,NT Ellis
1359483,2023,2023-04-06,Kolkata,Eden Gardens,Kolkata Knight Riders,Royal Challengers Bengaluru,Royal Challengers Bengaluru,field,Kolkata Knight Riders,None,normal,81,0,Normal,SN Thakur
1359484,2023,2023-04-07,Lucknow,"Bharat Ratna Shri Atal Bihari Vajpayee Ekana Cricket Stadium, Lucknow",Sunrisers Hyderabad,Lucknow Super Giants,Sunrisers Hyderabad,bat,Lucknow Super Giants,None,normal,0,5,Normal,KH Pandya
1359485,2023,2023-04-08,Guwahati,"Barsapara Cricket Stadium, Guwahati",Rajasthan Royals,Delhi Capitals,Delhi Capitals,field,Rajasthan Royals,None,normal,57,0,Normal,YBK Jaiswal
1359486,2023,2023-04-08,Mumbai,Wankhede Stadium,Mumbai Indians,Chennai Super Kings,Chennai Super Kings,field,Chennai Super Kings,None,normal,0,7,Normal,RA Jadeja
1359487,2023,2023-04-09,Ahmedabad,"Narendra Modi Stadium, Ahmedabad",Gujarat Titans,Kolkata Knight Riders,Gujarat Titans,bat,Kolkata Knight Riders,None,normal,0,3,Normal,RK Singh
1359488,2023,2023-04-09,Hyderabad,Rajiv Gandhi International Stadium,Punjab Kings,Sunrisers Hyderabad,Sunrisers Hyderabad,field,Sunrisers Hyderabad,None,normal,0,8,Normal,S Dhawan
1359489,2023,2023-04-10,Bengaluru,M Chinnaswamy Stadium,Royal Challengers Bengaluru,Lucknow Super Giants,Lucknow Super Giants,field,Lucknow Super Giants,None,normal,0,1,Normal,N Pooran
1359490,2023,2023-04-11,Delhi,Arun Jaitley Stadium,Delhi Capitals,Mumbai Indians,Mumbai Indians,field,Mumbai Indians,None,normal,0,6,Normal,RG Sharma
1359491,2023,2023-04-12,Chennai,MA Chidambaram Stadium,Rajasthan Royals,Chennai Super Kings,Chennai Super Kings,field,Rajasthan Royals,None,normal,3,0,Normal,R Ashwin
1359492,2023,2023-04-13,Chandigarh,Punjab Cricket Association IS Bindra Stadium,Punjab Kings,Gujarat Titans,Gujarat Titans,field,Gujarat Titans,None,normal,0,6,Normal,MM Sharma
1359493,2023,2023-04-14,Kolkata,Eden Gardens,Sunrisers Hyderabad,Kolkata Knight Riders,Kolkata Knight Riders,field,Sunrisers Hyderabad,None,normal,23,0,Normal,HC Brook
1359494,2023,2023-04-15,Bengaluru,M Chinnaswamy Stadium,Royal Challengers Bengaluru,Delhi Capitals,Delhi Capitals,field,Royal Challengers Bengaluru,None,normal,23,0,Normal,V Kohli
1359495,2023,2023-04-15,Lucknow,"Bharat Ratna Shri Atal Bihari Vajpayee Ekana Cricket Stadium, Lucknow",Lucknow Super Giants,Punjab Kings,Punjab Kings,field,Punjab Kings,None,normal,0,2,Normal,Sikandar Raza
1359496,2023,2023-04-16,Mumbai,Wankhede Stadium,Kolkata Knight Riders,Mumbai Indians,Mumbai Indians,field,Mumbai Indians,None,normal,0,5,Normal,VR Iyer
1359497,2023,2023-04-16,Ahmedabad,"Narendra Modi Stadium, Ahmedabad",Gujarat Titans,Rajasthan Royals,Rajasthan Royals,field,Rajasthan Royals,None,normal,0,3,Normal,SO Hetmyer
1359498,2023,2023-04-17,Bengaluru,M Chinnaswamy Stadium,Chennai Super Kings,Royal Challengers Bengaluru,Royal Challengers Bengaluru,field,Chennai Super Kings,None,normal,8,0,Normal,DP Conway
1359499,2023,2023-04-18,Hyderabad,Rajiv Gandhi International Stadium,Mumbai Indians,Sunrisers Hyderabad,Sunrisers Hyderabad,field,Mumbai Indians,None,normal,14,0,Normal,C Green
1359500,2023,2023-04-19,Jaipur,Sawai Mansingh Stadium,Lucknow Super Giants,Rajasthan Royals,Rajasthan Royals,field,Lucknow Super Giants,None,normal,10,0,Normal,MP Stoinis
1359501,2023,2023-04-20,Chandigarh,Punjab Cricket Association IS Bindra Stadium,Royal Challengers Bengaluru,Punjab Kings,Punjab Kings,field,Royal Challengers Bengaluru,None,normal,24,0,Normal,Mohammed Siraj
1359502,2023,2023-04-20,Delhi,Arun Jaitley Stadium,Kolkata Knight Riders,Delhi Capitals,Delhi Capitals,field,Delhi Capitals,None,normal,0,4,Normal,I Sharma
1359503,2023,2023-04-21,Chennai,MA Chidambaram Stadium,Sunrisers Hyderabad,Chennai Super Kings,Chennai Super Kings,field,Chennai Super Kings,None,normal,0,7,Normal,RA Jadeja
1359504,2023,2023-04-22,Lucknow,"Bharat Ratna Shri Atal Bihari Vajpayee Ekana Cricket Stadium, Lucknow",Gujarat Titans,Lucknow Super Giants,Gujarat Titans,bat,Gujarat Titans,None,normal,7,0,Normal,MM Sharma
1359505,2023,2023-04-22,Mumbai,Wankhede Stadium,Punjab Kings,Mumbai Indians,Mumbai Indians,field,Punjab Kings,None,normal,13,0,Normal,SM Curran
1359506,2023,2023-04-23,Bengaluru,M Chinnaswamy Stadium,Royal Challengers Bengaluru,Rajasthan Royals,Rajasthan Royals,field,Royal Challengers Bengaluru,None,normal,7,0,Normal,GJ Maxwell
1359507,2023,2023-04-23,Kolkata,Eden Gardens,Chennai Super Kings,Kolkata Knight Riders,Kolkata Knight Riders,field,Chennai Super Kings,None,normal,49,0,Normal,AM Rahane
1359508,2023,2023-04-24,Hyderabad,Rajiv Gandhi International Stadium,Delhi Capitals,Sunrisers Hyderabad,Delhi Capitals,bat,Delhi Capitals,None,normal,7,0,Normal,AR Patel
1359509,2023,2023-04-25,Ahmedabad,"Narendra Modi Stadium, Ahmedabad",Gujarat Titans,Mumbai Indians,Mumbai Indians,field,Gujarat Titans,None,normal,55,0,Normal,A Manohar
1359510,2023,2023-04-26,Bengaluru,M Chinnaswamy Stadium,Kolkata Knight Riders,Royal Challengers Bengaluru,Royal Challengers Bengaluru,field,Kolkata Knight Riders,None,normal,21,0,Normal,CV Varun
1359511,2023,2023-04-27,Jaipur,Sawai Mansingh Stadium,Rajasthan Royals,Chennai Super Kings,Rajasthan Royals,bat,Rajasthan Royals,None,normal,32,0,Normal,YBK Jaiswal
1359512,2023,2023-04-28,Chandigarh,Punjab Cricket Association IS Bindra Stadium,Lucknow Super Giants,Punjab Kings,Punjab Kings,field,Lucknow Super Giants,None,normal,56,0,Normal,MP Stoinis
1359513,2023,2023-04-29,Kolkata,Eden Gardens,Kolkata Knight Riders,Gujarat Titans,Gujarat Titans,field,Gujarat Titans,None,normal,0,7,Normal,J Little
1359514,2023,2023-04-29,Delhi,Arun Jaitley Stadium,Sunrisers Hyderabad,Delhi Capitals,Sunrisers Hyderabad,bat,Sunrisers Hyderabad,None,normal,9,0,Normal,MR Marsh
1359515,2023,2023-04-30,Chennai,MA Chidambaram Stadium,Chennai Super Kings,Punjab Kings,Chennai Super Kings,bat,Punjab Kings,None,normal,0,4,Normal,DP Conway
1359516,2023,2023-04-30,Mumbai,Wankhede Stadium,Rajasthan Royals,Mumbai Indians,Rajasthan Royals,bat,Mumbai Indians,None,normal,0,6,Normal,YBK Jaiswal
1359517,2023,2023-05-01,Lucknow,"Bharat Ratna Shri Atal Bihari Vajpayee Ekana Cricket Stadium, Lucknow",Royal Challengers Bengaluru,Lucknow Super Giants,Royal Challengers Bengaluru,bat,Royal Challengers Bengaluru,None,normal,18,0,Normal,F du Plessis
1359518,2023,2023-05-02,Ahmedabad,"Narendra Modi Stadium, Ahmedabad",Delhi Capitals,Gujarat Titans,Delhi Capitals,bat,Delhi Capitals,None,normal,5,0,Normal,Mohammed Shami
1359520,2023,2023-05-03,Chandigarh,Punjab Cricket Association IS Bindra Stadium,Punjab Kings,Mumbai Indians,Mumbai Indians,field,Mumbai Indians,None,normal,0,6,Normal,Ishan Kishan
1359521,2023,2023-05-04,Hyderabad,Rajiv Gandhi International Stadium,Kolkata Knight Riders,Sunrisers Hyderabad,Kolkata Knight Riders,bat,Kolkata Knight Riders,None,normal,5,0,Normal,CV Varun
1359522,2023,2023-05-05,Jaipur,Sawai Mansingh Stadium,Rajasthan Royals,Gujarat Titans,Rajasthan Royals,bat,Gujarat Titans,None,normal,0,9,Normal,Rashid Khan
1359523,2023,2023-05-06,Chennai,MA Chidambaram Stadium,Mumbai Indians,Chennai Super Kings,Chennai Super Kings,field,Chennai Super Kings,None,normal,0,6,Normal,M Pathirana
1359524,2023,2023-05-06,Delhi,Arun Jaitley Stadium,Royal Challengers Bengaluru,Delhi Capitals,Royal Challengers Bengaluru,bat,Delhi Capitals,None,normal,0,7,Normal,PD Salt
1359525,2023,2023-05-07,Ahmedabad,"Narendra Modi Stadium, Ahmedabad",Gujarat Titans,Lucknow Super Giants,Lucknow Super Giants,field,Gujarat Titans,None,normal,56,0,Normal,Shubman Gill
1359526,2023,2023-05-07,Jaipur,Sawai Mansingh Stadium,Rajasthan Royals,Sunrisers Hyderabad,Rajasthan Royals,bat,Sunrisers Hyderabad,None,normal,0,4,Normal,GD Phillips
1359527,2023,2023-05-08,Kolkata,Eden Gardens,Punjab Kings,Kolkata Knight Riders,Punjab Kings,bat,Kolkata Knight Riders,None,normal,0,5,Normal,AD Russell
1359528,2023,2023-05-09,Mumbai,Wankhede Stadium,Royal Challengers Bengaluru,Mumbai Indians,Mumbai Indians,field,Mumbai Indians,None,normal,0,6,Normal,SA Yadav
1359529,2023,2023-05-10,Chennai,MA Chidambaram Stadium,Chennai Super Kings,Delhi Capitals,Chennai Super Kings,bat,Chennai Super Kings,None,normal,27,0,Normal,RA Jadeja
1359530,2023,2023-05-11,Kolkata,Eden Gardens,Kolkata Knight Riders,Rajasthan Royals,Rajasthan Royals,field,Rajasthan Royals,None,normal,0,9,Normal,YBK Jaiswal
1359531,2023,2023-05-12,Mumbai,Wankhede Stadium,Mumbai Indians,Gujarat Titans,Gujarat Titans,field,Mumbai Indians,None,normal,27,0,Normal,SA Yadav
1359532,2023,2023-05-13,Hyderabad,Rajiv Gandhi International Stadium,Sunrisers Hyderabad,Lucknow Super Giants,Sunrisers Hyderabad,bat,Lucknow Super Giants,None,normal,0,7,Normal,PN Mankad
1359533,2023,2023-05-13,Delhi,Arun Jaitley Stadium,Punjab Kings,Delhi Capitals,Delhi Capitals,field,Punjab Kings,None,normal,31,0,Normal,P Simran Singh
1359534,2023,2023-05-14,Jaipur,Sawai Mansingh Stadium,Royal Challengers Bengaluru,Rajasthan Royals,Royal Challengers Bengaluru,bat,Royal Challengers Bengaluru,None,normal,112,0,Normal,WD Parnell
1359535,2023,2023-05-14,Chennai,MA Chidambaram Stadium,Chennai Super Kings,Kolkata Knight Riders,Chennai Super Kings,bat,Kolkata Knight Riders,None,normal,0,6,Normal,RK Singh
1359536,2023,2023-05-15,Ahmedabad,"Narendra Modi Stadium, Ahmedabad",Gujarat Titans,Sunrisers Hyderabad,Sunrisers Hyderabad,field,Gujarat Titans,None,normal,34,0,Normal,Shubman Gill
1359537,2023,2023-05-16,Lucknow,"Bharat Ratna Shri Atal Bihari Vajpayee Ekana Cricket Stadium, Lucknow",Lucknow Super Giants,Mumbai Indians,Mumbai Indians,field,Lucknow Super Giants,None,normal,5,0,Normal,MP Stoinis
1359538,2023,2023-05-17,Dharamsala,Himachal Pradesh Cricket Association Stadium,Delhi Capitals,Punjab Kings,Punjab Kings,field,Delhi Capitals,None,normal,15,0,Normal,RR Rossouw
1359539,2023,2023-05-18,Hyderabad,Rajiv Gandhi International Stadium,Sunrisers Hyderabad,Royal Challengers Bengaluru,Royal Challengers Bengaluru,field,Royal Challengers Bengaluru,None,normal,0,8,Normal,V Kohli
1359540,2023,2023-05-19,Dharamsala,Himachal Pradesh Cricket Association Stadium,Punjab Kings,Rajasthan Royals,Rajasthan Royals,field,Rajasthan Royals,None,normal,0,4,Normal,D Padikkal
1359541,2023,2023-05-20,Delhi,Arun Jaitley Stadium,Chennai Super Kings,Delhi Capitals,Chennai Super Kings,bat,Chennai Super Kings,None,normal,77,0,Normal,RD Gaikwad
1359542,2023,2023-05-20,Kolkata,Eden Gardens,Lucknow Super Giants,Kolkata Knight Riders,Kolkata Knight Riders,field,Lucknow Super Giants,None,normal,1,0,Normal,N Pooran
1359543,2023,2023-05-21,Mumbai,Wankhede Stadium,Sunrisers Hyderabad,Mumbai Indians,Mumbai Indians,field,Mumbai Indians,None,normal,0,8,Normal,C Green
1359544,2023,2023-05-21,Bengaluru,M Chinnaswamy Stadium,Royal Challengers Bengaluru,Gujarat Titans,Gujarat Titans,field,Gujarat Titans,None,normal,0,6,Normal,Shubman Gill
1370350,2023,2023-05-23,Chennai,MA Chidambaram Stadium,Chennai Super Kings,Gujarat Titans,Gujarat Titans,field,Chennai Super Kings,None,normal,15,0,Normal,RD Gaikwad
1370351,2023,2023-05-24,Chennai,MA Chidambaram Stadium,Mumbai Indians,Lucknow Super Giants,Mumbai Indians,bat,Mumbai Indians,None,normal,81,0,Normal,Akash Madhwal
1370352,2023,2023-05-26,Ahmedabad,"Narendra Modi Stadium, Ahmedabad",Gujarat Titans,Mumbai Indians,Mumbai Indians,field,Gujarat Titans,None,normal,62,0,Normal,Shubman Gill
1370353,2023,2023-05-29,Ahmedabad,"Narendra Modi Stadium, Ahmedabad",Gujarat Titans,Chennai Super Kings,Chennai Super Kings,field,Chennai Super Kings,None,normal,0,5,D/L,DP Conway
1422119,2024,2024-03-22,Chennai,MA Chidambaram Stadium,Royal Challengers Bengaluru,Chennai Super Kings,Royal Challengers Bengaluru,bat,Chennai Super Kings,None,normal,0,6,Normal,Mustafizur Rahman
1422120,2024,2024-03-23,Mohali,"Maharaja Yadavindra Singh International Cricket Stadium, Mullanpur",Delhi Capitals,Punjab Kings,Punjab Kings,field,Punjab Kings,None,normal,0,4,Normal,SM Curran
1422121,2024,2024-03-23,Kolkata,Eden Gardens,Kolkata Knight Riders,Sunrisers Hyderabad,Sunrisers Hyderabad,field,Kolkata Knight Riders,None,normal,4,0,Normal,AD Russell
1422122,2024,2024-03-24,Jaipur,Sawai Mansingh Stadium,Rajasthan Royals,Lucknow Super Giants,Rajasthan Royals,bat,Rajasthan Royals,None,normal,20,0,Normal,SV Samson
1422123,2024,2024-03-24,Ahmedabad,"Narendra Modi Stadium, Ahmedabad",Gujarat Titans,Mumbai Indians,Mumbai Indians,field,Gujarat Titans,None,normal,6,0,Normal,B Sai Sudharsan
1422124,2024,2024-03-25,Bengaluru,M Chinnaswamy Stadium,Punjab Kings,Royal Challengers Bengaluru,Royal Challengers Bengaluru,field,Royal Challengers Bengaluru,None,normal,0,4,Normal,V Kohli
1422125,2024,2024-03-26,Chennai,MA Chidambaram Stadium,Chennai Super Kings,Gujarat Titans,Gujarat Titans,field,Chennai Super Kings,None,normal,63,0,Normal,S Dube
1422126,2024,2024-03-27,Hyderabad,Rajiv Gandhi International Stadium,Sunrisers Hyderabad,Mumbai Indians,Mumbai Indians,field,Sunrisers Hyderabad,None,normal,31,0,Normal,Abhishek Sharma
1422127,2024,2024-03-28,Jaipur,Sawai Mansingh Stadium,Rajasthan Royals,Delhi Capitals,Delhi Capitals,field,Rajasthan Royals,None,normal,12,0,Normal,R Parag
1422128,2024,2024-03-29,Bengaluru,M Chinnaswamy Stadium,Royal Challengers Bengaluru,Kolkata Knight Riders,Kolkata Knight Riders,field,Kolkata Knight Riders,None,normal,0,7,Normal,SP Narine
1422129,2024,2024-03-30,Lucknow,"Bharat Ratna Shri Atal Bihari Vajpayee Ekana Cricket Stadium, Lucknow",Lucknow Super Giants,Punjab Kings,Lucknow Super Giants,bat,Lucknow Super Giants,None,normal,21,0,Normal,MP Yadav
1422130,2024,2024-03-31,Ahmedabad,"Narendra Modi Stadium, Ahmedabad",Sunrisers Hyderabad,Gujarat Titans,Sunrisers Hyderabad,bat,Gujarat Titans,None,normal,0,7,Normal,MM Sharma
1422131,2024,2024-03-31,Visakhapatnam,Dr. Y.S. Rajasekhara Reddy ACA-VDCA Cricket Stadium,Delhi Capitals,Chennai Super Kings,Delhi Capitals,bat,Delhi Capitals,None,normal,20,0,Normal,KK Ahmed
1422132,2024,2024-04-01,Mumbai,Wankhede Stadium,Mumbai Indians,Rajasthan Royals,Rajasthan Royals,field,Rajasthan Royals,None,normal,0,6,Normal,TA Boult
1422133,2024,2024-04-02,Bengaluru,M Chinnaswamy Stadium,Lucknow Super Giants,Royal Challengers Bengaluru,Royal Challengers Bengaluru,field,Lucknow Super Giants,None,normal,28,0,Normal,MP Yadav
1422134,2024,2024-04-03,Visakhapatnam,Dr. Y.S. Rajasekhara Reddy ACA-VDCA Cricket Stadium,Kolkata Knight Riders,Delhi Capitals,Kolkata Knight Riders,bat,Kolkata Knight Riders,None,normal,106,0,Normal,SP Narine
1422135,2024,2024-04-04,Ahmedabad,"Narendra Modi Stadium, Ahmedabad",Gujarat Titans,Punjab Kings,Punjab Kings,field,Punjab Kings,None,normal,0,3,Normal,Shashank Singh
1422136,2024,2024-04-05,Hyderabad,Rajiv Gandhi International Stadium,Chennai Super Kings,Sunrisers Hyderabad,Sunrisers Hyderabad,field,Sunrisers Hyderabad,None,normal,0,6,Normal,Abhishek Sharma
1422137,2024,2024-04-06,Jaipur,Sawai Mansingh Stadium,Royal Challengers Bengaluru,Rajasthan Royals,Rajasthan Royals,field,Rajasthan Royals,None,normal,0,6,Normal,JC Buttler
1422138,2024,2024-04-07,Mumbai,Wankhede Stadium,Mumbai Indians,Delhi Capitals,Delhi Capitals,field,Mumbai Indians,None,normal,29,0,Normal,R Shepherd
1422139,2024,2024-04-07,Lucknow,"Bharat Ratna Shri Atal Bihari Vajpayee Ekana Cricket Stadium, Lucknow",Lucknow Super Giants,Gujarat Titans,Lucknow Super Giants,bat,Lucknow Super Giants,None,normal,33,0,Normal,Yash Thakur
1426260,2024,2024-04-08,Chennai,MA Chidambaram Stadium,Kolkata Knight Riders,Chennai Super Kings,Chennai Super Kings,field,Chennai Super Kings,None,normal,0,7,Normal,RA Jadeja
1426261,2024,2024-04-09,Mohali,"Maharaja Yadavindra Singh International Cricket Stadium, Mullanpur",Sunrisers Hyderabad,Punjab Kings,Punjab Kings,field,Sunrisers Hyderabad,None,normal,2,0,Normal,Nithish Kumar Reddy
1426262,2024,2024-04-10,Jaipur,Sawai Mansingh Stadium,Rajasthan Royals,Gujarat Titans,Gujarat Titans,field,Gujarat Titans,None,normal,0,3,Normal,Rashid Khan
1426263,2024,2024-04-11,Mumbai,Wankhede Stadium,Royal Challengers Bengaluru,Mumbai Indians,Mumbai Indians,field,Mumbai Indians,None,normal,0,7,Normal,JJ Bumrah
1426264,2024,2024-04-12,Lucknow,"Bharat Ratna Shri Atal Bihari Vajpayee Ekana Cricket Stadium, Lucknow",Lucknow Super Giants,Delhi Capitals,Lucknow Super Giants,bat,Delhi Capitals,None,normal,0,6,Normal,Kuldeep Yadav
1426265,2024,2024-04-13,Mohali,"Maharaja Yadavindra Singh International Cricket Stadium, Mullanpur",Punjab Kings,Rajasthan Royals,Rajasthan Royals,field,Rajasthan Royals,None,normal,0,3,Normal,SO Hetmyer
1426266,2024,2024-04-14,Kolkata,Eden Gardens,Lucknow Super Giants,Kolkata Knight Riders,Kolkata Knight Riders,field,Kolkata Knight Riders,None,normal,0,8,Normal,PD Salt
1426267,2024,2024-04-14,Mumbai,Wankhede Stadium,Chennai Super Kings,Mumbai Indians,Mumbai Indians,field,Chennai Super Kings,None,normal,20,0,Normal,M Pathirana
1426268,2024,2024-04-15,Bengaluru,M Chinnaswamy Stadium,Sunrisers Hyderabad,Royal Challengers Bengaluru,Royal Challengers Bengaluru,field,Sunrisers Hyderabad,None,normal,25,0,Normal,TM Head
1426269,2024,2024-04-16,Kolkata,Eden Gardens,Kolkata Knight Riders,Rajasthan Royals,Rajasthan Royals,field,Rajasthan Royals,None,normal,0,2,Normal,JC Buttler
1426270,2024,2024-04-17,Ahmedabad,"Narendra Modi Stadium, Ahmedabad",Gujarat Titans,Delhi Capitals,Delhi Capitals,field,Delhi Capitals,None,normal,0,6,Normal,RR Pant
1426271,2024,2024-04-18,Mohali,"Maharaja Yadavindra Singh International Cricket Stadium, Mullanpur",Mumbai Indians,Punjab Kings,Punjab Kings,field,Mumbai Indians,None,normal,9,0,Normal,JJ Bumrah
1426272,2024,2024-04-19,Lucknow,"Bharat Ratna Shri Atal Bihari Vajpayee Ekana Cricket Stadium, Lucknow",Chennai Super Kings,Lucknow Super Giants,Lucknow Super Giants,field,Lucknow Super Giants,None,normal,0,8,Normal,KL Rahul
1426273,2024,2024-04-20,Delhi,Arun Jaitley Stadium,Sunrisers Hyderabad,Delhi Capitals,Delhi Capitals,field,Sunrisers Hyderabad,None,normal,67,0,Normal,TM Head
1426274,2024,2024-04-21,Kolkata,Eden Gardens,Kolkata Knight Riders,Royal Challengers Bengaluru,Royal Challengers Bengaluru,field,Kolkata Knight Riders,None,normal,1,0,Normal,AD Russell
1426275,2024,2024-04-21,Mohali,"Maharaja Yadavindra Singh International Cricket Stadium, Mullanpur",Punjab Kings,Gujarat Titans,Punjab Kings,bat,Gujarat Titans,None,normal,0,3,Normal,R Sai Kishore
1426276,2024,2024-04-22,Jaipur,Sawai Mansingh Stadium,Mumbai Indians,Rajasthan Royals,Mumbai Indians,bat,Rajasthan Royals,None,normal,0,9,Normal,Sandeep Sharma
1426277,2024,2024-04-23,Chennai,MA Chidambaram Stadium,Chennai Super Kings,Lucknow Super Giants,Lucknow Super Giants,field,Lucknow Super Giants,None,normal,0,6,Normal,MP Stoinis
1426278,2024,2024-04-24,Delhi,Arun Jaitley Stadium,Delhi Capitals,Gujarat Titans,Gujarat Titans,field,Delhi Capitals,None,normal,4,0,Normal,RR Pant
1426279,2024,2024-04-25,Hyderabad,Rajiv Gandhi International Stadium,Royal Challengers Bengaluru,Sunrisers Hyderabad,Royal Challengers Bengaluru,bat,Royal Challengers Bengaluru,None,normal,35,0,Normal,RM Patidar
1426280,2024,2024-04-26,Kolkata,Eden Gardens,Kolkata Knight Riders,Punjab Kings,Punjab Kings,field,Punjab Kings,None,normal,0,8,Normal,JM Bairstow
1426281,2024,2024-04-27,Delhi,Arun Jaitley Stadium,Delhi Capitals,Mumbai Indians,Mumbai Indians,field,Delhi Capitals,None,normal,10,0,Normal,J Fraser-McGurk
1426282,2024,2024-04-27,Lucknow,"Bharat Ratna Shri Atal Bihari Vajpayee Ekana Cricket Stadium, Lucknow",Lucknow Super Giants,Rajasthan Royals,Rajasthan Royals,field,Rajasthan Royals,None,normal,0,7,Normal,SV Samson
1426283,2024,2024-04-28,Ahmedabad,"Narendra Modi Stadium, Ahmedabad",Gujarat Titans,Royal Challengers Bengaluru,Royal Challengers Bengaluru,field,Royal Challengers Bengaluru,None,normal,0,9,Normal,WG Jacks
1426284,2024,2024-04-28,Chennai,MA Chidambaram Stadium,Chennai Super Kings,Sunrisers Hyderabad,Sunrisers Hyderabad,field,Chennai Super Kings,None,normal,78,0,Normal,RD Gaikwad
1426285,2024,2024-04-29,Kolkata,Eden Gardens,Delhi Capitals,Kolkata Knight Riders,Delhi Capitals,bat,Kolkata Knight Riders,None,normal,0,7,Normal,CV Varun
1426286,2024,2024-04-30,Lucknow,"Bharat Ratna Shri Atal Bihari Vajpayee Ekana Cricket Stadium, Lucknow",Mumbai Indians,Lucknow Super Giants,Lucknow Super Giants,field,Lucknow Super Giants,None,normal,0,4,Normal,MP Stoinis
1426287,2024,2024-05-01,Chennai,MA Chidambaram Stadium,Chennai Super Kings,Punjab Kings,Punjab Kings,field,Punjab Kings,None,normal,0,7,Normal,Harpreet Brar
1426288,2024,2024-05-02,Hyderabad,Rajiv Gandhi International Stadium,Sunrisers Hyderabad,Rajasthan Royals,Sunrisers Hyderabad,bat,Sunrisers Hyderabad,None,normal,1,0,Normal,B Kumar
1426289,2024,2024-05-03,Mumbai,Wankhede Stadium,Kolkata Knight Riders,Mumbai Indians,Mumbai Indians,field,Kolkata Knight Riders,None,normal,24,0,Normal,VR Iyer
1426290,2024,2024-05-04,Bengaluru,M Chinnaswamy Stadium,Gujarat Titans,Royal Challengers Bengaluru,Royal Challengers Bengaluru,field,Royal Challengers Bengaluru,None,normal,0,4,Normal,Mohammed Siraj
1426291,2024,2024-05-05,Dharamsala,Himachal Pradesh Cricket Association Stadium,Chennai Super Kings,Punjab Kings,Punjab Kings,field,Chennai Super Kings,None,normal,28,0,Normal,RA Jadeja
1426292,2024,2024-05-05,Lucknow,"Bharat Ratna Shri Atal Bihari Vajpayee Ekana Cricket Stadium, Lucknow",Kolkata Knight Riders,Lucknow Super Giants,Lucknow Super Giants,field,Kolkata Knight Riders,None,normal,98,0,Normal,SP Narine
1426293,2024,2024-05-06,Mumbai,Wankhede Stadium,Sunrisers Hyderabad,Mumbai Indians,Mumbai Indians,field,Mumbai Indians,None,normal,0,7,Normal,SA Yadav
1426294,2024,2024-05-07,Delhi,Arun Jaitley Stadium,Delhi Capitals,Rajasthan Royals,Rajasthan Royals,field,Delhi Capitals,None,normal,20,0,Normal,Kuldeep Yadav
1426295,2024,2024-05-08,Hyderabad,Rajiv Gandhi International Stadium,Lucknow Super Giants,Sunrisers Hyderabad,Lucknow Super Giants,bat,Sunrisers Hyderabad,None,normal,0,10,Normal,TM Head
1426296,2024,2024-05-09,Dharamsala,Himachal Pradesh Cricket Association Stadium,Royal Challengers Bengaluru,Punjab Kings,Punjab Kings,field,Royal Challengers Bengaluru,None,normal,60,0,Normal,V Kohli
1426297,2024,2024-05-10,Ahmedabad,"Narendra Modi Stadium, Ahmedabad",Gujarat Titans,Chennai Super Kings,Chennai Super Kings,field,Gujarat Titans,None,normal,35,0,Normal,Shubman Gill
1426298,2024,2024-05-11,Kolkata,Eden Gardens,Kolkata Knight Riders,Mumbai Indians,Mumbai Indians,field,Kolkata Knight Riders,None,normal,18,0,Normal,CV Varun
1426299,2024,2024-05-12,Chennai,MA Chidambaram Stadium,Rajasthan Royals,Chennai Super Kings,Rajasthan Royals,bat,Chennai Super Kings,None,normal,0,5,Normal,Simarjeet Singh
1426300,2024,2024-05-12,Bengaluru,M Chinnaswamy Stadium,Royal Challengers Bengaluru,Delhi Capitals,Delhi Capitals,field,Royal Challengers Bengaluru,None,normal,47,0,Normal,C Green
1426302,2024,2024-05-14,Delhi,Arun Jaitley Stadium,Delhi Capitals,Lucknow Super Giants,Lucknow Super Giants,field,Delhi Capitals,None,normal,19,0,Normal,I Sharma
1426303,2024,2024-05-15,Guwahati,"Barsapara Cricket Stadium, Guwahati",Rajasthan Royals,Punjab Kings,Rajasthan Royals,bat,Punjab Kings,None,normal,0,5,Normal,SM Curran
1426305,2024,2024-05-17,Mumbai,Wankhede Stadium,Lucknow Super Giants,Mumbai Indians,Mumbai Indians,field,Lucknow Super Giants,None,normal,18,0,Normal,N Pooran
1426306,2024,2024-05-18,Bengaluru,M Chinnaswamy Stadium,Royal Challengers Bengaluru,Chennai Super Kings,Chennai Super Kings,field,Royal Challengers Bengaluru,None,normal,27,0,Normal,F du Plessis
1426307,2024,2024-05-19,Hyderabad,Rajiv Gandhi International Stadium,Punjab Kings,Sunrisers Hyderabad,Punjab Kings,bat,Sunrisers Hyderabad,None,normal,0,4,Normal,Abhishek Sharma
1426309,2024,2024-05-21,Ahmedabad,"Narendra Modi Stadium, Ahmedabad",Sunrisers Hyderabad,Kolkata Knight Riders,Sunrisers Hyderabad,bat,Kolkata Knight Riders,None,normal,0,8,Normal,MA Starc
1426310,2024,2024-05-22,Ahmedabad,"Narendra Modi Stadium, Ahmedabad",Royal Challengers Bengaluru,Rajasthan Royals,Rajasthan Royals,field,Rajasthan Royals,None,normal,0,4,Normal,R Ashwin
1426311,2024,2024-05-24,Chennai,MA Chidambaram Stadium,Sunrisers Hyderabad,Rajasthan Royals,Rajasthan Royals,field,Sunrisers Hyderabad,None,normal,36,0,Normal,Shahbaz Ahmed
1426312,2024,2024-05-26,Chennai,MA Chidambaram Stadium,Sunrisers Hyderabad,Kolkata Knight Riders,Sunrisers Hyderabad,bat,Kolkata Knight Riders,None,normal,0,8,Normal,MA Starc
1473438,2025,2025-03-22,Kolkata,Eden Gardens,Kolkata Knight Riders,Royal Challengers Bengaluru,Royal Challengers Bengaluru,field,Royal Challengers Bengaluru,None,normal,0,7,Normal,KH Pandya
1473439,2025,2025-03-23,Hyderabad,Rajiv Gandhi International Stadium,Sunrisers Hyderabad,Rajasthan Royals,Rajasthan Royals,field,Sunrisers Hyderabad,None,normal,44,0,Normal,Ishan Kishan
1473440,2025,2025-03-23,Chennai,MA Chidambaram Stadium,Mumbai Indians,Chennai Super Kings,Chennai Super Kings,field,Chennai Super Kings,None,normal,0,4,Normal,Noor Ahmad
1473441,2025,2025-03-24,Visakhapatnam,Dr. Y.S. Rajasekhara Reddy ACA-VDCA Cricket Stadium,Lucknow Super Giants,Delhi Capitals,Delhi Capitals,field,Delhi Capitals,None,normal,0,1,Normal,Ashutosh Sharma
1473442,2025,2025-03-25,Ahmedabad,"Narendra Modi Stadium, Ahmedabad",Punjab Kings,Gujarat Titans,Gujarat Titans,field,Punjab Kings,None,normal,11,0,Normal,SS Iyer
1473443,2025,2025-03-26,Guwahati,"Barsapara Cricket Stadium, Guwahati",Rajasthan Royals,Kolkata Knight Riders,Kolkata Knight Riders,field,Kolkata Knight Riders,None,normal,0,8,Normal,Q de Kock
1473444,2025,2025-03-27,Hyderabad,Rajiv Gandhi International Stadium,Sunrisers Hyderabad,Lucknow Super Giants,Lucknow Super Giants,field,Lucknow Super Giants,None,normal,0,5,Normal,SN Thakur
1473445,2025,2025-03-28,Chennai,MA Chidambaram Stadium,Royal Challengers Bengaluru,Chennai Super Kings,Chennai Super Kings,field,Royal Challengers Bengaluru,None,normal,50,0,Normal,RM Patidar
1473446,2025,2025-03-29,Ahmedabad,"Narendra Modi Stadium, Ahmedabad",Gujarat Titans,Mumbai Indians,Mumbai Indians,field,Gujarat Titans,None,normal,36,0,Normal,M Prasidh Krishna
1473447,2025,2025-03-30,Visakhapatnam,Dr. Y.S. Rajasekhara Reddy ACA-VDCA Cricket Stadium,Sunrisers Hyderabad,Delhi Capitals,Sunrisers Hyderabad,bat,Delhi Capitals,None,normal,0,7,Normal,MA Starc
1473448,2025,2025-03-30,Guwahati,"Barsapara Cricket Stadium, Guwahati",Rajasthan Royals,Chennai Super Kings,Chennai Super Kings,field,Rajasthan Royals,None,normal,6,0,Normal,N Rana
1473449,2025,2025-03-31,Mumbai,Wankhede Stadium,Kolkata Knight Riders,Mumbai Indians,Mumbai Indians,field,Mumbai Indians,None,normal,0,8,Normal,Ashwani Kumar
1473450,2025,2025-04-01,Lucknow,"Bharat Ratna Shri Atal Bihari Vajpayee Ekana Cricket Stadium, Lucknow",Lucknow Super Giants,Punjab Kings,Punjab Kings,field,Punjab Kings,None,normal,0,8,Normal,P Simran Singh
1473451,2025,2025-04-02,Bengaluru,M Chinnaswamy Stadium,Royal Challengers Bengaluru,Gujarat Titans,Gujarat Titans,field,Gujarat Titans,None,normal,0,8,Normal,Mohammed Siraj
1473452,2025,2025-04-03,Kolkata,Eden Gardens,Kolkata Knight Riders,Sunrisers Hyderabad,Sunrisers Hyderabad,field,Kolkata Knight Riders,None,normal,80,0,Normal,VG Arora
1473453,2025,2025-04-04,Lucknow,"Bharat Ratna Shri Atal Bihari Vajpayee Ekana Cricket Stadium, Lucknow",Lucknow Super Giants,Mumbai Indians,Mumbai Indians,field,Lucknow Super Giants,None,normal,12,0,Normal,DS Rathi
1473454,2025,2025-04-05,Chennai,MA Chidambaram Stadium,Delhi Capitals,Chennai Super Kings,Delhi Capitals,bat,Delhi Capitals,None,normal,25,0,Normal,KL Rahul
1473455,2025,2025-04-05,Mohali,"Maharaja Yadavindra Singh International Cricket Stadium, Mullanpur",Rajasthan Royals,Punjab Kings,Punjab Kings,field,Rajasthan Royals,None,normal,50,0,Normal,JC Archer
1473457,2025,2025-04-06,Hyderabad,Rajiv Gandhi International Stadium,Sunrisers Hyderabad,Gujarat Titans,Gujarat Titans,field,Gujarat Titans,None,normal,0,7,Normal,Mohammed Siraj
1473458,2025,2025-04-07,Mumbai,Wankhede Stadium,Royal Challengers Bengaluru,Mumbai Indians,Mumbai Indians,field,Royal Challengers Bengaluru,None,normal,12,0,Normal,RM Patidar
1473456,2025,2025-04-08,Kolkata,Eden Gardens,Lucknow Super Giants,Kolkata Knight Riders,Kolkata Knight Riders,field,Lucknow Super Giants,None,normal,4,0,Normal,N Pooran
1473459,2025,2025-04-08,Mohali,"Maharaja Yadavindra Singh International Cricket Stadium, Mullanpur",Punjab Kings,Chennai Super Kings,Punjab Kings,bat,Punjab Kings,None,normal,18,0,Normal,Priyansh Arya
1473460,2025,2025-04-09,Ahmedabad,"Narendra Modi Stadium, Ahmedabad",Gujarat Titans,Rajasthan Royals,Rajasthan Royals,field,Gujarat Titans,None,normal,58,0,Normal,B Sai Sudharsan
1473461,2025,2025-04-10,Bengaluru,M Chinnaswamy Stadium,Royal Challengers Bengaluru,Delhi Capitals,Delhi Capitals,field,Delhi Capitals,None,normal,0,6,Normal,KL Rahul
1473462,2025,2025-04-11,Chennai,MA Chidambaram Stadium,Chennai Super Kings,Kolkata Knight Riders,Kolkata Knight Riders,field,Kolkata Knight Riders,None,normal,0,8,Normal,SP Narine
1473463,2025,2025-04-12,Lucknow,"Bharat Ratna Shri Atal Bihari Vajpayee Ekana Cricket Stadium, Lucknow",Gujarat Titans,Lucknow Super Giants,Lucknow Super Giants,field,Lucknow Super Giants,None,normal,0,6,Normal,AK Markram
1473464,2025,2025-04-12,Hyderabad,Rajiv Gandhi International Stadium,Punjab Kings,Sunrisers Hyderabad,Punjab Kings,bat,Sunrisers Hyderabad,None,normal,0,8,Normal,Abhishek Sharma
1473465,2025,2025-04-13,Jaipur,Sawai Mansingh Stadium,Rajasthan Royals,Royal Challengers Bengaluru,Royal Challengers Bengaluru,field,Royal Challengers Bengaluru,None,normal,0,9,Normal,PD Salt
1473466,2025,2025-04-13,Delhi,Arun Jaitley Stadium,Mumbai Indians,Delhi Capitals,Delhi Capitals,field,Mumbai Indians,None,normal,12,0,Normal,KV Sharma
1473467,2025,2025-04-14,Lucknow,"Bharat Ratna Shri Atal Bihari Vajpayee Ekana Cricket Stadium, Lucknow",Lucknow Super Giants,Chennai Super Kings,Chennai Super Kings,field,Chennai Super Kings,None,normal,0,5,Normal,MS Dhoni
1473468,2025,2025-04-15,Mohali,"Maharaja Yadavindra Singh International Cricket Stadium, Mullanpur",Punjab Kings,Kolkata Knight Riders,Punjab Kings,bat,Punjab Kings,None,normal,16,0,Normal,YS Chahal
1473469,2025,2025-04-16,Delhi,Arun Jaitley Stadium,Delhi Capitals,Rajasthan Royals,Rajasthan Royals,field,Delhi Capitals,Delhi Capitals,tie,0,0,Normal,MA Starc
1473470,2025,2025-04-17,Mumbai,Wankhede Stadium,Sunrisers Hyderabad,Mumbai Indians,Mumbai Indians,field,Mumbai Indians,None,normal,0,4,Normal,WG Jacks
1473471,2025,2025-04-18,Bengaluru,M Chinnaswamy Stadium,Royal Challengers Bengaluru,Punjab Kings,Punjab Kings,field,Punjab Kings,None,normal,0,5,Normal,TH David
1473472,2025,2025-04-19,Ahmedabad,"Narendra Modi Stadium, Ahmedabad",Delhi Capitals,Gujarat Titans,Gujarat Titans,field,Gujarat Titans,None,normal,0,7,Normal,JC Buttler
1473473,2025,2025-04-19,Jaipur,Sawai Mansingh Stadium,Lucknow Super Giants,Rajasthan Royals,Lucknow Super Giants,bat,Lucknow Super Giants,None,normal,2,0,Normal,Avesh Khan
1473474,2025,2025-04-20,Mohali,"Maharaja Yadavindra Singh International Cricket Stadium, Mullanpur",Punjab Kings,Royal Challengers Bengaluru,Royal Challengers Bengaluru,field,Royal Challengers Bengaluru,None,normal,0,7,Normal,V Kohli
1473475,2025,2025-04-20,Mumbai,Wankhede Stadium,Chennai Super Kings,Mumbai Indians,Mumbai Indians,field,Mumbai Indians,None,normal,0,9,Normal,RG Sharma
1473476,2025,2025-04-21,Kolkata,Eden Gardens,Gujarat Titans,Kolkata Knight Riders,Kolkata Knight Riders,field,Gujarat Titans,None,normal,39,0,Normal,Shubman Gill
1473477,2025,2025-04-22,Lucknow,"Bharat Ratna Shri Atal Bihari Vajpayee Ekana Cricket Stadium, Lucknow",Lucknow Super Giants,Delhi Capitals,Delhi Capitals,field,Delhi Capitals,None,normal,0,8,Normal,Mukesh Kumar
1473478,2025,2025-04-23,Hyderabad,Rajiv Gandhi International Stadium,Sunrisers Hyderabad,Mumbai Indians,Mumbai Indians,field,Mumbai Indians,None,normal,0,7,Normal,TA Boult
1473479,2025,2025-04-24,Bengaluru,M Chinnaswamy Stadium,Royal Challengers Bengaluru,Rajasthan Royals,Rajasthan Royals,field,Royal Challengers Bengaluru,None,normal,11,0,Normal,JR Hazlewood
1473480,2025,2025-04-25,Chennai,MA Chidambaram Stadium,Chennai Super Kings,Sunrisers Hyderabad,Sunrisers Hyderabad,field,Sunrisers Hyderabad,None,normal,0,5,Normal,HV Patel
1473482,2025,2025-04-27,Mumbai,Wankhede Stadium,Mumbai Indians,Lucknow Super Giants,Lucknow Super Giants,field,Mumbai Indians,None,normal,54,0,Normal,WG Jacks
1473483,2025,2025-04-27,Delhi,Arun Jaitley Stadium,Delhi Capitals,Royal Challengers Bengaluru,Royal Challengers Bengaluru,field,Royal Challengers Bengaluru,None,normal,0,6,Normal,KH Pandya
1473484,2025,2025-04-28,Jaipur,Sawai Mansingh Stadium,Gujarat Titans,Rajasthan Royals,Rajasthan Royals,field,Rajasthan Royals,None,normal,0,8,Normal,V Suryavanshi
1473485,2025,2025-04-29,Delhi,Arun Jaitley Stadium,Kolkata Knight Riders,Delhi Capitals,Delhi Capitals,field,Kolkata Knight Riders,None,normal,14,0,Normal,SP Narine
1473486,2025,2025-04-30,Chennai,MA Chidambaram Stadium,Chennai Super Kings,Punjab Kings,Punjab Kings,field,Punjab Kings,None,normal,0,4,Normal,SS Iyer
1473487,2025,2025-05-01,Jaipur,Sawai Mansingh Stadium,Mumbai Indians,Rajasthan Royals,Rajasthan Royals,field,Mumbai Indians,None,normal,100,0,Normal,RD Rickelton
1473488,2025,2025-05-02,Ahmedabad,"Narendra Modi Stadium, Ahmedabad",Gujarat Titans,Sunrisers Hyderabad,Sunrisers Hyderabad,field,Gujarat Titans,None,normal,38,0,Normal,M Prasidh Krishna
1473489,2025,2025-05-03,Bengaluru,M Chinnaswamy Stadium,Royal Challengers Bengaluru,Chennai Super Kings,Chennai Super Kings,field,Royal Challengers Bengaluru,None,normal,2,0,Normal,R Shepherd
1473490,2025,2025-05-04,Kolkata,Eden Gardens,Kolkata Knight Riders,Rajasthan Royals,Kolkata Knight Riders,bat,Kolkata Knight Riders,None,normal,1,0,Normal,AD Russell
1473491,2025,2025-05-04,Dharamsala,Himachal Pradesh Cricket Association Stadium,Punjab Kings,Lucknow Super Giants,Lucknow Super Giants,field,Punjab Kings,None,normal,37,0,Normal,P Simran Singh
1473493,2025,2025-05-06,Mumbai,Wankhede Stadium,Mumbai Indians,Gujarat Titans,Gujarat Titans,field,Gujarat Titans,None,normal,0,3,D/L,Shubman Gill
1473494,2025,2025-05-07,Kolkata,Eden Gardens,Kolkata Knight Riders,Chennai Super Kings,Kolkata Knight Riders,bat,Chennai Super Kings,None,normal,0,2,Normal,Noor Ahmad
1473497,2025,2025-05-18,Jaipur,Sawai Mansingh Stadium,Punjab Kings,Rajasthan Royals,Punjab Kings,bat,Punjab Kings,None,normal,10,0,Normal,Harpreet Brar
1473498,2025,2025-05-18,Delhi,Arun Jaitley Stadium,Delhi Capitals,Gujarat Titans,Gujarat Titans,field,Gujarat Titans,None,normal,0,10,Normal,B Sai Sudharsan
1473499,2025,2025-05-19,Lucknow,"Bharat Ratna Shri Atal Bihari Vajpayee Ekana Cricket Stadium, Lucknow",Lucknow Super Giants,Sunrisers Hyderabad,Sunrisers Hyderabad,field,Sunrisers Hyderabad,None,normal,0,6,Normal,Abhishek Sharma
1473500,2025,2025-05-20,Delhi,Arun Jaitley Stadium,Chennai Super Kings,Rajasthan Royals,Rajasthan Royals,field,Rajasthan Royals,None,normal,0,6,Normal,Akash Madhwal
1473501,2025,2025-05-21,Mumbai,Wankhede Stadium,Mumbai Indians,Delhi Capitals,Delhi Capitals,field,Mumbai Indians,None,normal,59,0,Normal,SA Yadav
1473502,2025,2025-05-22,Ahmedabad,"Narendra Modi Stadium, Ahmedabad",Lucknow Super Giants,Gujarat Titans,Gujarat Titans,field,Lucknow Super Giants,None,normal,33,0,Normal,MR Marsh
1473503,2025,2025-05-23,Lucknow,"Bharat Ratna Shri Atal Bihari Vajpayee Ekana Cricket Stadium, Lucknow",Sunrisers Hyderabad,Royal Challengers Bengaluru,Royal Challengers Bengaluru,field,Sunrisers Hyderabad,None,normal,42,0,Normal,Ishan Kishan
1485779,2025,2025-05-24,Jaipur,Sawai Mansingh Stadium,Punjab Kings,Delhi Capitals,Delhi Capitals,field,Delhi Capitals,None,normal,0,6,Normal,Sameer Rizvi
1473504,2025,2025-05-25,Ahmedabad,"Narendra Modi Stadium, Ahmedabad",Chennai Super Kings,Gujarat Titans,Chennai Super Kings,bat,Chennai Super Kings,None,normal,83,0,Normal,D Brevis
1473505,2025,2025-05-25,Delhi,Arun Jaitley Stadium,Sunrisers Hyderabad,Kolkata Knight Riders,Sunrisers Hyderabad,bat,Sunrisers Hyderabad,None,normal,110,0,Normal,H Klaasen
1473506,2025,2025-05-26,Jaipur,Sawai Mansingh Stadium,Mumbai Indians,Punjab Kings,Punjab Kings,field,Punjab Kings,None,normal,0,7,Normal,JP Inglis
1473507,2025,2025-05-27,Lucknow,"Bharat Ratna Shri Atal Bihari Vajpayee Ekana Cricket Stadium, Lucknow",Lucknow Super Giants,Royal Challengers Bengaluru,Royal Challengers Bengaluru,field,Royal Challengers Bengaluru,None,normal,0,6,Normal,JM Sharma
1473508,2025,2025-05-29,New Chandigarh,"Maharaja Yadavindra Singh International Cricket Stadium, Mullanpur",Punjab Kings,Royal Challengers Bengaluru,Royal Challengers Bengaluru,field,Royal Challengers Bengaluru,None,normal,0,8,Normal,Suyash Sharma
1473509,2025,2025-05-30,New Chandigarh,"Maharaja Yadavindra Singh International Cricket Stadium, Mullanpur",Mumbai Indians,Gujarat Titans,Mumbai Indians,bat,Mumbai Indians,None,normal,20,0,Normal,RG Sharma
1473510,2025,2025-06-01,Ahmedabad,"Narendra Modi Stadium, Ahmedabad",Mumbai Indians,Punjab Kings,Punjab Kings,field,Punjab Kings,None,normal,0,5,Normal,SS Iyer
1473511,2025,2025-06-03,Ahmedabad,"Narendra Modi Stadium, Ahmedabad",Royal Challengers Bengaluru,Punjab Kings,Punjab Kings,field,Royal Challengers Bengaluru,None,normal,6,0,Normal,KH Pandya
1527674,2026,2026-03-28,Bengaluru,M Chinnaswamy Stadium,Sunrisers Hyderabad,Royal Challengers Bengaluru,Royal Challengers Bengaluru,field,Royal Challengers Bengaluru,None,normal,0,6,Normal,JA Duffy
1527675,2026,2026-03-29,Mumbai,Wankhede Stadium,Kolkata Knight Riders,Mumbai Indians,Mumbai Indians,field,Mumbai Indians,None,normal,0,6,Normal,SN Thakur
1527676,2026,2026-03-30,Guwahati,"Barsapara Cricket Stadium, Guwahati",Chennai Super Kings,Rajasthan Royals,Rajasthan Royals,field,Rajasthan Royals,None,normal,0,8,Normal,N Burger
1527677,2026,2026-03-31,New Chandigarh,"Maharaja Yadavindra Singh International Cricket Stadium, Mullanpur",Gujarat Titans,Punjab Kings,Punjab Kings,field,Punjab Kings,None,normal,0,3,Normal,C Connolly
1527678,2026,2026-04-01,Lucknow,"Bharat Ratna Shri Atal Bihari Vajpayee Ekana Cricket Stadium, Lucknow",Lucknow Super Giants,Delhi Capitals,Delhi Capitals,field,Delhi Capitals,None,normal,0,6,Normal,Sameer Rizvi
1527679,2026,2026-04-02,Kolkata,Eden Gardens,Sunrisers Hyderabad,Kolkata Knight Riders,Kolkata Knight Riders,field,Sunrisers Hyderabad,None,normal,65,0,Normal,Nithish Kumar Reddy
1527680,2026,2026-04-03,Chennai,MA Chidambaram Stadium,Chennai Super Kings,Punjab Kings,Punjab Kings,field,Punjab Kings,None,normal,0,5,Normal,Priyansh Arya
1527681,2026,2026-04-04,Delhi,Arun Jaitley Stadium,Mumbai Indians,Delhi Capitals,Delhi Capitals,field,Delhi Capitals,None,normal,0,6,Normal,Sameer Rizvi
1527682,2026,2026-04-04,Ahmedabad,"Narendra Modi Stadium, Ahmedabad",Rajasthan Royals,Gujarat Titans,Rajasthan Royals,bat,Rajasthan Royals,None,normal,6,0,Normal,Ravi Bishnoi
1527683,2026,2026-04-05,Hyderabad,Rajiv Gandhi International Stadium,Sunrisers Hyderabad,Lucknow Super Giants,Lucknow Super Giants,field,Lucknow Super Giants,None,normal,0,5,Normal,Mohammed Shami
1527684,2026,2026-04-05,Bengaluru,M Chinnaswamy Stadium,Royal Challengers Bengaluru,Chennai Super Kings,Chennai Super Kings,field,Royal Challengers Bengaluru,None,normal,43,0,Normal,TH David
1527686,2026,2026-04-07,Guwahati,"Barsapara Cricket Stadium, Guwahati",Rajasthan Royals,Mumbai Indians,Mumbai Indians,field,Rajasthan Royals,None,normal,27,0,Normal,YBK Jaiswal
1527687,2026,2026-04-08,Delhi,Arun Jaitley Stadium,Gujarat Titans,Delhi Capitals,Delhi Capitals,field,Gujarat Titans,None,normal,1,0,Normal,Rashid Khan
1527688,2026,2026-04-09,Kolkata,Eden Gardens,Kolkata Knight Riders,Lucknow Super Giants,Lucknow Super Giants,field,Lucknow Super Giants,None,normal,0,3,Normal,MD Choudhary
1527689,2026,2026-04-10,Guwahati,"Barsapara Cricket Stadium, Guwahati",Royal Challengers Bengaluru,Rajasthan Royals,Rajasthan Royals,field,Rajasthan Royals,None,normal,0,6,Normal,V Suryavanshi
1527690,2026,2026-04-11,New Chandigarh,"Maharaja Yadavindra Singh International Cricket Stadium, Mullanpur",Sunrisers Hyderabad,Punjab Kings,Punjab Kings,field,Punjab Kings,None,normal,0,6,Normal,SS Iyer
1527691,2026,2026-04-11,Chennai,MA Chidambaram Stadium,Chennai Super Kings,Delhi Capitals,Delhi Capitals,field,Chennai Super Kings,None,normal,23,0,Normal,SV Samson
1527692,2026,2026-04-12,Lucknow,"Bharat Ratna Shri Atal Bihari Vajpayee Ekana Cricket Stadium, Lucknow",Lucknow Super Giants,Gujarat Titans,Gujarat Titans,field,Gujarat Titans,None,normal,0,7,Normal,M Prasidh Krishna
1527693,2026,2026-04-12,Mumbai,Wankhede Stadium,Royal Challengers Bengaluru,Mumbai Indians,Mumbai Indians,field,Royal Challengers Bengaluru,None,normal,18,0,Normal,PD Salt
1529264,2026,2026-04-13,Hyderabad,Rajiv Gandhi International Stadium,Sunrisers Hyderabad,Rajasthan Royals,Rajasthan Royals,field,Sunrisers Hyderabad,None,normal,57,0,Normal,PP Hinge
1529265,2026,2026-04-14,Chennai,MA Chidambaram Stadium,Chennai Super Kings,Kolkata Knight Riders,Kolkata Knight Riders,field,Chennai Super Kings,None,normal,32,0,Normal,Noor Ahmad
1529266,2026,2026-04-15,Bengaluru,M Chinnaswamy Stadium,Lucknow Super Giants,Royal Challengers Bengaluru,Royal Challengers Bengaluru,field,Royal Challengers Bengaluru,None,normal,0,5,Normal,JR Hazlewood
1529267,2026,2026-04-16,Mumbai,Wankhede Stadium,Mumbai Indians,Punjab Kings,Punjab Kings,field,Punjab Kings,None,normal,0,7,Normal,Arshdeep Singh
1529268,2026,2026-04-17,Ahmedabad,"Narendra Modi Stadium, Ahmedabad",Kolkata Knight Riders,Gujarat Titans,Kolkata Knight Riders,bat,Gujarat Titans,None,normal,0,5,Normal,Shubman Gill
1529269,2026,2026-04-18,Bengaluru,M Chinnaswamy Stadium,Royal Challengers Bengaluru,Delhi Capitals,Delhi Capitals,field,Delhi Capitals,None,normal,0,6,Normal,T Stubbs
1529270,2026,2026-04-18,Hyderabad,Rajiv Gandhi International Stadium,Sunrisers Hyderabad,Chennai Super Kings,Chennai Super Kings,field,Sunrisers Hyderabad,None,normal,10,0,Normal,E Malinga
1529271,2026,2026-04-19,Kolkata,Eden Gardens,Rajasthan Royals,Kolkata Knight Riders,Rajasthan Royals,bat,Kolkata Knight Riders,None,normal,0,4,Normal,CV Varun
1529272,2026,2026-04-19,New Chandigarh,"Maharaja Yadavindra Singh International Cricket Stadium, Mullanpur",Punjab Kings,Lucknow Super Giants,Lucknow Super Giants,field,Punjab Kings,None,normal,54,0,Normal,Priyansh Arya
1529273,2026,2026-04-20,Ahmedabad,"Narendra Modi Stadium, Ahmedabad",Mumbai Indians,Gujarat Titans,Gujarat Titans,field,Mumbai Indians,None,normal,99,0,Normal,Tilak Varma
1529274,2026,2026-04-21,Hyderabad,Rajiv Gandhi International Stadium,Sunrisers Hyderabad,Delhi Capitals,Delhi Capitals,field,Sunrisers Hyderabad,None,normal,47,0,Normal,Abhishek Sharma
1529275,2026,2026-04-22,Lucknow,"Bharat Ratna Shri Atal Bihari Vajpayee Ekana Cricket Stadium, Lucknow",Rajasthan Royals,Lucknow Super Giants,Lucknow Super Giants,field,Rajasthan Royals,None,normal,40,0,Normal,RA Jadeja
1529276,2026,2026-04-23,Mumbai,Wankhede Stadium,Chennai Super Kings,Mumbai Indians,Mumbai Indians,field,Chennai Super Kings,None,normal,103,0,Normal,SV Samson
1529277,2026,2026-04-24,Bengaluru,M Chinnaswamy Stadium,Gujarat Titans,Royal Challengers Bengaluru,Royal Challengers Bengaluru,field,Royal Challengers Bengaluru,None,normal,0,5,Normal,V Kohli
1529278,2026,2026-04-25,Delhi,Arun Jaitley Stadium,Delhi Capitals,Punjab Kings,Delhi Capitals,bat,Punjab Kings,None,normal,0,6,Normal,KL Rahul
1529279,2026,2026-04-25,Jaipur,Sawai Mansingh Stadium,Rajasthan Royals,Sunrisers Hyderabad,Sunrisers Hyderabad,field,Sunrisers Hyderabad,None,normal,0,5,Normal,Ishan Kishan
1529280,2026,2026-04-26,Chennai,MA Chidambaram Stadium,Chennai Super Kings,Gujarat Titans,Gujarat Titans,field,Gujarat Titans,None,normal,0,8,Normal,K Rabada
1529281,2026,2026-04-26,Lucknow,"Bharat Ratna Shri Atal Bihari Vajpayee Ekana Cricket Stadium, Lucknow",Kolkata Knight Riders,Lucknow Super Giants,Lucknow Super Giants,field,Kolkata Knight Riders,Kolkata Knight Riders,tie,0,0,Normal,RK Singh
1529282,2026,2026-04-27,Delhi,Arun Jaitley Stadium,Delhi Capitals,Royal Challengers Bengaluru,Royal Challengers Bengaluru,field,Royal Challengers Bengaluru,None,normal,0,9,Normal,JR Hazlewood
1529283,2026,2026-04-28,New Chandigarh,"Maharaja Yadavindra Singh International Cricket Stadium, Mullanpur",Punjab Kings,Rajasthan Royals,Rajasthan Royals,field,Rajasthan Royals,None,normal,0,6,Normal,D Ferreira
1529284,2026,2026-04-29,Mumbai,Wankhede Stadium,Mumbai Indians,Sunrisers Hyderabad,Mumbai Indians,bat,Sunrisers Hyderabad,None,normal,0,6,Normal,H Klaasen
1529285,2026,2026-04-30,Ahmedabad,"Narendra Modi Stadium, Ahmedabad",Royal Challengers Bengaluru,Gujarat Titans,Gujarat Titans,field,Gujarat Titans,None,normal,0,4,Normal,JO Holder
1529286,2026,2026-05-01,Jaipur,Sawai Mansingh Stadium,Rajasthan Royals,Delhi Capitals,Rajasthan Royals,bat,Delhi Capitals,None,normal,0,7,Normal,KL Rahul
1529287,2026,2026-05-02,Chennai,MA Chidambaram Stadium,Mumbai Indians,Chennai Super Kings,Mumbai Indians,bat,Chennai Super Kings,None,normal,0,8,Normal,RD Gaikwad
1529288,2026,2026-05-03,Hyderabad,Rajiv Gandhi International Stadium,Sunrisers Hyderabad,Kolkata Knight Riders,Sunrisers Hyderabad,bat,Kolkata Knight Riders,None,normal,0,7,Normal,CV Varun
1529289,2026,2026-05-03,Ahmedabad,"Narendra Modi Stadium, Ahmedabad",Punjab Kings,Gujarat Titans,Gujarat Titans,field,Gujarat Titans,None,normal,0,4,Normal,JO Holder
1529290,2026,2026-05-04,Mumbai,Wankhede Stadium,Lucknow Super Giants,Mumbai Indians,Mumbai Indians,field,Mumbai Indians,None,normal,0,6,Normal,RD Rickelton
1529291,2026,2026-05-05,Delhi,Arun Jaitley Stadium,Delhi Capitals,Chennai Super Kings,Delhi Capitals,bat,Chennai Super Kings,None,normal,0,8,Normal,SV Samson
1529292,2026,2026-05-06,Hyderabad,Rajiv Gandhi International Stadium,Sunrisers Hyderabad,Punjab Kings,Punjab Kings,field,Sunrisers Hyderabad,None,normal,33,0,Normal,PJ Cummins
1529293,2026,2026-05-07,Lucknow,"Bharat Ratna Shri Atal Bihari Vajpayee Ekana Cricket Stadium, Lucknow",Lucknow Super Giants,Royal Challengers Bengaluru,Royal Challengers Bengaluru,field,Lucknow Super Giants,None,normal,9,0,D/L,MR Marsh
1529294,2026,2026-05-08,Delhi,Arun Jaitley Stadium,Delhi Capitals,Kolkata Knight Riders,Kolkata Knight Riders,field,Kolkata Knight Riders,None,normal,0,8,Normal,FH Allen
1529295,2026,2026-05-09,Jaipur,Sawai Mansingh Stadium,Gujarat Titans,Rajasthan Royals,Rajasthan Royals,field,Gujarat Titans,None,normal,77,0,Normal,Rashid Khan
1529296,2026,2026-05-10,Chennai,MA Chidambaram Stadium,Lucknow Super Giants,Chennai Super Kings,Chennai Super Kings,field,Chennai Super Kings,None,normal,0,5,Normal,J Overton
1529297,2026,2026-05-10,Raipur,Shaheed Veer Narayan Singh International Stadium,Mumbai Indians,Royal Challengers Bengaluru,Royal Challengers Bengaluru,field,Royal Challengers Bengaluru,None,normal,0,2,Normal,B Kumar
1529298,2026,2026-05-11,Dharamsala,Himachal Pradesh Cricket Association Stadium,Punjab Kings,Delhi Capitals,Delhi Capitals,field,Delhi Capitals,None,normal,0,3,Normal,M Tiwari
1529299,2026,2026-05-12,Ahmedabad,"Narendra Modi Stadium, Ahmedabad",Gujarat Titans,Sunrisers Hyderabad,Sunrisers Hyderabad,field,Gujarat Titans,None,normal,82,0,Normal,K Rabada
1529300,2026,2026-05-13,Raipur,Shaheed Veer Narayan Singh International Stadium,Kolkata Knight Riders,Royal Challengers Bengaluru,Royal Challengers Bengaluru,field,Royal Challengers Bengaluru,None,normal,0,6,Normal,V Kohli
1529301,2026,2026-05-14,Dharamsala,Himachal Pradesh Cricket Association Stadium,Punjab Kings,Mumbai Indians,Mumbai Indians,field,Mumbai Indians,None,normal,0,6,Normal,Tilak Varma
1529302,2026,2026-05-15,Lucknow,"Bharat Ratna Shri Atal Bihari Vajpayee Ekana Cricket Stadium, Lucknow",Chennai Super Kings,Lucknow Super Giants,Lucknow Super Giants,field,Lucknow Super Giants,None,normal,0,7,Normal,MR Marsh
1529303,2026,2026-05-16,Kolkata,Eden Gardens,Kolkata Knight Riders,Gujarat Titans,Gujarat Titans,field,Kolkata Knight Riders,None,normal,29,0,Normal,SP Narine
1529304,2026,2026-05-17,Dharamsala,Himachal Pradesh Cricket Association Stadium,Royal Challengers Bengaluru,Punjab Kings,Punjab Kings,field,Royal Challengers Bengaluru,None,normal,23,0,Normal,VR Iyer
1529305,2026,2026-05-17,Delhi,Arun Jaitley Stadium,Rajasthan Royals,Delhi Capitals,Delhi Capitals,field,Delhi Capitals,None,normal,0,5,Normal,MA Starc
1529306,2026,2026-05-18,Chennai,MA Chidambaram Stadium,Chennai Super Kings,Sunrisers Hyderabad,Chennai Super Kings,bat,Sunrisers Hyderabad,None,normal,0,5,Normal,Ishan Kishan
1529307,2026,2026-05-19,Jaipur,Sawai Mansingh Stadium,Lucknow Super Giants,Rajasthan Royals,Rajasthan Royals,field,Rajasthan Royals,None,normal,0,7,Normal,V Suryavanshi
1529308,2026,2026-05-20,Kolkata,Eden Gardens,Mumbai Indians,Kolkata Knight Riders,Kolkata Knight Riders,field,Kolkata Knight Riders,None,normal,0,4,Normal,MK Pandey
1529309,2026,2026-05-21,Ahmedabad,"Narendra Modi Stadium, Ahmedabad",Gujarat Titans,Chennai Super Kings,Chennai Super Kings,field,Gujarat Titans,None,normal,89,0,Normal,Mohammed Siraj
1529310,2026,2026-05-22,Hyderabad,Rajiv Gandhi International Stadium,Sunrisers Hyderabad,Royal Challengers Bengaluru,Sunrisers Hyderabad,bat,Sunrisers Hyderabad,None,normal,55,0,Normal,Ishan Kishan
1529311,2026,2026-05-23,Lucknow,"Bharat Ratna Shri Atal Bihari Vajpayee Ekana Cricket Stadium, Lucknow",Lucknow Super Giants,Punjab Kings,Punjab Kings,field,Punjab Kings,None,normal,0,7,Normal,SS Iyer
1529312,2026,2026-05-24,Mumbai,Wankhede Stadium,Rajasthan Royals,Mumbai Indians,Mumbai Indians,field,Rajasthan Royals,None,normal,30,0,Normal,JC Archer
1529313,2026,2026-05-24,Kolkata,Eden Gardens,Delhi Capitals,Kolkata Knight Riders,Kolkata Knight Riders,field,Delhi Capitals,None,normal,40,0,Normal,Kuldeep Yadav
1535462,2026,2026-05-26,Dharamsala,Himachal Pradesh Cricket Association Stadium,Royal Challengers Bengaluru,Gujarat Titans,Gujarat Titans,field,Royal Challengers Bengaluru,None,normal,92,0,Normal,RM Patidar
1535463,2026,2026-05-27,New Chandigarh,"Maharaja Yadavindra Singh International Cricket Stadium, Mullanpur",Rajasthan Royals,Sunrisers Hyderabad,Sunrisers Hyderabad,field,Rajasthan Royals,None,normal,47,0,Normal,V Suryavanshi
1535464,2026,2026-05-29,New Chandigarh,"Maharaja Yadavindra Singh International Cricket Stadium, Mullanpur",Rajasthan Royals,Gujarat Titans,Rajasthan Royals,bat,Gujarat Titans,None,normal,0,7,Normal,Shubman Gill
1535465,2026,2026-05-31,Ahmedabad,"Narendra Modi Stadium, Ahmedabad",Gujarat Titans,Royal Challengers Bengaluru,Royal Challengers Bengaluru,field,Royal Challengers Bengaluru,None,normal,0,5,Normal,V Kohli
