match_id,season,date,city,venue,team1,team2,toss_winner,toss_decision,winner,eliminator,result,win_by_runs,win_by_wickets,method,player_of_match
335982,2007/08,2008/04/18,Bangalore,M Chinnaswamy Stadium,Royal Challengers Bangalore,Kolkata Knight Riders,Royal Challengers Bangalore,field,Kolkata Knight Riders,,normal,140,0,,BB McCullum
335983,2007/08,2008/04/19,Chandigarh,"Punjab Cricket Association Stadium, Mohali",Kings XI Punjab,Chennai Super Kings,Chennai Super Kings,bat,Chennai Super Kings,,normal,33,0,,MEK Hussey
335984,2007/08,2008/04/19,Delhi,Feroz Shah Kotla,Delhi Daredevils,Rajasthan Royals,Rajasthan Royals,bat,Delhi Daredevils,,normal,0,9,,MF Maharoof
335985,2007/08,2008/04/20,Mumbai,Wankhede Stadium,Mumbai Indians,Royal Challengers Bangalore,Mumbai Indians,bat,Royal Challengers Bangalore,,normal,0,5,,MV Boucher
335986,2007/08,2008/04/20,Kolkata,Eden Gardens,Kolkata Knight Riders,Deccan Chargers,Deccan Chargers,bat,Kolkata Knight Riders,,normal,0,5,,DJ Hussey
335987,2007/08,2008/04/21,Jaipur,Sawai Mansingh Stadium,Rajasthan Royals,Kings XI Punjab,Kings XI Punjab,bat,Rajasthan Royals,,normal,0,6,,SR Watson
335988,2007/08,2008/04/22,Hyderabad,"Rajiv Gandhi International Stadium, Uppal",Deccan Chargers,Delhi Daredevils,Deccan Chargers,bat,Delhi Daredevils,,normal,0,9,,V Sehwag
335989,2007/08,2008/04/23,Chennai,"MA Chidambaram Stadium, Chepauk",Chennai Super Kings,Mumbai Indians,Mumbai Indians,field,Chennai Super Kings,,normal,6,0,,ML Hayden
335990,2007/08,2008/04/24,Hyderabad,"Rajiv Gandhi International Stadium, Uppal",Deccan Chargers,Rajasthan Royals,Rajasthan Royals,field,Rajasthan Royals,,normal,0,3,,YK Pathan
335991,2007/08,2008/04/25,Chandigarh,"Punjab Cricket Association Stadium, Mohali",Kings XI Punjab,Mumbai Indians,Mumbai Indians,field,Kings XI Punjab,,normal,66,0,,KC Sangakkara
335992,2007/08,2008/04/26,Bangalore,M Chinnaswamy Stadium,Royal Challengers Bangalore,Rajasthan Royals,Rajasthan Royals,field,Rajasthan Royals,,normal,0,7,,SR Watson
335993,2007/08,2008/04/26,Chennai,"MA Chidambaram Stadium, Chepauk",Chennai Super Kings,Kolkata Knight Riders,Kolkata Knight Riders,bat,Chennai Super Kings,,normal,0,9,,JDP Oram
335994,2007/08,2008/04/27,Mumbai,Dr DY Patil Sports Academy,Mumbai Indians,Deccan Chargers,Deccan Chargers,field,Deccan Chargers,,normal,0,10,,AC Gilchrist
335995,2007/08,2008/04/27,Chandigarh,"Punjab Cricket Association Stadium, Mohali",Kings XI Punjab,Delhi Daredevils,Delhi Daredevils,bat,Kings XI Punjab,,normal,0,4,,SM Katich
335996,2007/08,2008/04/28,Bangalore,M Chinnaswamy Stadium,Royal Challengers Bangalore,Chennai Super Kings,Chennai Super Kings,bat,Chennai Super Kings,,normal,13,0,,MS Dhoni
335997,2007/08,2008/04/29,Kolkata,Eden Gardens,Kolkata Knight Riders,Mumbai Indians,Kolkata Knight Riders,bat,Mumbai Indians,,normal,0,7,,ST Jayasuriya
335998,2007/08,2008/04/30,Delhi,Feroz Shah Kotla,Delhi Daredevils,Royal Challengers Bangalore,Royal Challengers Bangalore,field,Delhi Daredevils,,normal,10,0,,GD McGrath
335999,2007/08,2008/05/01,Hyderabad,"Rajiv Gandhi International Stadium, Uppal",Deccan Chargers,Kings XI Punjab,Kings XI Punjab,field,Kings XI Punjab,,normal,0,7,,SE Marsh
336000,2007/08,2008/05/01,Jaipur,Sawai Mansingh Stadium,Rajasthan Royals,Kolkata Knight Riders,Rajasthan Royals,bat,Rajasthan Royals,,normal,45,0,,SA Asnodkar
336001,2007/08,2008/05/02,Chennai,"MA Chidambaram Stadium, Chepauk",Chennai Super Kings,Delhi Daredevils,Chennai Super Kings,bat,Delhi Daredevils,,normal,0,8,,V Sehwag
336003,2007/08,2008/05/03,Chandigarh,"Punjab Cricket Association Stadium, Mohali",Kings XI Punjab,Kolkata Knight Riders,Kings XI Punjab,bat,Kings XI Punjab,,normal,9,0,,IK Pathan
336034,2007/08,2008/05/03,Bangalore,M Chinnaswamy Stadium,Royal Challengers Bangalore,Deccan Chargers,Deccan Chargers,field,Royal Challengers Bangalore,,normal,3,0,,P Kumar
336004,2007/08,2008/05/04,Mumbai,Dr DY Patil Sports Academy,Mumbai Indians,Delhi Daredevils,Delhi Daredevils,field,Mumbai Indians,,normal,29,0,,SM Pollock
336005,2007/08,2008/05/04,Jaipur,Sawai Mansingh Stadium,Rajasthan Royals,Chennai Super Kings,Chennai Super Kings,bat,Rajasthan Royals,,normal,0,8,,Sohail Tanvir
336006,2007/08,2008/05/05,Bangalore,M Chinnaswamy Stadium,Royal Challengers Bangalore,Kings XI Punjab,Kings XI Punjab,field,Kings XI Punjab,,normal,0,6,,S Sreesanth
336007,2007/08,2008/05/06,Chennai,"MA Chidambaram Stadium, Chepauk",Chennai Super Kings,Deccan Chargers,Deccan Chargers,field,Deccan Chargers,,normal,0,7,,AC Gilchrist
336008,2007/08,2008/05/07,Mumbai,Dr DY Patil Sports Academy,Mumbai Indians,Rajasthan Royals,Mumbai Indians,field,Mumbai Indians,,normal,0,7,,A Nehra
336009,2007/08,2008/05/08,Delhi,Feroz Shah Kotla,Delhi Daredevils,Chennai Super Kings,Chennai Super Kings,field,Chennai Super Kings,,normal,0,4,,MS Dhoni
336010,2007/08,2008/05/08,Kolkata,Eden Gardens,Kolkata Knight Riders,Royal Challengers Bangalore,Kolkata Knight Riders,bat,Kolkata Knight Riders,,normal,5,0,,SC Ganguly
336011,2007/08,2008/05/09,Jaipur,Sawai Mansingh Stadium,Rajasthan Royals,Deccan Chargers,Rajasthan Royals,field,Rajasthan Royals,,normal,0,8,,YK Pathan
336013,2007/08,2008/05/10,Chennai,"MA Chidambaram Stadium, Chepauk",Chennai Super Kings,Kings XI Punjab,Kings XI Punjab,field,Chennai Super Kings,,normal,18,0,,L Balaji
336014,2007/08,2008/05/11,Hyderabad,"Rajiv Gandhi International Stadium, Uppal",Deccan Chargers,Kolkata Knight Riders,Kolkata Knight Riders,bat,Kolkata Knight Riders,,normal,23,0,,SC Ganguly
336015,2007/08,2008/05/11,Jaipur,Sawai Mansingh Stadium,Rajasthan Royals,Delhi Daredevils,Rajasthan Royals,field,Rajasthan Royals,,normal,0,3,,SR Watson
336016,2007/08,2008/05/12,Chandigarh,"Punjab Cricket Association Stadium, Mohali",Kings XI Punjab,Royal Challengers Bangalore,Royal Challengers Bangalore,bat,Kings XI Punjab,,normal,0,9,,SE Marsh
336017,2007/08,2008/05/13,Kolkata,Eden Gardens,Kolkata Knight Riders,Delhi Daredevils,Kolkata Knight Riders,bat,Kolkata Knight Riders,,normal,23,0,,Shoaib Akhtar
336018,2007/08,2008/05/14,Mumbai,Wankhede Stadium,Mumbai Indians,Chennai Super Kings,Mumbai Indians,field,Mumbai Indians,,normal,0,9,,ST Jayasuriya
336020,2007/08,2008/05/15,Delhi,Feroz Shah Kotla,Delhi Daredevils,Deccan Chargers,Deccan Chargers,field,Delhi Daredevils,,normal,12,0,,A Mishra
336021,2007/08,2008/05/16,Mumbai,Wankhede Stadium,Mumbai Indians,Kolkata Knight Riders,Mumbai Indians,field,Mumbai Indians,,normal,0,8,,SM Pollock
336022,2007/08,2008/05/17,Delhi,Feroz Shah Kotla,Delhi Daredevils,Kings XI Punjab,Delhi Daredevils,bat,Kings XI Punjab,,normal,6,0,D/L,DPMD Jayawardene
336023,2007/08,2008/05/17,Jaipur,Sawai Mansingh Stadium,Rajasthan Royals,Royal Challengers Bangalore,Royal Challengers Bangalore,field,Rajasthan Royals,,normal,65,0,,GC Smith
336024,2007/08,2008/05/18,Hyderabad,"Rajiv Gandhi International Stadium, Uppal",Deccan Chargers,Mumbai Indians,Deccan Chargers,field,Mumbai Indians,,normal,25,0,,DJ Bravo
336025,2007/08,2008/05/18,Kolkata,Eden Gardens,Kolkata Knight Riders,Chennai Super Kings,Kolkata Knight Riders,bat,Chennai Super Kings,,normal,3,0,D/L,M Ntini
336026,2007/08,2008/05/19,Bangalore,M Chinnaswamy Stadium,Royal Challengers Bangalore,Delhi Daredevils,Delhi Daredevils,field,Delhi Daredevils,,normal,0,5,,SP Goswami
336027,2007/08,2008/05/20,Kolkata,Eden Gardens,Kolkata Knight Riders,Rajasthan Royals,Rajasthan Royals,field,Rajasthan Royals,,normal,0,6,,YK Pathan
336028,2007/08,2008/05/21,Mumbai,Wankhede Stadium,Mumbai Indians,Kings XI Punjab,Mumbai Indians,field,Kings XI Punjab,,normal,1,0,,SE Marsh
336029,2007/08,2008/05/21,Chennai,"MA Chidambaram Stadium, Chepauk",Chennai Super Kings,Royal Challengers Bangalore,Royal Challengers Bangalore,bat,Royal Challengers Bangalore,,normal,14,0,,A Kumble
336031,2007/08,2008/05/23,Chandigarh,"Punjab Cricket Association Stadium, Mohali",Kings XI Punjab,Deccan Chargers,Kings XI Punjab,field,Kings XI Punjab,,normal,0,6,,SE Marsh
336032,2007/08,2008/05/24,Delhi,Feroz Shah Kotla,Delhi Daredevils,Mumbai Indians,Delhi Daredevils,field,Delhi Daredevils,,normal,0,5,,KD Karthik
336033,2007/08,2008/05/24,Chennai,"MA Chidambaram Stadium, Chepauk",Chennai Super Kings,Rajasthan Royals,Rajasthan Royals,bat,Rajasthan Royals,,normal,10,0,,JA Morkel
336002,2007/08,2008/05/25,Hyderabad,"Rajiv Gandhi International Stadium, Uppal",Deccan Chargers,Royal Challengers Bangalore,Deccan Chargers,bat,Royal Challengers Bangalore,,normal,0,5,,R Vinay Kumar
336035,2007/08,2008/05/25,Kolkata,Eden Gardens,Kolkata Knight Riders,Kings XI Punjab,Kings XI Punjab,bat,Kolkata Knight Riders,,normal,0,3,,Umar Gul
336036,2007/08,2008/05/26,Jaipur,Sawai Mansingh Stadium,Rajasthan Royals,Mumbai Indians,Rajasthan Royals,field,Rajasthan Royals,,normal,0,5,,Sohail Tanvir
336037,2007/08,2008/05/27,Hyderabad,"Rajiv Gandhi International Stadium, Uppal",Deccan Chargers,Chennai Super Kings,Deccan Chargers,bat,Chennai Super Kings,,normal,0,7,,SK Raina
336012,2007/08,2008/05/28,Bangalore,M Chinnaswamy Stadium,Royal Challengers Bangalore,Mumbai Indians,Mumbai Indians,field,Mumbai Indians,,normal,0,9,,CRD Fernando
336019,2007/08,2008/05/28,Chandigarh,"Punjab Cricket Association Stadium, Mohali",Kings XI Punjab,Rajasthan Royals,Rajasthan Royals,field,Kings XI Punjab,,normal,41,0,,SE Marsh
336038,2007/08,2008/05/30,Mumbai,Wankhede Stadium,Delhi Daredevils,Rajasthan Royals,Delhi Daredevils,field,Rajasthan Royals,,normal,105,0,,SR Watson
336039,2007/08,2008/05/31,Mumbai,Wankhede Stadium,Chennai Super Kings,Kings XI Punjab,Kings XI Punjab,bat,Chennai Super Kings,,normal,0,9,,M Ntini
336040,2007/08,2008/06/01,Mumbai,Dr DY Patil Sports Academy,Chennai Super Kings,Rajasthan Royals,Rajasthan Royals,field,Rajasthan Royals,,normal,0,3,,YK Pathan
392181,2009,2009/04/18,Cape Town,Newlands,Chennai Super Kings,Mumbai Indians,Chennai Super Kings,field,Mumbai Indians,,normal,19,0,,SR Tendulkar
392182,2009,2009/04/18,Cape Town,Newlands,Royal Challengers Bangalore,Rajasthan Royals,Royal Challengers Bangalore,bat,Royal Challengers Bangalore,,normal,75,0,,R Dravid
392183,2009,2009/04/19,Cape Town,Newlands,Delhi Daredevils,Kings XI Punjab,Delhi Daredevils,field,Delhi Daredevils,,normal,0,10,D/L,DL Vettori
392184,2009,2009/04/19,Cape Town,Newlands,Deccan Chargers,Kolkata Knight Riders,Kolkata Knight Riders,bat,Deccan Chargers,,normal,0,8,,RP Singh
392185,2009,2009/04/20,Port Elizabeth,St George's Park,Royal Challengers Bangalore,Chennai Super Kings,Chennai Super Kings,bat,Chennai Super Kings,,normal,92,0,,M Muralitharan
392186,2009,2009/04/21,Durban,Kingsmead,Kings XI Punjab,Kolkata Knight Riders,Kolkata Knight Riders,field,Kolkata Knight Riders,,normal,11,0,D/L,CH Gayle
392188,2009,2009/04/22,Cape Town,Newlands,Royal Challengers Bangalore,Deccan Chargers,Deccan Chargers,bat,Deccan Chargers,,normal,24,0,,AC Gilchrist
392189,2009,2009/04/23,Durban,Kingsmead,Chennai Super Kings,Delhi Daredevils,Delhi Daredevils,bat,Delhi Daredevils,,normal,9,0,,AB de Villiers
392190,2009,2009/04/23,Cape Town,Newlands,Kolkata Knight Riders,Rajasthan Royals,Kolkata Knight Riders,field,Rajasthan Royals,Rajasthan Royals,tie,0,0,,YK Pathan
392191,2009,2009/04/24,Durban,Kingsmead,Royal Challengers Bangalore,Kings XI Punjab,Royal Challengers Bangalore,bat,Kings XI Punjab,,normal,0,7,,RS Bopara
392192,2009,2009/04/25,Durban,Kingsmead,Deccan Chargers,Mumbai Indians,Deccan Chargers,bat,Deccan Chargers,,normal,12,0,,PP Ojha
392194,2009,2009/04/26,Port Elizabeth,St George's Park,Royal Challengers Bangalore,Delhi Daredevils,Royal Challengers Bangalore,bat,Delhi Daredevils,,normal,0,6,,TM Dilshan
392195,2009,2009/04/26,Cape Town,Newlands,Kings XI Punjab,Rajasthan Royals,Kings XI Punjab,bat,Kings XI Punjab,,normal,27,0,,KC Sangakkara
392196,2009,2009/04/27,Durban,Kingsmead,Chennai Super Kings,Deccan Chargers,Deccan Chargers,field,Deccan Chargers,,normal,0,6,,HH Gibbs
392197,2009,2009/04/27,Port Elizabeth,St George's Park,Kolkata Knight Riders,Mumbai Indians,Mumbai Indians,bat,Mumbai Indians,,normal,92,0,,SR Tendulkar
392198,2009,2009/04/28,Centurion,SuperSport Park,Delhi Daredevils,Rajasthan Royals,Delhi Daredevils,bat,Rajasthan Royals,,normal,0,5,,YK Pathan
392199,2009,2009/04/29,Durban,Kingsmead,Royal Challengers Bangalore,Kolkata Knight Riders,Kolkata Knight Riders,bat,Royal Challengers Bangalore,,normal,0,5,,MV Boucher
392200,2009,2009/04/29,Durban,Kingsmead,Kings XI Punjab,Mumbai Indians,Kings XI Punjab,bat,Kings XI Punjab,,normal,3,0,,KC Sangakkara
392201,2009,2009/04/30,Centurion,SuperSport Park,Deccan Chargers,Delhi Daredevils,Delhi Daredevils,field,Delhi Daredevils,,normal,0,6,,DP Nannes
392202,2009,2009/04/30,Centurion,SuperSport Park,Chennai Super Kings,Rajasthan Royals,Rajasthan Royals,field,Chennai Super Kings,,normal,38,0,,SK Raina
392203,2009,2009/05/01,East London,Buffalo Park,Kolkata Knight Riders,Mumbai Indians,Mumbai Indians,bat,Mumbai Indians,,normal,9,0,,JP Duminy
392204,2009,2009/05/01,Durban,Kingsmead,Royal Challengers Bangalore,Kings XI Punjab,Royal Challengers Bangalore,bat,Royal Challengers Bangalore,,normal,8,0,,Yuvraj Singh
392205,2009,2009/05/02,Port Elizabeth,St George's Park,Deccan Chargers,Rajasthan Royals,Deccan Chargers,bat,Rajasthan Royals,,normal,0,3,,YK Pathan
392206,2009,2009/05/02,Johannesburg,New Wanderers Stadium,Chennai Super Kings,Delhi Daredevils,Delhi Daredevils,field,Chennai Super Kings,,normal,18,0,,SB Jakati
392207,2009,2009/05/03,Port Elizabeth,St George's Park,Kings XI Punjab,Kolkata Knight Riders,Kolkata Knight Riders,bat,Kings XI Punjab,,normal,0,6,,DPMD Jayawardene
392208,2009,2009/05/03,Johannesburg,New Wanderers Stadium,Royal Challengers Bangalore,Mumbai Indians,Mumbai Indians,bat,Royal Challengers Bangalore,,normal,0,9,,JH Kallis
392209,2009,2009/05/04,East London,Buffalo Park,Chennai Super Kings,Deccan Chargers,Chennai Super Kings,bat,Chennai Super Kings,,normal,78,0,,MS Dhoni
392210,2009,2009/05/05,Durban,Kingsmead,Kings XI Punjab,Rajasthan Royals,Kings XI Punjab,field,Rajasthan Royals,,normal,78,0,,GC Smith
392211,2009,2009/05/05,Durban,Kingsmead,Delhi Daredevils,Kolkata Knight Riders,Kolkata Knight Riders,bat,Delhi Daredevils,,normal,0,9,,G Gambhir
392212,2009,2009/05/06,Centurion,SuperSport Park,Deccan Chargers,Mumbai Indians,Deccan Chargers,bat,Deccan Chargers,,normal,19,0,,RG Sharma
392213,2009,2009/05/07,Centurion,SuperSport Park,Royal Challengers Bangalore,Rajasthan Royals,Rajasthan Royals,field,Rajasthan Royals,,normal,0,7,,A Singh
392214,2009,2009/05/07,Centurion,SuperSport Park,Chennai Super Kings,Kings XI Punjab,Chennai Super Kings,bat,Chennai Super Kings,,normal,12,0,D/L,ML Hayden
392215,2009,2009/05/08,East London,Buffalo Park,Delhi Daredevils,Mumbai Indians,Mumbai Indians,bat,Delhi Daredevils,,normal,0,7,,A Nehra
392216,2009,2009/05/09,Kimberley,De Beers Diamond Oval,Deccan Chargers,Kings XI Punjab,Kings XI Punjab,field,Kings XI Punjab,,normal,0,3,,DPMD Jayawardene
392217,2009,2009/05/09,Kimberley,De Beers Diamond Oval,Chennai Super Kings,Rajasthan Royals,Rajasthan Royals,bat,Chennai Super Kings,,normal,0,7,,S Badrinath
392218,2009,2009/05/10,Port Elizabeth,St George's Park,Royal Challengers Bangalore,Mumbai Indians,Mumbai Indians,bat,Mumbai Indians,,normal,16,0,,JP Duminy
392219,2009,2009/05/10,Johannesburg,New Wanderers Stadium,Delhi Daredevils,Kolkata Knight Riders,Delhi Daredevils,field,Delhi Daredevils,,normal,0,7,,A Mishra
392220,2009,2009/05/11,Kimberley,De Beers Diamond Oval,Deccan Chargers,Rajasthan Royals,Deccan Chargers,bat,Deccan Chargers,,normal,53,0,,DR Smith
392221,2009,2009/05/12,Centurion,SuperSport Park,Royal Challengers Bangalore,Kolkata Knight Riders,Royal Challengers Bangalore,field,Royal Challengers Bangalore,,normal,0,6,,LRPL Taylor
392222,2009,2009/05/12,Centurion,SuperSport Park,Kings XI Punjab,Mumbai Indians,Kings XI Punjab,bat,Mumbai Indians,,normal,0,8,,Harbhajan Singh
392223,2009,2009/05/13,Durban,Kingsmead,Deccan Chargers,Delhi Daredevils,Deccan Chargers,field,Delhi Daredevils,,normal,12,0,,R Bhatia
392224,2009,2009/05/14,Durban,Kingsmead,Royal Challengers Bangalore,Chennai Super Kings,Chennai Super Kings,bat,Royal Challengers Bangalore,,normal,0,2,,LRPL Taylor
392225,2009,2009/05/14,Durban,Kingsmead,Mumbai Indians,Rajasthan Royals,Rajasthan Royals,bat,Rajasthan Royals,,normal,2,0,,SK Warne
392226,2009,2009/05/15,Bloemfontein,OUTsurance Oval,Delhi Daredevils,Kings XI Punjab,Kings XI Punjab,field,Kings XI Punjab,,normal,0,6,,B Lee
392227,2009,2009/05/16,Port Elizabeth,St George's Park,Chennai Super Kings,Mumbai Indians,Mumbai Indians,bat,Chennai Super Kings,,normal,0,7,,ML Hayden
392228,2009,2009/05/16,Johannesburg,New Wanderers Stadium,Deccan Chargers,Kolkata Knight Riders,Deccan Chargers,field,Deccan Chargers,,normal,0,6,,RG Sharma
392229,2009,2009/05/17,Johannesburg,New Wanderers Stadium,Deccan Chargers,Kings XI Punjab,Deccan Chargers,field,Kings XI Punjab,,normal,1,0,,Yuvraj Singh
392230,2009,2009/05/17,Bloemfontein,OUTsurance Oval,Delhi Daredevils,Rajasthan Royals,Delhi Daredevils,bat,Delhi Daredevils,,normal,14,0,,AB de Villiers
392231,2009,2009/05/18,Centurion,SuperSport Park,Chennai Super Kings,Kolkata Knight Riders,Chennai Super Kings,bat,Kolkata Knight Riders,,normal,0,7,,BJ Hodge
392232,2009,2009/05/19,Johannesburg,New Wanderers Stadium,Royal Challengers Bangalore,Delhi Daredevils,Delhi Daredevils,bat,Royal Challengers Bangalore,,normal,0,7,,JH Kallis
392233,2009,2009/05/20,Durban,Kingsmead,Kolkata Knight Riders,Rajasthan Royals,Kolkata Knight Riders,field,Kolkata Knight Riders,,normal,0,4,,LR Shukla
392234,2009,2009/05/20,Durban,Kingsmead,Chennai Super Kings,Kings XI Punjab,Chennai Super Kings,bat,Chennai Super Kings,,normal,24,0,,M Muralitharan
392235,2009,2009/05/21,Centurion,SuperSport Park,Delhi Daredevils,Mumbai Indians,Delhi Daredevils,field,Delhi Daredevils,,normal,0,4,,V Sehwag
392236,2009,2009/05/21,Centurion,SuperSport Park,Royal Challengers Bangalore,Deccan Chargers,Royal Challengers Bangalore,bat,Royal Challengers Bangalore,,normal,12,0,,MK Pandey
392237,2009,2009/05/22,Centurion,SuperSport Park,Delhi Daredevils,Deccan Chargers,Deccan Chargers,field,Deccan Chargers,,normal,0,6,,AC Gilchrist
392238,2009,2009/05/23,Johannesburg,New Wanderers Stadium,Royal Challengers Bangalore,Chennai Super Kings,Royal Challengers Bangalore,field,Royal Challengers Bangalore,,normal,0,6,,MK Pandey
392239,2009,2009/05/24,Johannesburg,New Wanderers Stadium,Royal Challengers Bangalore,Deccan Chargers,Royal Challengers Bangalore,field,Deccan Chargers,,normal,6,0,,A Kumble
419106,2009/10,2010/03/12,Mumbai,Dr DY Patil Sports Academy,Deccan Chargers,Kolkata Knight Riders,Deccan Chargers,field,Kolkata Knight Riders,,normal,11,0,,AD Mathews
419107,2009/10,2010/03/13,Mumbai,Brabourne Stadium,Mumbai Indians,Rajasthan Royals,Mumbai Indians,bat,Mumbai Indians,,normal,4,0,,YK Pathan
419108,2009/10,2010/03/13,Chandigarh,"Punjab Cricket Association Stadium, Mohali",Kings XI Punjab,Delhi Daredevils,Delhi Daredevils,field,Delhi Daredevils,,normal,0,5,,G Gambhir
419109,2009/10,2010/03/14,Kolkata,Eden Gardens,Kolkata Knight Riders,Royal Challengers Bangalore,Kolkata Knight Riders,field,Kolkata Knight Riders,,normal,0,7,,MK Tiwary
419110,2009/10,2010/03/14,Chennai,"MA Chidambaram Stadium, Chepauk",Chennai Super Kings,Deccan Chargers,Deccan Chargers,bat,Deccan Chargers,,normal,31,0,,WPUJC Vaas
419111,2009/10,2010/03/15,Ahmedabad,"Sardar Patel Stadium, Motera",Rajasthan Royals,Delhi Daredevils,Delhi Daredevils,field,Delhi Daredevils,,normal,0,6,,V Sehwag
419112,2009/10,2010/03/16,Bangalore,M Chinnaswamy Stadium,Royal Challengers Bangalore,Kings XI Punjab,Kings XI Punjab,bat,Royal Challengers Bangalore,,normal,0,8,,JH Kallis
419113,2009/10,2010/03/16,Kolkata,Eden Gardens,Kolkata Knight Riders,Chennai Super Kings,Chennai Super Kings,bat,Chennai Super Kings,,normal,55,0,,MS Dhoni
419114,2009/10,2010/03/17,Delhi,Feroz Shah Kotla,Delhi Daredevils,Mumbai Indians,Delhi Daredevils,field,Mumbai Indians,,normal,98,0,,SR Tendulkar
419115,2009/10,2010/03/18,Bangalore,M Chinnaswamy Stadium,Royal Challengers Bangalore,Rajasthan Royals,Royal Challengers Bangalore,field,Royal Challengers Bangalore,,normal,0,10,,JH Kallis
419116,2009/10,2010/03/19,Delhi,Feroz Shah Kotla,Delhi Daredevils,Chennai Super Kings,Delhi Daredevils,bat,Chennai Super Kings,,normal,0,5,,ML Hayden
419117,2009/10,2010/03/19,Cuttack,Barabati Stadium,Deccan Chargers,Kings XI Punjab,Kings XI Punjab,field,Deccan Chargers,,normal,6,0,,A Symonds
419118,2009/10,2010/03/20,Ahmedabad,"Sardar Patel Stadium, Motera",Rajasthan Royals,Kolkata Knight Riders,Rajasthan Royals,bat,Rajasthan Royals,,normal,34,0,,AA Jhunjhunwala
419119,2009/10,2010/03/20,Mumbai,Brabourne Stadium,Mumbai Indians,Royal Challengers Bangalore,Mumbai Indians,bat,Royal Challengers Bangalore,,normal,0,7,,JH Kallis
419120,2009/10,2010/03/21,Cuttack,Barabati Stadium,Deccan Chargers,Delhi Daredevils,Deccan Chargers,bat,Deccan Chargers,,normal,10,0,,A Symonds
419121,2009/10,2010/03/21,Chennai,"MA Chidambaram Stadium, Chepauk",Chennai Super Kings,Kings XI Punjab,Chennai Super Kings,field,Kings XI Punjab,Kings XI Punjab,tie,0,0,,J Theron
419122,2009/10,2010/03/22,Mumbai,Brabourne Stadium,Mumbai Indians,Kolkata Knight Riders,Kolkata Knight Riders,bat,Mumbai Indians,,normal,0,7,,SR Tendulkar
419123,2009/10,2010/03/23,Bangalore,M Chinnaswamy Stadium,Royal Challengers Bangalore,Chennai Super Kings,Chennai Super Kings,field,Royal Challengers Bangalore,,normal,36,0,,RV Uthappa
419124,2009/10,2010/03/24,Chandigarh,"Punjab Cricket Association Stadium, Mohali",Kings XI Punjab,Rajasthan Royals,Kings XI Punjab,field,Rajasthan Royals,,normal,31,0,,AC Voges
419125,2009/10,2010/03/25,Mumbai,"Brabourne Stadium, Mumbai",Chennai Super Kings,Mumbai Indians,Mumbai Indians,field,Mumbai Indians,,normal,0,5,,SR Tendulkar
419128,2009/10,2010/03/25,Bangalore,M Chinnaswamy Stadium,Royal Challengers Bangalore,Delhi Daredevils,Royal Challengers Bangalore,field,Delhi Daredevils,,normal,17,0,,KM Jadhav
419126,2009/10,2010/03/26,Ahmedabad,"Sardar Patel Stadium, Motera",Rajasthan Royals,Deccan Chargers,Deccan Chargers,bat,Rajasthan Royals,,normal,0,8,,YK Pathan
419127,2009/10,2010/03/27,Chandigarh,"Punjab Cricket Association Stadium, Mohali",Kings XI Punjab,Kolkata Knight Riders,Kolkata Knight Riders,bat,Kolkata Knight Riders,,normal,39,0,,MK Tiwary
419129,2009/10,2010/03/28,Ahmedabad,"Sardar Patel Stadium, Motera",Rajasthan Royals,Chennai Super Kings,Rajasthan Royals,bat,Rajasthan Royals,,normal,17,0,,NV Ojha
419130,2009/10,2010/03/28,Mumbai,Dr DY Patil Sports Academy,Deccan Chargers,Mumbai Indians,Deccan Chargers,field,Mumbai Indians,,normal,41,0,,Harbhajan Singh
419131,2009/10,2010/03/29,Delhi,Feroz Shah Kotla,Delhi Daredevils,Kolkata Knight Riders,Delhi Daredevils,bat,Delhi Daredevils,,normal,40,0,,DA Warner
419132,2009/10,2010/03/30,Mumbai,Brabourne Stadium,Mumbai Indians,Kings XI Punjab,Mumbai Indians,field,Mumbai Indians,,normal,0,4,,SL Malinga
419133,2009/10,2010/03/31,Chennai,"MA Chidambaram Stadium, Chepauk",Chennai Super Kings,Royal Challengers Bangalore,Royal Challengers Bangalore,bat,Chennai Super Kings,,normal,0,5,,M Vijay
419134,2009/10,2010/03/31,Delhi,Feroz Shah Kotla,Delhi Daredevils,Rajasthan Royals,Delhi Daredevils,bat,Delhi Daredevils,,normal,67,0,,KD Karthik
419135,2009/10,2010/04/01,Kolkata,Eden Gardens,Kolkata Knight Riders,Deccan Chargers,Kolkata Knight Riders,bat,Kolkata Knight Riders,,normal,24,0,,SC Ganguly
419136,2009/10,2010/04/02,Chandigarh,"Punjab Cricket Association Stadium, Mohali",Kings XI Punjab,Royal Challengers Bangalore,Kings XI Punjab,bat,Royal Challengers Bangalore,,normal,0,6,,KP Pietersen
419137,2009/10,2010/04/03,Chennai,"MA Chidambaram Stadium, Chepauk",Chennai Super Kings,Rajasthan Royals,Chennai Super Kings,bat,Chennai Super Kings,,normal,23,0,,M Vijay
419138,2009/10,2010/04/03,Mumbai,Brabourne Stadium,Mumbai Indians,Deccan Chargers,Mumbai Indians,bat,Mumbai Indians,,normal,63,0,,AT Rayudu
419139,2009/10,2010/04/04,Kolkata,Eden Gardens,Kolkata Knight Riders,Kings XI Punjab,Kolkata Knight Riders,bat,Kings XI Punjab,,normal,0,8,,DPMD Jayawardene
419140,2009/10,2010/04/04,Delhi,Feroz Shah Kotla,Delhi Daredevils,Royal Challengers Bangalore,Delhi Daredevils,bat,Delhi Daredevils,,normal,37,0,,PD Collingwood
419141,2009/10,2010/04/05,Nagpur,"Vidarbha Cricket Association Stadium, Jamtha",Deccan Chargers,Rajasthan Royals,Rajasthan Royals,bat,Rajasthan Royals,,normal,2,0,,SK Warne
419142,2009/10,2010/04/06,Chennai,"MA Chidambaram Stadium, Chepauk",Chennai Super Kings,Mumbai Indians,Chennai Super Kings,bat,Chennai Super Kings,,normal,24,0,,SK Raina
419143,2009/10,2010/04/07,Jaipur,Sawai Mansingh Stadium,Rajasthan Royals,Kings XI Punjab,Kings XI Punjab,bat,Rajasthan Royals,,normal,0,9,,MJ Lumb
419144,2009/10,2010/04/07,Kolkata,Eden Gardens,Kolkata Knight Riders,Delhi Daredevils,Kolkata Knight Riders,bat,Kolkata Knight Riders,,normal,14,0,,SC Ganguly
419145,2009/10,2010/04/08,Bangalore,M Chinnaswamy Stadium,Royal Challengers Bangalore,Deccan Chargers,Deccan Chargers,field,Deccan Chargers,,normal,0,7,,TL Suman
419146,2009/10,2010/04/09,Chandigarh,"Punjab Cricket Association Stadium, Mohali",Kings XI Punjab,Mumbai Indians,Mumbai Indians,bat,Kings XI Punjab,,normal,0,6,,KC Sangakkara
419147,2009/10,2010/04/10,Nagpur,"Vidarbha Cricket Association Stadium, Jamtha",Deccan Chargers,Chennai Super Kings,Chennai Super Kings,bat,Deccan Chargers,,normal,0,6,,RJ Harris
419148,2009/10,2010/04/10,Bangalore,M Chinnaswamy Stadium,Royal Challengers Bangalore,Kolkata Knight Riders,Royal Challengers Bangalore,field,Royal Challengers Bangalore,,normal,0,7,,R Vinay Kumar
419149,2009/10,2010/04/11,Delhi,Feroz Shah Kotla,Delhi Daredevils,Kings XI Punjab,Delhi Daredevils,bat,Kings XI Punjab,,normal,0,7,,PP Chawla
419150,2009/10,2010/04/11,Jaipur,Sawai Mansingh Stadium,Rajasthan Royals,Mumbai Indians,Rajasthan Royals,field,Mumbai Indians,,normal,37,0,,SR Tendulkar
419151,2009/10,2010/04/12,Nagpur,"Vidarbha Cricket Association Stadium, Jamtha",Deccan Chargers,Royal Challengers Bangalore,Royal Challengers Bangalore,field,Deccan Chargers,,normal,13,0,,Harmeet Singh
419152,2009/10,2010/04/13,Mumbai,Brabourne Stadium,Mumbai Indians,Delhi Daredevils,Mumbai Indians,bat,Mumbai Indians,,normal,39,0,,KA Pollard
419153,2009/10,2010/04/13,Chennai,"MA Chidambaram Stadium, Chepauk",Chennai Super Kings,Kolkata Knight Riders,Kolkata Knight Riders,bat,Chennai Super Kings,,normal,0,9,,R Ashwin
419154,2009/10,2010/04/14,Jaipur,Sawai Mansingh Stadium,Rajasthan Royals,Royal Challengers Bangalore,Rajasthan Royals,bat,Royal Challengers Bangalore,,normal,0,5,,KP Pietersen
419155,2009/10,2010/04/15,Chennai,"MA Chidambaram Stadium, Chepauk",Chennai Super Kings,Delhi Daredevils,Chennai Super Kings,bat,Delhi Daredevils,,normal,0,6,,G Gambhir
419156,2009/10,2010/04/16,Dharamsala,Himachal Pradesh Cricket Association Stadium,Kings XI Punjab,Deccan Chargers,Deccan Chargers,field,Deccan Chargers,,normal,0,5,,RG Sharma
419157,2009/10,2010/04/17,Bangalore,M Chinnaswamy Stadium,Royal Challengers Bangalore,Mumbai Indians,Royal Challengers Bangalore,field,Mumbai Indians,,normal,57,0,,R McLaren
419158,2009/10,2010/04/17,Kolkata,Eden Gardens,Kolkata Knight Riders,Rajasthan Royals,Rajasthan Royals,bat,Kolkata Knight Riders,,normal,0,8,,JD Unadkat
419159,2009/10,2010/04/18,Dharamsala,Himachal Pradesh Cricket Association Stadium,Kings XI Punjab,Chennai Super Kings,Chennai Super Kings,field,Chennai Super Kings,,normal,0,6,,MS Dhoni
419160,2009/10,2010/04/18,Delhi,Feroz Shah Kotla,Delhi Daredevils,Deccan Chargers,Deccan Chargers,bat,Deccan Chargers,,normal,11,0,,A Symonds
419161,2009/10,2010/04/19,Kolkata,Eden Gardens,Kolkata Knight Riders,Mumbai Indians,Mumbai Indians,bat,Kolkata Knight Riders,,normal,0,9,,M Kartik
419162,2009/10,2010/04/21,Mumbai,Dr DY Patil Sports Academy,Royal Challengers Bangalore,Mumbai Indians,Mumbai Indians,bat,Mumbai Indians,,normal,35,0,,KA Pollard
419163,2009/10,2010/04/22,Mumbai,Dr DY Patil Sports Academy,Chennai Super Kings,Deccan Chargers,Chennai Super Kings,bat,Chennai Super Kings,,normal,38,0,,DE Bollinger
419164,2009/10,2010/04/24,Mumbai,Dr DY Patil Sports Academy,Royal Challengers Bangalore,Deccan Chargers,Deccan Chargers,bat,Royal Challengers Bangalore,,normal,0,9,,A Kumble
419165,2009/10,2010/04/25,Mumbai,Dr DY Patil Sports Academy,Chennai Super Kings,Mumbai Indians,Chennai Super Kings,bat,Chennai Super Kings,,normal,22,0,,SK Raina
501198,2011,2011/04/08,Chennai,"MA Chidambaram Stadium, Chepauk",Chennai Super Kings,Kolkata Knight Riders,Chennai Super Kings,bat,Chennai Super Kings,,normal,2,0,,S Anirudha
501199,2011,2011/04/09,Hyderabad,"Rajiv Gandhi International Stadium, Uppal",Deccan Chargers,Rajasthan Royals,Rajasthan Royals,field,Rajasthan Royals,,normal,0,8,,SK Trivedi
501200,2011,2011/04/09,Kochi,Nehru Stadium,Kochi Tuskers Kerala,Royal Challengers Bangalore,Kochi Tuskers Kerala,bat,Royal Challengers Bangalore,,normal,0,6,,AB de Villiers
501201,2011,2011/04/10,Delhi,Feroz Shah Kotla,Delhi Daredevils,Mumbai Indians,Delhi Daredevils,bat,Mumbai Indians,,normal,0,8,,SL Malinga
501202,2011,2011/04/10,Mumbai,Dr DY Patil Sports Academy,Pune Warriors,Kings XI Punjab,Kings XI Punjab,bat,Pune Warriors,,normal,0,7,,SB Wagh
501203,2011,2011/04/11,Kolkata,Eden Gardens,Kolkata Knight Riders,Deccan Chargers,Kolkata Knight Riders,bat,Kolkata Knight Riders,,normal,9,0,,JH Kallis
501204,2011,2011/04/12,Jaipur,Sawai Mansingh Stadium,Rajasthan Royals,Delhi Daredevils,Delhi Daredevils,bat,Rajasthan Royals,,normal,0,6,,SK Warne
501205,2011,2011/04/12,Bangalore,M Chinnaswamy Stadium,Royal Challengers Bangalore,Mumbai Indians,Mumbai Indians,field,Mumbai Indians,,normal,0,9,,SR Tendulkar
501206,2011,2011/04/13,Chandigarh,"Punjab Cricket Association Stadium, Mohali",Kings XI Punjab,Chennai Super Kings,Kings XI Punjab,field,Kings XI Punjab,,normal,0,6,,PC Valthaty
501207,2011,2011/04/13,Mumbai,Dr DY Patil Sports Academy,Pune Warriors,Kochi Tuskers Kerala,Kochi Tuskers Kerala,bat,Pune Warriors,,normal,0,4,,MD Mishra
501208,2011,2011/04/14,Hyderabad,"Rajiv Gandhi International Stadium, Uppal",Deccan Chargers,Royal Challengers Bangalore,Royal Challengers Bangalore,field,Deccan Chargers,,normal,33,0,,DW Steyn
501209,2011,2011/04/15,Jaipur,Sawai Mansingh Stadium,Rajasthan Royals,Kolkata Knight Riders,Kolkata Knight Riders,field,Kolkata Knight Riders,,normal,0,9,,G Gambhir
501210,2011,2011/04/15,Mumbai,Wankhede Stadium,Mumbai Indians,Kochi Tuskers Kerala,Kochi Tuskers Kerala,field,Kochi Tuskers Kerala,,normal,0,8,,BB McCullum
501211,2011,2011/04/16,Chennai,"MA Chidambaram Stadium, Chepauk",Chennai Super Kings,Royal Challengers Bangalore,Chennai Super Kings,bat,Chennai Super Kings,,normal,21,0,,MEK Hussey
501212,2011,2011/04/16,Hyderabad,"Rajiv Gandhi International Stadium, Uppal",Deccan Chargers,Kings XI Punjab,Kings XI Punjab,field,Kings XI Punjab,,normal,0,8,,PC Valthaty
501213,2011,2011/04/17,Mumbai,Dr DY Patil Sports Academy,Pune Warriors,Delhi Daredevils,Delhi Daredevils,field,Delhi Daredevils,,normal,0,3,,Yuvraj Singh
501214,2011,2011/04/17,Kolkata,Eden Gardens,Kolkata Knight Riders,Rajasthan Royals,Kolkata Knight Riders,field,Kolkata Knight Riders,,normal,0,8,,L Balaji
501215,2011,2011/04/18,Kochi,Nehru Stadium,Kochi Tuskers Kerala,Chennai Super Kings,Kochi Tuskers Kerala,field,Kochi Tuskers Kerala,,normal,0,7,D/L,BB McCullum
501216,2011,2011/04/19,Delhi,Feroz Shah Kotla,Delhi Daredevils,Deccan Chargers,Deccan Chargers,bat,Deccan Chargers,,normal,16,0,,S Sohal
501218,2011,2011/04/20,Mumbai,Wankhede Stadium,Mumbai Indians,Pune Warriors,Pune Warriors,bat,Mumbai Indians,,normal,0,7,,MM Patel
501219,2011,2011/04/20,Kolkata,Eden Gardens,Kolkata Knight Riders,Kochi Tuskers Kerala,Kolkata Knight Riders,field,Kochi Tuskers Kerala,,normal,6,0,,DPMD Jayawardene
501220,2011,2011/04/21,Chandigarh,"Punjab Cricket Association Stadium, Mohali",Kings XI Punjab,Rajasthan Royals,Rajasthan Royals,field,Kings XI Punjab,,normal,48,0,,SE Marsh
501221,2011,2011/04/22,Mumbai,Wankhede Stadium,Mumbai Indians,Chennai Super Kings,Chennai Super Kings,field,Mumbai Indians,,normal,8,0,,Harbhajan Singh
501222,2011,2011/04/22,Kolkata,Eden Gardens,Kolkata Knight Riders,Royal Challengers Bangalore,Royal Challengers Bangalore,field,Royal Challengers Bangalore,,normal,0,9,,CH Gayle
501223,2011,2011/04/23,Delhi,Feroz Shah Kotla,Delhi Daredevils,Kings XI Punjab,Kings XI Punjab,field,Delhi Daredevils,,normal,29,0,,DA Warner
501224,2011,2011/04/24,Hyderabad,"Rajiv Gandhi International Stadium, Uppal",Deccan Chargers,Mumbai Indians,Deccan Chargers,field,Mumbai Indians,,normal,37,0,,SL Malinga
501225,2011,2011/04/24,Jaipur,Sawai Mansingh Stadium,Rajasthan Royals,Kochi Tuskers Kerala,Rajasthan Royals,field,Rajasthan Royals,,normal,0,8,,SK Warne
501226,2011,2011/04/25,Chennai,"MA Chidambaram Stadium, Chepauk",Chennai Super Kings,Pune Warriors,Pune Warriors,field,Chennai Super Kings,,normal,25,0,,MEK Hussey
501227,2011,2011/04/26,Delhi,Feroz Shah Kotla,Delhi Daredevils,Royal Challengers Bangalore,Royal Challengers Bangalore,field,Royal Challengers Bangalore,,normal,0,3,,V Kohli
501228,2011,2011/04/27,Mumbai,Dr DY Patil Sports Academy,Pune Warriors,Chennai Super Kings,Pune Warriors,bat,Chennai Super Kings,,normal,0,8,,DE Bollinger
501229,2011,2011/04/27,Kochi,Nehru Stadium,Kochi Tuskers Kerala,Deccan Chargers,Kochi Tuskers Kerala,field,Deccan Chargers,,normal,55,0,,I Sharma
501230,2011,2011/04/28,Delhi,Feroz Shah Kotla,Delhi Daredevils,Kolkata Knight Riders,Delhi Daredevils,field,Kolkata Knight Riders,,normal,17,0,,MK Tiwary
501231,2011,2011/04/29,Jaipur,Sawai Mansingh Stadium,Rajasthan Royals,Mumbai Indians,Rajasthan Royals,field,Rajasthan Royals,,normal,0,7,,J Botha
501232,2011,2011/04/29,Bangalore,M Chinnaswamy Stadium,Royal Challengers Bangalore,Pune Warriors,Pune Warriors,field,Royal Challengers Bangalore,,normal,26,0,,V Kohli
501233,2011,2011/04/30,Kochi,Nehru Stadium,Kochi Tuskers Kerala,Delhi Daredevils,Delhi Daredevils,bat,Delhi Daredevils,,normal,38,0,,V Sehwag
501234,2011,2011/04/30,Kolkata,Eden Gardens,Kolkata Knight Riders,Kings XI Punjab,Kolkata Knight Riders,field,Kolkata Knight Riders,,normal,0,8,,Iqbal Abdulla
501235,2011,2011/05/01,Jaipur,Sawai Mansingh Stadium,Rajasthan Royals,Pune Warriors,Rajasthan Royals,field,Rajasthan Royals,,normal,0,6,,LRPL Taylor
501236,2011,2011/05/01,Chennai,"MA Chidambaram Stadium, Chepauk",Chennai Super Kings,Deccan Chargers,Chennai Super Kings,bat,Chennai Super Kings,,normal,19,0,,JA Morkel
501237,2011,2011/05/02,Mumbai,Wankhede Stadium,Mumbai Indians,Kings XI Punjab,Kings XI Punjab,field,Mumbai Indians,,normal,23,0,,KA Pollard
501238,2011,2011/05/02,Delhi,Feroz Shah Kotla,Delhi Daredevils,Kochi Tuskers Kerala,Kochi Tuskers Kerala,field,Kochi Tuskers Kerala,,normal,0,7,,P Parameswaran
501239,2011,2011/05/03,Hyderabad,"Rajiv Gandhi International Stadium, Uppal",Deccan Chargers,Kolkata Knight Riders,Deccan Chargers,field,Kolkata Knight Riders,,normal,20,0,,YK Pathan
501240,2011,2011/05/04,Chennai,"MA Chidambaram Stadium, Chepauk",Chennai Super Kings,Rajasthan Royals,Rajasthan Royals,bat,Chennai Super Kings,,normal,0,8,,MEK Hussey
501241,2011,2011/05/04,Mumbai,Dr DY Patil Sports Academy,Pune Warriors,Mumbai Indians,Pune Warriors,field,Mumbai Indians,,normal,21,0,,R Sharma
501242,2011,2011/05/05,Kochi,Nehru Stadium,Kochi Tuskers Kerala,Kolkata Knight Riders,Kolkata Knight Riders,field,Kochi Tuskers Kerala,,normal,17,0,,BJ Hodge
501243,2011,2011/05/05,Hyderabad,"Rajiv Gandhi International Stadium, Uppal",Deccan Chargers,Delhi Daredevils,Delhi Daredevils,field,Delhi Daredevils,,normal,0,4,,V Sehwag
501244,2011,2011/05/06,Bangalore,M Chinnaswamy Stadium,Royal Challengers Bangalore,Kings XI Punjab,Kings XI Punjab,field,Royal Challengers Bangalore,,normal,85,0,,CH Gayle
501245,2011,2011/05/07,Kolkata,Eden Gardens,Kolkata Knight Riders,Chennai Super Kings,Chennai Super Kings,bat,Kolkata Knight Riders,,normal,10,0,D/L,Iqbal Abdulla
501246,2011,2011/05/07,Mumbai,Wankhede Stadium,Mumbai Indians,Delhi Daredevils,Delhi Daredevils,field,Mumbai Indians,,normal,32,0,,AT Rayudu
501247,2011,2011/05/08,Bangalore,M Chinnaswamy Stadium,Royal Challengers Bangalore,Kochi Tuskers Kerala,Kochi Tuskers Kerala,bat,Royal Challengers Bangalore,,normal,0,9,,CH Gayle
501248,2011,2011/05/08,Chandigarh,"Punjab Cricket Association Stadium, Mohali",Kings XI Punjab,Pune Warriors,Kings XI Punjab,bat,Pune Warriors,,normal,0,5,,R Sharma
501249,2011,2011/05/09,Jaipur,Sawai Mansingh Stadium,Rajasthan Royals,Chennai Super Kings,Rajasthan Royals,field,Chennai Super Kings,,normal,63,0,,M Vijay
501250,2011,2011/05/10,Hyderabad,"Rajiv Gandhi International Stadium, Uppal",Deccan Chargers,Pune Warriors,Deccan Chargers,bat,Pune Warriors,,normal,0,6,,MR Marsh
501251,2011,2011/05/10,Chandigarh,"Punjab Cricket Association Stadium, Mohali",Kings XI Punjab,Mumbai Indians,Mumbai Indians,field,Kings XI Punjab,,normal,76,0,,BA Bhatt
501252,2011,2011/05/11,Jaipur,Sawai Mansingh Stadium,Rajasthan Royals,Royal Challengers Bangalore,Royal Challengers Bangalore,field,Royal Challengers Bangalore,,normal,0,9,,S Aravind
501253,2011,2011/05/12,Chennai,"MA Chidambaram Stadium, Chepauk",Chennai Super Kings,Delhi Daredevils,Chennai Super Kings,bat,Chennai Super Kings,,normal,18,0,,MS Dhoni
501254,2011,2011/05/13,Indore,Holkar Cricket Stadium,Kochi Tuskers Kerala,Kings XI Punjab,Kings XI Punjab,field,Kings XI Punjab,,normal,0,6,,KD Karthik
501255,2011,2011/05/14,Bangalore,M Chinnaswamy Stadium,Royal Challengers Bangalore,Kolkata Knight Riders,Royal Challengers Bangalore,field,Royal Challengers Bangalore,,normal,0,4,D/L,CH Gayle
501256,2011,2011/05/14,Mumbai,Wankhede Stadium,Mumbai Indians,Deccan Chargers,Deccan Chargers,bat,Deccan Chargers,,normal,10,0,,A Mishra
501257,2011,2011/05/15,Dharamsala,Himachal Pradesh Cricket Association Stadium,Kings XI Punjab,Delhi Daredevils,Delhi Daredevils,field,Kings XI Punjab,,normal,29,0,,PP Chawla
501258,2011,2011/05/15,Indore,Holkar Cricket Stadium,Kochi Tuskers Kerala,Rajasthan Royals,Kochi Tuskers Kerala,field,Kochi Tuskers Kerala,,normal,0,8,,BJ Hodge
501259,2011,2011/05/16,Mumbai,Dr DY Patil Sports Academy,Pune Warriors,Deccan Chargers,Deccan Chargers,field,Deccan Chargers,,normal,0,6,,A Mishra
501260,2011,2011/05/17,Dharamsala,Himachal Pradesh Cricket Association Stadium,Kings XI Punjab,Royal Challengers Bangalore,Kings XI Punjab,bat,Kings XI Punjab,,normal,111,0,,AC Gilchrist
501261,2011,2011/05/18,Chennai,"MA Chidambaram Stadium, Chepauk",Chennai Super Kings,Kochi Tuskers Kerala,Chennai Super Kings,bat,Chennai Super Kings,,normal,11,0,,WP Saha
501262,2011,2011/05/19,Mumbai,Dr DY Patil Sports Academy,Pune Warriors,Kolkata Knight Riders,Kolkata Knight Riders,field,Kolkata Knight Riders,,normal,0,7,,YK Pathan
501263,2011,2011/05/20,Mumbai,Wankhede Stadium,Mumbai Indians,Rajasthan Royals,Mumbai Indians,bat,Rajasthan Royals,,normal,0,10,,SR Watson
501264,2011,2011/05/21,Dharamsala,Himachal Pradesh Cricket Association Stadium,Kings XI Punjab,Deccan Chargers,Kings XI Punjab,field,Deccan Chargers,,normal,82,0,,S Dhawan
501265,2011,2011/05/21,Delhi,Feroz Shah Kotla,Delhi Daredevils,Pune Warriors,Delhi Daredevils,bat,,,no result,0,0,,
501266,2011,2011/05/22,Bangalore,M Chinnaswamy Stadium,Royal Challengers Bangalore,Chennai Super Kings,Royal Challengers Bangalore,field,Royal Challengers Bangalore,,normal,0,8,,CH Gayle
501267,2011,2011/05/22,Kolkata,Eden Gardens,Kolkata Knight Riders,Mumbai Indians,Mumbai Indians,field,Mumbai Indians,,normal,0,5,,JEC Franklin
501268,2011,2011/05/24,Mumbai,Wankhede Stadium,Royal Challengers Bangalore,Chennai Super Kings,Chennai Super Kings,field,Chennai Super Kings,,normal,0,6,,SK Raina
501269,2011,2011/05/25,Mumbai,Wankhede Stadium,Mumbai Indians,Kolkata Knight Riders,Mumbai Indians,field,Mumbai Indians,,normal,0,4,,MM Patel
501270,2011,2011/05/27,Chennai,"MA Chidambaram Stadium, Chepauk",Royal Challengers Bangalore,Mumbai Indians,Mumbai Indians,field,Royal Challengers Bangalore,,normal,43,0,,CH Gayle
501271,2011,2011/05/28,Chennai,"MA Chidambaram Stadium, Chepauk",Chennai Super Kings,Royal Challengers Bangalore,Chennai Super Kings,bat,Chennai Super Kings,,normal,58,0,,M Vijay
548306,2012,2012/04/04,Chennai,"MA Chidambaram Stadium, Chepauk",Chennai Super Kings,Mumbai Indians,Mumbai Indians,field,Mumbai Indians,,normal,0,8,,RE Levi
548307,2012,2012/04/05,Kolkata,Eden Gardens,Kolkata Knight Riders,Delhi Daredevils,Delhi Daredevils,field,Delhi Daredevils,,normal,0,8,,IK Pathan
548308,2012,2012/04/06,Mumbai,Wankhede Stadium,Mumbai Indians,Pune Warriors,Mumbai Indians,field,Pune Warriors,,normal,28,0,,SPD Smith
548309,2012,2012/04/06,Jaipur,Sawai Mansingh Stadium,Rajasthan Royals,Kings XI Punjab,Kings XI Punjab,field,Rajasthan Royals,,normal,31,0,,AM Rahane
548310,2012,2012/04/07,Bangalore,M Chinnaswamy Stadium,Royal Challengers Bangalore,Delhi Daredevils,Delhi Daredevils,field,Royal Challengers Bangalore,,normal,20,0,,AB de Villiers
548311,2012,2012/04/07,Visakhapatnam,Dr. Y.S. Rajasekhara Reddy ACA-VDCA Cricket Stadium,Deccan Chargers,Chennai Super Kings,Deccan Chargers,field,Chennai Super Kings,,normal,74,0,,RA Jadeja
548312,2012,2012/04/08,Jaipur,Sawai Mansingh Stadium,Rajasthan Royals,Kolkata Knight Riders,Kolkata Knight Riders,field,Rajasthan Royals,,normal,22,0,,BJ Hodge
548313,2012,2012/04/08,Pune,Subrata Roy Sahara Stadium,Pune Warriors,Kings XI Punjab,Pune Warriors,bat,Pune Warriors,,normal,22,0,,MN Samuels
548314,2012,2012/04/09,Visakhapatnam,Dr. Y.S. Rajasekhara Reddy ACA-VDCA Cricket Stadium,Deccan Chargers,Mumbai Indians,Deccan Chargers,bat,Mumbai Indians,,normal,0,5,,RG Sharma
548315,2012,2012/04/10,Bangalore,M Chinnaswamy Stadium,Royal Challengers Bangalore,Kolkata Knight Riders,Royal Challengers Bangalore,field,Kolkata Knight Riders,,normal,42,0,,L Balaji
548316,2012,2012/04/10,Delhi,Feroz Shah Kotla,Delhi Daredevils,Chennai Super Kings,Delhi Daredevils,field,Delhi Daredevils,,normal,0,8,,M Morkel
548317,2012,2012/04/11,Mumbai,Wankhede Stadium,Mumbai Indians,Rajasthan Royals,Rajasthan Royals,field,Mumbai Indians,,normal,27,0,,KA Pollard
548318,2012,2012/04/12,Chennai,"MA Chidambaram Stadium, Chepauk",Chennai Super Kings,Royal Challengers Bangalore,Royal Challengers Bangalore,bat,Chennai Super Kings,,normal,0,5,,F du Plessis
548319,2012,2012/04/12,Chandigarh,"Punjab Cricket Association Stadium, Mohali",Kings XI Punjab,Pune Warriors,Kings XI Punjab,field,Kings XI Punjab,,normal,0,7,,AD Mascarenhas
548320,2012,2012/04/13,Kolkata,Eden Gardens,Kolkata Knight Riders,Rajasthan Royals,Rajasthan Royals,bat,Kolkata Knight Riders,,normal,0,5,,Shakib Al Hasan
548322,2012,2012/04/14,Pune,Subrata Roy Sahara Stadium,Pune Warriors,Chennai Super Kings,Chennai Super Kings,bat,Pune Warriors,,normal,0,7,,JD Ryder
548323,2012,2012/04/15,Kolkata,Eden Gardens,Kolkata Knight Riders,Kings XI Punjab,Kolkata Knight Riders,field,Kings XI Punjab,,normal,2,0,,SP Narine
548324,2012,2012/04/15,Bangalore,M Chinnaswamy Stadium,Royal Challengers Bangalore,Rajasthan Royals,Rajasthan Royals,bat,Rajasthan Royals,,normal,59,0,,AM Rahane
548325,2012,2012/04/16,Mumbai,Wankhede Stadium,Mumbai Indians,Delhi Daredevils,Delhi Daredevils,field,Delhi Daredevils,,normal,0,7,,S Nadeem
548326,2012,2012/04/17,Jaipur,Sawai Mansingh Stadium,Rajasthan Royals,Deccan Chargers,Deccan Chargers,bat,Rajasthan Royals,,normal,0,5,,BJ Hodge
548327,2012,2012/04/17,Bangalore,M Chinnaswamy Stadium,Royal Challengers Bangalore,Pune Warriors,Pune Warriors,bat,Royal Challengers Bangalore,,normal,0,6,,CH Gayle
548328,2012,2012/04/18,Chandigarh,"Punjab Cricket Association Stadium, Mohali",Kings XI Punjab,Kolkata Knight Riders,Kings XI Punjab,bat,Kolkata Knight Riders,,normal,0,8,,G Gambhir
548321,2012,2012/04/19,Delhi,Feroz Shah Kotla,Delhi Daredevils,Deccan Chargers,Deccan Chargers,bat,Delhi Daredevils,,normal,0,5,,KP Pietersen
548330,2012,2012/04/19,Chennai,"MA Chidambaram Stadium, Chepauk",Chennai Super Kings,Pune Warriors,Pune Warriors,field,Chennai Super Kings,,normal,13,0,,KMDN Kulasekara
548331,2012,2012/04/20,Chandigarh,"Punjab Cricket Association Stadium, Mohali",Kings XI Punjab,Royal Challengers Bangalore,Royal Challengers Bangalore,field,Royal Challengers Bangalore,,normal,0,5,,CH Gayle
548332,2012,2012/04/21,Chennai,"MA Chidambaram Stadium, Chepauk",Chennai Super Kings,Rajasthan Royals,Rajasthan Royals,bat,Chennai Super Kings,,normal,0,7,,F du Plessis
548333,2012,2012/04/21,Delhi,Feroz Shah Kotla,Delhi Daredevils,Pune Warriors,Delhi Daredevils,field,Pune Warriors,,normal,20,0,,SC Ganguly
548334,2012,2012/04/22,Mumbai,Wankhede Stadium,Mumbai Indians,Kings XI Punjab,Mumbai Indians,bat,Kings XI Punjab,,normal,0,6,,SE Marsh
548335,2012,2012/04/22,Cuttack,Barabati Stadium,Deccan Chargers,Kolkata Knight Riders,Kolkata Knight Riders,field,Kolkata Knight Riders,,normal,0,5,,B Lee
548336,2012,2012/04/23,Jaipur,Sawai Mansingh Stadium,Rajasthan Royals,Royal Challengers Bangalore,Rajasthan Royals,field,Royal Challengers Bangalore,,normal,46,0,,AB de Villiers
548337,2012,2012/04/24,Pune,Subrata Roy Sahara Stadium,Pune Warriors,Delhi Daredevils,Pune Warriors,bat,Delhi Daredevils,,normal,0,8,,V Sehwag
548339,2012,2012/04/25,Chandigarh,"Punjab Cricket Association Stadium, Mohali",Kings XI Punjab,Mumbai Indians,Kings XI Punjab,bat,Mumbai Indians,,normal,0,4,,AT Rayudu
548341,2012,2012/04/26,Pune,Subrata Roy Sahara Stadium,Pune Warriors,Deccan Chargers,Deccan Chargers,bat,Deccan Chargers,,normal,18,0,,CL White
548342,2012,2012/04/27,Delhi,Feroz Shah Kotla,Delhi Daredevils,Mumbai Indians,Mumbai Indians,field,Delhi Daredevils,,normal,37,0,,V Sehwag
548343,2012,2012/04/28,Chennai,"MA Chidambaram Stadium, Chepauk",Chennai Super Kings,Kings XI Punjab,Kings XI Punjab,bat,Kings XI Punjab,,normal,7,0,,Mandeep Singh
548344,2012,2012/04/28,Kolkata,Eden Gardens,Kolkata Knight Riders,Royal Challengers Bangalore,Kolkata Knight Riders,bat,Kolkata Knight Riders,,normal,47,0,,G Gambhir
548345,2012,2012/04/29,Delhi,Feroz Shah Kotla,Delhi Daredevils,Rajasthan Royals,Delhi Daredevils,bat,Delhi Daredevils,,normal,1,0,,V Sehwag
548346,2012,2012/04/29,Mumbai,Wankhede Stadium,Mumbai Indians,Deccan Chargers,Mumbai Indians,field,Mumbai Indians,,normal,0,5,,DW Steyn
548347,2012,2012/04/30,Chennai,"MA Chidambaram Stadium, Chepauk",Chennai Super Kings,Kolkata Knight Riders,Chennai Super Kings,bat,Kolkata Knight Riders,,normal,0,5,,G Gambhir
548348,2012,2012/05/01,Cuttack,Barabati Stadium,Deccan Chargers,Pune Warriors,Deccan Chargers,bat,Deccan Chargers,,normal,13,0,,KC Sangakkara
548349,2012,2012/05/01,Jaipur,Sawai Mansingh Stadium,Rajasthan Royals,Delhi Daredevils,Rajasthan Royals,bat,Delhi Daredevils,,normal,0,6,,P Negi
548350,2012,2012/05/02,Bangalore,M Chinnaswamy Stadium,Royal Challengers Bangalore,Kings XI Punjab,Kings XI Punjab,field,Kings XI Punjab,,normal,0,4,,Azhar Mahmood
548351,2012,2012/05/03,Pune,Subrata Roy Sahara Stadium,Pune Warriors,Mumbai Indians,Mumbai Indians,bat,Mumbai Indians,,normal,1,0,,SL Malinga
548352,2012,2012/05/04,Chennai,"MA Chidambaram Stadium, Chepauk",Chennai Super Kings,Deccan Chargers,Chennai Super Kings,bat,Chennai Super Kings,,normal,10,0,,SK Raina
548353,2012,2012/05/05,Kolkata,Eden Gardens,Kolkata Knight Riders,Pune Warriors,Kolkata Knight Riders,bat,Kolkata Knight Riders,,normal,7,0,,SP Narine
548354,2012,2012/05/05,Chandigarh,"Punjab Cricket Association Stadium, Mohali",Kings XI Punjab,Rajasthan Royals,Rajasthan Royals,bat,Rajasthan Royals,,normal,43,0,,SR Watson
548355,2012,2012/05/06,Mumbai,Wankhede Stadium,Mumbai Indians,Chennai Super Kings,Mumbai Indians,field,Mumbai Indians,,normal,0,2,,DR Smith
548356,2012,2012/05/06,Bangalore,M Chinnaswamy Stadium,Royal Challengers Bangalore,Deccan Chargers,Royal Challengers Bangalore,field,Royal Challengers Bangalore,,normal,0,5,,AB de Villiers
548357,2012,2012/05/07,Delhi,Feroz Shah Kotla,Delhi Daredevils,Kolkata Knight Riders,Delhi Daredevils,bat,Kolkata Knight Riders,,normal,0,6,,JH Kallis
548358,2012,2012/05/08,Pune,Subrata Roy Sahara Stadium,Pune Warriors,Rajasthan Royals,Pune Warriors,bat,Rajasthan Royals,,normal,0,7,,SR Watson
548359,2012,2012/05/08,Hyderabad,"Rajiv Gandhi International Stadium, Uppal",Deccan Chargers,Kings XI Punjab,Deccan Chargers,field,Kings XI Punjab,,normal,25,0,,Mandeep Singh
548360,2012,2012/05/09,Mumbai,Wankhede Stadium,Mumbai Indians,Royal Challengers Bangalore,Royal Challengers Bangalore,field,Royal Challengers Bangalore,,normal,0,9,,CH Gayle
548329,2012,2012/05/10,Hyderabad,"Rajiv Gandhi International Stadium, Uppal",Deccan Chargers,Delhi Daredevils,Deccan Chargers,bat,Delhi Daredevils,,normal,0,9,,DA Warner
548361,2012,2012/05/10,Jaipur,Sawai Mansingh Stadium,Rajasthan Royals,Chennai Super Kings,Chennai Super Kings,field,Chennai Super Kings,,normal,0,4,,BW Hilfenhaus
548362,2012,2012/05/11,Pune,Subrata Roy Sahara Stadium,Pune Warriors,Royal Challengers Bangalore,Pune Warriors,field,Royal Challengers Bangalore,,normal,35,0,,CH Gayle
548363,2012,2012/05/12,Kolkata,Eden Gardens,Kolkata Knight Riders,Mumbai Indians,Mumbai Indians,bat,Mumbai Indians,,normal,27,0,,RG Sharma
548364,2012,2012/05/12,Chennai,"MA Chidambaram Stadium, Chepauk",Chennai Super Kings,Delhi Daredevils,Chennai Super Kings,field,Chennai Super Kings,,normal,0,9,,BW Hilfenhaus
548365,2012,2012/05/13,Jaipur,Sawai Mansingh Stadium,Rajasthan Royals,Pune Warriors,Rajasthan Royals,bat,Rajasthan Royals,,normal,45,0,,A Chandila
548366,2012,2012/05/13,Chandigarh,"Punjab Cricket Association Stadium, Mohali",Kings XI Punjab,Deccan Chargers,Deccan Chargers,bat,Kings XI Punjab,,normal,0,4,,DJ Hussey
548367,2012,2012/05/14,Bangalore,M Chinnaswamy Stadium,Royal Challengers Bangalore,Mumbai Indians,Mumbai Indians,field,Mumbai Indians,,normal,0,5,,AT Rayudu
548368,2012,2012/05/14,Kolkata,Eden Gardens,Kolkata Knight Riders,Chennai Super Kings,Chennai Super Kings,field,Chennai Super Kings,,normal,0,5,,MEK Hussey
548369,2012,2012/05/15,Delhi,Feroz Shah Kotla,Delhi Daredevils,Kings XI Punjab,Kings XI Punjab,bat,Delhi Daredevils,,normal,0,5,,UT Yadav
548370,2012,2012/05/16,Mumbai,Wankhede Stadium,Mumbai Indians,Kolkata Knight Riders,Mumbai Indians,field,Kolkata Knight Riders,,normal,32,0,,SP Narine
548371,2012,2012/05/17,Dharamsala,Himachal Pradesh Cricket Association Stadium,Kings XI Punjab,Chennai Super Kings,Kings XI Punjab,field,Kings XI Punjab,,normal,0,6,,AC Gilchrist
548372,2012,2012/05/17,Delhi,Feroz Shah Kotla,Delhi Daredevils,Royal Challengers Bangalore,Delhi Daredevils,field,Royal Challengers Bangalore,,normal,21,0,,CH Gayle
548373,2012,2012/05/18,Hyderabad,"Rajiv Gandhi International Stadium, Uppal",Deccan Chargers,Rajasthan Royals,Rajasthan Royals,bat,Deccan Chargers,,normal,0,5,,DW Steyn
548374,2012,2012/05/19,Dharamsala,Himachal Pradesh Cricket Association Stadium,Kings XI Punjab,Delhi Daredevils,Delhi Daredevils,field,Delhi Daredevils,,normal,0,6,,UT Yadav
548375,2012,2012/05/19,Pune,Subrata Roy Sahara Stadium,Pune Warriors,Kolkata Knight Riders,Kolkata Knight Riders,bat,Kolkata Knight Riders,,normal,34,0,,Shakib Al Hasan
548376,2012,2012/05/20,Hyderabad,"Rajiv Gandhi International Stadium, Uppal",Deccan Chargers,Royal Challengers Bangalore,Royal Challengers Bangalore,field,Deccan Chargers,,normal,9,0,,DW Steyn
548377,2012,2012/05/20,Jaipur,Sawai Mansingh Stadium,Rajasthan Royals,Mumbai Indians,Rajasthan Royals,bat,Mumbai Indians,,normal,0,10,,DR Smith
548378,2012,2012/05/22,Pune,Subrata Roy Sahara Stadium,Delhi Daredevils,Kolkata Knight Riders,Kolkata Knight Riders,bat,Kolkata Knight Riders,,normal,18,0,,YK Pathan
548379,2012,2012/05/23,Bangalore,M Chinnaswamy Stadium,Chennai Super Kings,Mumbai Indians,Mumbai Indians,field,Chennai Super Kings,,normal,38,0,,MS Dhoni
548380,2012,2012/05/25,Chennai,"MA Chidambaram Stadium, Chepauk",Delhi Daredevils,Chennai Super Kings,Delhi Daredevils,field,Chennai Super Kings,,normal,86,0,,M Vijay
548381,2012,2012/05/27,Chennai,"MA Chidambaram Stadium, Chepauk",Kolkata Knight Riders,Chennai Super Kings,Chennai Super Kings,bat,Kolkata Knight Riders,,normal,0,5,,MS Bisla
597998,2013,2013/04/03,Kolkata,Eden Gardens,Kolkata Knight Riders,Delhi Daredevils,Kolkata Knight Riders,field,Kolkata Knight Riders,,normal,0,6,,SP Narine
597999,2013,2013/04/04,Bangalore,M Chinnaswamy Stadium,Royal Challengers Bangalore,Mumbai Indians,Mumbai Indians,field,Royal Challengers Bangalore,,normal,2,0,,CH Gayle
598000,2013,2013/04/05,Hyderabad,"Rajiv Gandhi International Stadium, Uppal",Sunrisers Hyderabad,Pune Warriors,Pune Warriors,field,Sunrisers Hyderabad,,normal,22,0,,A Mishra
598001,2013,2013/04/06,Delhi,Feroz Shah Kotla,Delhi Daredevils,Rajasthan Royals,Rajasthan Royals,bat,Rajasthan Royals,,normal,5,0,,R Dravid
598002,2013,2013/04/06,Chennai,"MA Chidambaram Stadium, Chepauk",Chennai Super Kings,Mumbai Indians,Mumbai Indians,bat,Mumbai Indians,,normal,9,0,,KA Pollard
598003,2013,2013/04/07,Pune,Subrata Roy Sahara Stadium,Pune Warriors,Kings XI Punjab,Pune Warriors,bat,Kings XI Punjab,,normal,0,8,,M Vohra
598004,2013,2013/04/07,Hyderabad,"Rajiv Gandhi International Stadium, Uppal",Sunrisers Hyderabad,Royal Challengers Bangalore,Royal Challengers Bangalore,bat,Sunrisers Hyderabad,Sunrisers Hyderabad,tie,0,0,,GH Vihari
598005,2013,2013/04/08,Jaipur,Sawai Mansingh Stadium,Rajasthan Royals,Kolkata Knight Riders,Kolkata Knight Riders,field,Rajasthan Royals,,normal,19,0,,SK Trivedi
598006,2013,2013/04/09,Mumbai,Wankhede Stadium,Mumbai Indians,Delhi Daredevils,Mumbai Indians,bat,Mumbai Indians,,normal,44,0,,KD Karthik
598048,2013,2013/04/09,Bangalore,M Chinnaswamy Stadium,Royal Challengers Bangalore,Sunrisers Hyderabad,Sunrisers Hyderabad,bat,Royal Challengers Bangalore,,normal,0,7,,V Kohli
598007,2013,2013/04/10,Chandigarh,"Punjab Cricket Association Stadium, Mohali",Kings XI Punjab,Chennai Super Kings,Chennai Super Kings,field,Chennai Super Kings,,normal,0,10,,MEK Hussey
598008,2013,2013/04/11,Bangalore,M Chinnaswamy Stadium,Royal Challengers Bangalore,Kolkata Knight Riders,Royal Challengers Bangalore,field,Royal Challengers Bangalore,,normal,0,8,,CH Gayle
598009,2013,2013/04/11,Pune,Subrata Roy Sahara Stadium,Pune Warriors,Rajasthan Royals,Rajasthan Royals,bat,Pune Warriors,,normal,0,7,,AJ Finch
598010,2013,2013/04/12,Delhi,Feroz Shah Kotla,Delhi Daredevils,Sunrisers Hyderabad,Delhi Daredevils,bat,Sunrisers Hyderabad,,normal,0,3,,A Mishra
598011,2013,2013/04/13,Mumbai,Wankhede Stadium,Mumbai Indians,Pune Warriors,Mumbai Indians,bat,Mumbai Indians,,normal,41,0,,RG Sharma
598012,2013,2013/04/13,Chennai,"MA Chidambaram Stadium, Chepauk",Chennai Super Kings,Royal Challengers Bangalore,Chennai Super Kings,field,Chennai Super Kings,,normal,0,4,,RA Jadeja
598013,2013,2013/04/14,Kolkata,Eden Gardens,Kolkata Knight Riders,Sunrisers Hyderabad,Kolkata Knight Riders,bat,Kolkata Knight Riders,,normal,48,0,,G Gambhir
598014,2013,2013/04/14,Jaipur,Sawai Mansingh Stadium,Rajasthan Royals,Kings XI Punjab,Rajasthan Royals,field,Rajasthan Royals,,normal,0,6,,JP Faulkner
598015,2013,2013/04/15,Chennai,"MA Chidambaram Stadium, Chepauk",Chennai Super Kings,Pune Warriors,Pune Warriors,bat,Pune Warriors,,normal,24,0,,SPD Smith
598016,2013,2013/04/16,Chandigarh,"Punjab Cricket Association Stadium, Mohali",Kings XI Punjab,Kolkata Knight Riders,Kolkata Knight Riders,field,Kings XI Punjab,,normal,4,0,,MS Gony
598017,2013,2013/04/16,Bangalore,M Chinnaswamy Stadium,Royal Challengers Bangalore,Delhi Daredevils,Royal Challengers Bangalore,field,Royal Challengers Bangalore,Royal Challengers Bangalore,tie,0,0,,V Kohli
598018,2013,2013/04/17,Pune,Maharashtra Cricket Association Stadium,Pune Warriors,Sunrisers Hyderabad,Pune Warriors,field,Sunrisers Hyderabad,,normal,11,0,,A Mishra
598019,2013,2013/04/17,Jaipur,Sawai Mansingh Stadium,Rajasthan Royals,Mumbai Indians,Rajasthan Royals,bat,Rajasthan Royals,,normal,87,0,,AM Rahane
598020,2013,2013/04/18,Delhi,Feroz Shah Kotla,Delhi Daredevils,Chennai Super Kings,Chennai Super Kings,bat,Chennai Super Kings,,normal,86,0,,MEK Hussey
598021,2013,2013/04/19,Hyderabad,"Rajiv Gandhi International Stadium, Uppal",Sunrisers Hyderabad,Kings XI Punjab,Kings XI Punjab,bat,Sunrisers Hyderabad,,normal,0,5,,GH Vihari
598022,2013,2013/04/20,Kolkata,Eden Gardens,Kolkata Knight Riders,Chennai Super Kings,Kolkata Knight Riders,bat,Chennai Super Kings,,normal,0,4,,RA Jadeja
598023,2013,2013/04/20,Bangalore,M Chinnaswamy Stadium,Royal Challengers Bangalore,Rajasthan Royals,Royal Challengers Bangalore,field,Royal Challengers Bangalore,,normal,0,7,,R Vinay Kumar
598024,2013,2013/04/21,Delhi,Feroz Shah Kotla,Delhi Daredevils,Mumbai Indians,Mumbai Indians,bat,Delhi Daredevils,,normal,0,9,,V Sehwag
598025,2013,2013/04/21,Chandigarh,"Punjab Cricket Association Stadium, Mohali",Kings XI Punjab,Pune Warriors,Kings XI Punjab,field,Kings XI Punjab,,normal,0,7,,DA Miller
598026,2013,2013/04/22,Chennai,"MA Chidambaram Stadium, Chepauk",Chennai Super Kings,Rajasthan Royals,Rajasthan Royals,bat,Chennai Super Kings,,normal,0,5,,MEK Hussey
598027,2013,2013/04/23,Bangalore,M Chinnaswamy Stadium,Royal Challengers Bangalore,Pune Warriors,Pune Warriors,field,Royal Challengers Bangalore,,normal,130,0,,CH Gayle
598059,2013,2013/04/23,Delhi,Feroz Shah Kotla,Delhi Daredevils,Kings XI Punjab,Kings XI Punjab,field,Kings XI Punjab,,normal,0,5,,Harmeet Singh
598029,2013,2013/04/24,Kolkata,Eden Gardens,Kolkata Knight Riders,Mumbai Indians,Kolkata Knight Riders,bat,Mumbai Indians,,normal,0,5,,DR Smith
598030,2013,2013/04/25,Chennai,"MA Chidambaram Stadium, Chepauk",Chennai Super Kings,Sunrisers Hyderabad,Sunrisers Hyderabad,bat,Chennai Super Kings,,normal,0,5,,MS Dhoni
598031,2013,2013/04/26,Kolkata,Eden Gardens,Kolkata Knight Riders,Kings XI Punjab,Kings XI Punjab,bat,Kolkata Knight Riders,,normal,0,6,,JH Kallis
598032,2013,2013/04/27,Jaipur,Sawai Mansingh Stadium,Rajasthan Royals,Sunrisers Hyderabad,Sunrisers Hyderabad,bat,Rajasthan Royals,,normal,0,8,,JP Faulkner
598033,2013,2013/04/27,Mumbai,Wankhede Stadium,Mumbai Indians,Royal Challengers Bangalore,Mumbai Indians,bat,Mumbai Indians,,normal,58,0,,DR Smith
598034,2013,2013/04/28,Chennai,"MA Chidambaram Stadium, Chepauk",Chennai Super Kings,Kolkata Knight Riders,Kolkata Knight Riders,field,Chennai Super Kings,,normal,14,0,,MEK Hussey
598035,2013,2013/04/28,Raipur,Shaheed Veer Narayan Singh International Stadium,Delhi Daredevils,Pune Warriors,Pune Warriors,field,Delhi Daredevils,,normal,15,0,,DA Warner
598036,2013,2013/04/29,Jaipur,Sawai Mansingh Stadium,Rajasthan Royals,Royal Challengers Bangalore,Rajasthan Royals,field,Rajasthan Royals,,normal,0,4,,SV Samson
598037,2013,2013/04/29,Mumbai,Wankhede Stadium,Mumbai Indians,Kings XI Punjab,Mumbai Indians,bat,Mumbai Indians,,normal,4,0,,RG Sharma
598038,2013,2013/04/30,Pune,Subrata Roy Sahara Stadium,Pune Warriors,Chennai Super Kings,Chennai Super Kings,bat,Chennai Super Kings,,normal,37,0,,MS Dhoni
598039,2013,2013/05/01,Hyderabad,"Rajiv Gandhi International Stadium, Uppal",Sunrisers Hyderabad,Mumbai Indians,Mumbai Indians,bat,Sunrisers Hyderabad,,normal,0,7,,I Sharma
598040,2013,2013/05/01,Raipur,Shaheed Veer Narayan Singh International Stadium,Delhi Daredevils,Kolkata Knight Riders,Kolkata Knight Riders,bat,Delhi Daredevils,,normal,0,7,,DA Warner
598041,2013,2013/05/02,Chennai,"MA Chidambaram Stadium, Chepauk",Chennai Super Kings,Kings XI Punjab,Chennai Super Kings,bat,Chennai Super Kings,,normal,15,0,,SK Raina
598042,2013,2013/05/02,Pune,Subrata Roy Sahara Stadium,Pune Warriors,Royal Challengers Bangalore,Royal Challengers Bangalore,bat,Royal Challengers Bangalore,,normal,17,0,,AB de Villiers
598043,2013,2013/05/03,Kolkata,Eden Gardens,Kolkata Knight Riders,Rajasthan Royals,Rajasthan Royals,bat,Kolkata Knight Riders,,normal,0,8,,YK Pathan
598044,2013,2013/05/04,Hyderabad,"Rajiv Gandhi International Stadium, Uppal",Sunrisers Hyderabad,Delhi Daredevils,Delhi Daredevils,bat,Sunrisers Hyderabad,,normal,0,6,,DJG Sammy
598046,2013,2013/05/05,Mumbai,Wankhede Stadium,Mumbai Indians,Chennai Super Kings,Mumbai Indians,bat,Mumbai Indians,,normal,60,0,,MG Johnson
598047,2013,2013/05/05,Jaipur,Sawai Mansingh Stadium,Rajasthan Royals,Pune Warriors,Pune Warriors,bat,Rajasthan Royals,,normal,0,5,,AM Rahane
598064,2013,2013/05/06,Chandigarh,"Punjab Cricket Association Stadium, Mohali",Kings XI Punjab,Royal Challengers Bangalore,Kings XI Punjab,field,Kings XI Punjab,,normal,0,6,,DA Miller
598049,2013,2013/05/07,Jaipur,Sawai Mansingh Stadium,Rajasthan Royals,Delhi Daredevils,Delhi Daredevils,bat,Rajasthan Royals,,normal,0,9,,AM Rahane
598050,2013,2013/05/07,Mumbai,Wankhede Stadium,Mumbai Indians,Kolkata Knight Riders,Mumbai Indians,bat,Mumbai Indians,,normal,65,0,,SR Tendulkar
598051,2013,2013/05/08,Hyderabad,"Rajiv Gandhi International Stadium, Uppal",Sunrisers Hyderabad,Chennai Super Kings,Sunrisers Hyderabad,field,Chennai Super Kings,,normal,77,0,,SK Raina
598052,2013,2013/05/09,Chandigarh,"Punjab Cricket Association Stadium, Mohali",Kings XI Punjab,Rajasthan Royals,Rajasthan Royals,field,Rajasthan Royals,,normal,0,8,,KK Cooper
598053,2013,2013/05/09,Pune,Subrata Roy Sahara Stadium,Pune Warriors,Kolkata Knight Riders,Kolkata Knight Riders,bat,Kolkata Knight Riders,,normal,46,0,,G Gambhir
598054,2013,2013/05/10,Delhi,Feroz Shah Kotla,Delhi Daredevils,Royal Challengers Bangalore,Delhi Daredevils,field,Royal Challengers Bangalore,,normal,4,0,,JD Unadkat
598055,2013,2013/05/11,Pune,Subrata Roy Sahara Stadium,Pune Warriors,Mumbai Indians,Pune Warriors,bat,Mumbai Indians,,normal,0,5,,MG Johnson
598056,2013,2013/05/11,Chandigarh,"Punjab Cricket Association Stadium, Mohali",Kings XI Punjab,Sunrisers Hyderabad,Kings XI Punjab,field,Sunrisers Hyderabad,,normal,30,0,,PA Patel
598057,2013,2013/05/12,Ranchi,JSCA International Stadium Complex,Kolkata Knight Riders,Royal Challengers Bangalore,Kolkata Knight Riders,field,Kolkata Knight Riders,,normal,0,5,,JH Kallis
598058,2013,2013/05/12,Jaipur,Sawai Mansingh Stadium,Rajasthan Royals,Chennai Super Kings,Rajasthan Royals,field,Rajasthan Royals,,normal,0,5,,SR Watson
598060,2013,2013/05/13,Mumbai,Wankhede Stadium,Mumbai Indians,Sunrisers Hyderabad,Sunrisers Hyderabad,bat,Mumbai Indians,,normal,0,7,,KA Pollard
598045,2013,2013/05/14,Bangalore,M Chinnaswamy Stadium,Royal Challengers Bangalore,Kings XI Punjab,Kings XI Punjab,field,Kings XI Punjab,,normal,0,7,,AC Gilchrist
598062,2013,2013/05/14,Chennai,"MA Chidambaram Stadium, Chepauk",Chennai Super Kings,Delhi Daredevils,Chennai Super Kings,bat,Chennai Super Kings,,normal,33,0,,MS Dhoni
598061,2013,2013/05/15,Ranchi,JSCA International Stadium Complex,Kolkata Knight Riders,Pune Warriors,Kolkata Knight Riders,field,Pune Warriors,,normal,7,0,,MK Pandey
598063,2013,2013/05/15,Mumbai,Wankhede Stadium,Mumbai Indians,Rajasthan Royals,Rajasthan Royals,field,Mumbai Indians,,normal,14,0,,AP Tare
598028,2013,2013/05/16,Dharamsala,Himachal Pradesh Cricket Association Stadium,Kings XI Punjab,Delhi Daredevils,Delhi Daredevils,field,Kings XI Punjab,,normal,7,0,,DA Miller
598065,2013,2013/05/17,Hyderabad,"Rajiv Gandhi International Stadium, Uppal",Sunrisers Hyderabad,Rajasthan Royals,Sunrisers Hyderabad,bat,Sunrisers Hyderabad,,normal,23,0,,A Mishra
598066,2013,2013/05/18,Dharamsala,Himachal Pradesh Cricket Association Stadium,Kings XI Punjab,Mumbai Indians,Mumbai Indians,field,Kings XI Punjab,,normal,50,0,,Azhar Mahmood
598068,2013,2013/05/18,Bangalore,M Chinnaswamy Stadium,Royal Challengers Bangalore,Chennai Super Kings,Chennai Super Kings,field,Royal Challengers Bangalore,,normal,24,0,,V Kohli
598067,2013,2013/05/19,Pune,Subrata Roy Sahara Stadium,Pune Warriors,Delhi Daredevils,Pune Warriors,bat,Pune Warriors,,normal,38,0,,LJ Wright
598069,2013,2013/05/19,Hyderabad,"Rajiv Gandhi International Stadium, Uppal",Sunrisers Hyderabad,Kolkata Knight Riders,Kolkata Knight Riders,bat,Sunrisers Hyderabad,,normal,0,5,,PA Patel
598070,2013,2013/05/21,Delhi,Feroz Shah Kotla,Chennai Super Kings,Mumbai Indians,Chennai Super Kings,bat,Chennai Super Kings,,normal,48,0,,MEK Hussey
598071,2013,2013/05/22,Delhi,Feroz Shah Kotla,Rajasthan Royals,Sunrisers Hyderabad,Sunrisers Hyderabad,bat,Rajasthan Royals,,normal,0,4,,BJ Hodge
598072,2013,2013/05/24,Kolkata,Eden Gardens,Mumbai Indians,Rajasthan Royals,Rajasthan Royals,bat,Mumbai Indians,,normal,0,4,,Harbhajan Singh
598073,2013,2013/05/26,Kolkata,Eden Gardens,Chennai Super Kings,Mumbai Indians,Mumbai Indians,bat,Mumbai Indians,,normal,23,0,,KA Pollard
729279,2014,2014/04/16,Abu Dhabi,Sheikh Zayed Stadium,Mumbai Indians,Kolkata Knight Riders,Kolkata Knight Riders,bat,Kolkata Knight Riders,,normal,41,0,,JH Kallis
729281,2014,2014/04/17,,Sharjah Cricket Stadium,Delhi Daredevils,Royal Challengers Bangalore,Royal Challengers Bangalore,field,Royal Challengers Bangalore,,normal,0,8,,YS Chahal
729283,2014,2014/04/18,Abu Dhabi,Sheikh Zayed Stadium,Chennai Super Kings,Kings XI Punjab,Chennai Super Kings,bat,Kings XI Punjab,,normal,0,6,,GJ Maxwell
729285,2014,2014/04/18,Abu Dhabi,Sheikh Zayed Stadium,Sunrisers Hyderabad,Rajasthan Royals,Rajasthan Royals,field,Rajasthan Royals,,normal,0,4,,AM Rahane
729287,2014,2014/04/19,,Dubai International Cricket Stadium,Royal Challengers Bangalore,Mumbai Indians,Royal Challengers Bangalore,field,Royal Challengers Bangalore,,normal,0,7,,PA Patel
729289,2014,2014/04/19,,Dubai International Cricket Stadium,Kolkata Knight Riders,Delhi Daredevils,Kolkata Knight Riders,bat,Delhi Daredevils,,normal,0,4,,JP Duminy
729291,2014,2014/04/20,,Sharjah Cricket Stadium,Rajasthan Royals,Kings XI Punjab,Kings XI Punjab,field,Kings XI Punjab,,normal,0,7,,GJ Maxwell
729293,2014,2014/04/21,Abu Dhabi,Sheikh Zayed Stadium,Chennai Super Kings,Delhi Daredevils,Chennai Super Kings,bat,Chennai Super Kings,,normal,93,0,,SK Raina
729295,2014,2014/04/22,,Sharjah Cricket Stadium,Kings XI Punjab,Sunrisers Hyderabad,Sunrisers Hyderabad,field,Kings XI Punjab,,normal,72,0,,GJ Maxwell
729297,2014,2014/04/23,,Dubai International Cricket Stadium,Rajasthan Royals,Chennai Super Kings,Rajasthan Royals,field,Chennai Super Kings,,normal,7,0,,RA Jadeja
729299,2014,2014/04/24,,Sharjah Cricket Stadium,Royal Challengers Bangalore,Kolkata Knight Riders,Royal Challengers Bangalore,field,Kolkata Knight Riders,,normal,2,0,,CA Lynn
729301,2014,2014/04/25,,Dubai International Cricket Stadium,Sunrisers Hyderabad,Delhi Daredevils,Sunrisers Hyderabad,bat,Sunrisers Hyderabad,,normal,4,0,,AJ Finch
729303,2014,2014/04/25,,Dubai International Cricket Stadium,Chennai Super Kings,Mumbai Indians,Mumbai Indians,bat,Chennai Super Kings,,normal,0,7,,MM Sharma
729305,2014,2014/04/26,Abu Dhabi,Sheikh Zayed Stadium,Rajasthan Royals,Royal Challengers Bangalore,Rajasthan Royals,field,Rajasthan Royals,,normal,0,6,,PV Tambe
729307,2014,2014/04/26,Abu Dhabi,Sheikh Zayed Stadium,Kolkata Knight Riders,Kings XI Punjab,Kolkata Knight Riders,field,Kings XI Punjab,,normal,23,0,,Sandeep Sharma
729309,2014,2014/04/27,,Sharjah Cricket Stadium,Delhi Daredevils,Mumbai Indians,Mumbai Indians,bat,Delhi Daredevils,,normal,0,6,,M Vijay
729311,2014,2014/04/27,,Sharjah Cricket Stadium,Sunrisers Hyderabad,Chennai Super Kings,Sunrisers Hyderabad,bat,Chennai Super Kings,,normal,0,5,,DR Smith
729313,2014,2014/04/28,,Dubai International Cricket Stadium,Kings XI Punjab,Royal Challengers Bangalore,Kings XI Punjab,field,Kings XI Punjab,,normal,0,5,,Sandeep Sharma
729315,2014,2014/04/29,Abu Dhabi,Sheikh Zayed Stadium,Kolkata Knight Riders,Rajasthan Royals,Rajasthan Royals,bat,Rajasthan Royals,Rajasthan Royals,tie,0,0,,JP Faulkner
729317,2014,2014/04/30,,Dubai International Cricket Stadium,Mumbai Indians,Sunrisers Hyderabad,Mumbai Indians,field,Sunrisers Hyderabad,,normal,15,0,,B Kumar
733971,2014,2014/05/02,Ranchi,JSCA International Stadium Complex,Chennai Super Kings,Kolkata Knight Riders,Chennai Super Kings,bat,Chennai Super Kings,,normal,34,0,,RA Jadeja
733973,2014,2014/05/03,Mumbai,Wankhede Stadium,Mumbai Indians,Kings XI Punjab,Kings XI Punjab,bat,Mumbai Indians,,normal,0,5,,CJ Anderson
733975,2014,2014/05/03,Delhi,Feroz Shah Kotla,Delhi Daredevils,Rajasthan Royals,Rajasthan Royals,field,Rajasthan Royals,,normal,0,7,,KK Nair
733977,2014,2014/05/04,Bangalore,M Chinnaswamy Stadium,Royal Challengers Bangalore,Sunrisers Hyderabad,Royal Challengers Bangalore,field,Royal Challengers Bangalore,,normal,0,4,,AB de Villiers
733979,2014,2014/05/05,Ahmedabad,"Sardar Patel Stadium, Motera",Rajasthan Royals,Kolkata Knight Riders,Kolkata Knight Riders,field,Rajasthan Royals,,normal,10,0,,PV Tambe
733981,2014,2014/05/05,Delhi,Feroz Shah Kotla,Delhi Daredevils,Chennai Super Kings,Chennai Super Kings,field,Chennai Super Kings,,normal,0,8,,DR Smith
733983,2014,2014/05/06,Mumbai,Wankhede Stadium,Mumbai Indians,Royal Challengers Bangalore,Royal Challengers Bangalore,field,Mumbai Indians,,normal,19,0,,RG Sharma
733985,2014,2014/05/07,Delhi,Feroz Shah Kotla,Delhi Daredevils,Kolkata Knight Riders,Delhi Daredevils,bat,Kolkata Knight Riders,,normal,0,8,,G Gambhir
733987,2014,2014/05/07,Cuttack,Barabati Stadium,Kings XI Punjab,Chennai Super Kings,Chennai Super Kings,field,Kings XI Punjab,,normal,44,0,,GJ Maxwell
733989,2014,2014/05/08,Ahmedabad,"Sardar Patel Stadium, Motera",Rajasthan Royals,Sunrisers Hyderabad,Rajasthan Royals,field,Sunrisers Hyderabad,,normal,32,0,,B Kumar
733991,2014,2014/05/09,Bangalore,M Chinnaswamy Stadium,Royal Challengers Bangalore,Kings XI Punjab,Royal Challengers Bangalore,field,Kings XI Punjab,,normal,32,0,,Sandeep Sharma
733993,2014,2014/05/10,Delhi,Feroz Shah Kotla,Delhi Daredevils,Sunrisers Hyderabad,Sunrisers Hyderabad,field,Sunrisers Hyderabad,,normal,0,8,D/L,DW Steyn
733995,2014,2014/05/10,Mumbai,Wankhede Stadium,Mumbai Indians,Chennai Super Kings,Chennai Super Kings,field,Chennai Super Kings,,normal,0,4,,DR Smith
733997,2014,2014/05/11,Cuttack,Barabati Stadium,Kings XI Punjab,Kolkata Knight Riders,Kolkata Knight Riders,field,Kolkata Knight Riders,,normal,0,9,,G Gambhir
733999,2014,2014/05/11,Bangalore,M Chinnaswamy Stadium,Royal Challengers Bangalore,Rajasthan Royals,Royal Challengers Bangalore,bat,Rajasthan Royals,,normal,0,5,,JP Faulkner
734001,2014,2014/05/12,Hyderabad,"Rajiv Gandhi International Stadium, Uppal",Sunrisers Hyderabad,Mumbai Indians,Sunrisers Hyderabad,bat,Mumbai Indians,,normal,0,7,,AT Rayudu
734003,2014,2014/05/13,Ranchi,JSCA International Stadium Complex,Chennai Super Kings,Rajasthan Royals,Rajasthan Royals,bat,Chennai Super Kings,,normal,0,5,,RA Jadeja
734005,2014,2014/05/13,Bangalore,M Chinnaswamy Stadium,Royal Challengers Bangalore,Delhi Daredevils,Delhi Daredevils,field,Royal Challengers Bangalore,,normal,16,0,,Yuvraj Singh
734007,2014,2014/05/14,Hyderabad,"Rajiv Gandhi International Stadium, Uppal",Sunrisers Hyderabad,Kings XI Punjab,Kings XI Punjab,field,Kings XI Punjab,,normal,0,6,,WP Saha
734009,2014,2014/05/14,Cuttack,Barabati Stadium,Kolkata Knight Riders,Mumbai Indians,Kolkata Knight Riders,field,Kolkata Knight Riders,,normal,0,6,,RV Uthappa
734011,2014,2014/05/15,Ahmedabad,"Sardar Patel Stadium, Motera",Rajasthan Royals,Delhi Daredevils,Delhi Daredevils,field,Rajasthan Royals,,normal,62,0,,AM Rahane
734013,2014,2014/05/18,Ranchi,JSCA International Stadium Complex,Chennai Super Kings,Royal Challengers Bangalore,Chennai Super Kings,bat,Royal Challengers Bangalore,,normal,0,5,,AB de Villiers
734015,2014,2014/05/18,Hyderabad,"Rajiv Gandhi International Stadium, Uppal",Sunrisers Hyderabad,Kolkata Knight Riders,Sunrisers Hyderabad,bat,Kolkata Knight Riders,,normal,0,7,,UT Yadav
734017,2014,2014/05/19,Ahmedabad,"Sardar Patel Stadium, Motera",Rajasthan Royals,Mumbai Indians,Mumbai Indians,bat,Mumbai Indians,,normal,25,0,,MEK Hussey
734019,2014,2014/05/19,Delhi,Feroz Shah Kotla,Delhi Daredevils,Kings XI Punjab,Kings XI Punjab,field,Kings XI Punjab,,normal,0,4,,AR Patel
734021,2014,2014/05/20,Hyderabad,"Rajiv Gandhi International Stadium, Uppal",Sunrisers Hyderabad,Royal Challengers Bangalore,Royal Challengers Bangalore,bat,Sunrisers Hyderabad,,normal,0,7,,DA Warner
734023,2014,2014/05/20,Kolkata,Eden Gardens,Kolkata Knight Riders,Chennai Super Kings,Kolkata Knight Riders,field,Kolkata Knight Riders,,normal,0,8,,RV Uthappa
734025,2014,2014/05/21,Chandigarh,"Punjab Cricket Association Stadium, Mohali",Kings XI Punjab,Mumbai Indians,Mumbai Indians,field,Mumbai Indians,,normal,0,7,,LMP Simmons
734027,2014,2014/05/22,Kolkata,Eden Gardens,Kolkata Knight Riders,Royal Challengers Bangalore,Royal Challengers Bangalore,field,Kolkata Knight Riders,,normal,30,0,,RV Uthappa
734029,2014,2014/05/22,Ranchi,JSCA International Stadium Complex,Chennai Super Kings,Sunrisers Hyderabad,Sunrisers Hyderabad,field,Sunrisers Hyderabad,,normal,0,6,,DA Warner
734031,2014,2014/05/23,Mumbai,Wankhede Stadium,Mumbai Indians,Delhi Daredevils,Delhi Daredevils,field,Mumbai Indians,,normal,15,0,,MEK Hussey
734033,2014,2014/05/23,Chandigarh,"Punjab Cricket Association Stadium, Mohali",Kings XI Punjab,Rajasthan Royals,Rajasthan Royals,field,Kings XI Punjab,,normal,16,0,,SE Marsh
734035,2014,2014/05/24,Bangalore,M Chinnaswamy Stadium,Royal Challengers Bangalore,Chennai Super Kings,Chennai Super Kings,field,Chennai Super Kings,,normal,0,8,,MS Dhoni
734037,2014,2014/05/24,Kolkata,Eden Gardens,Kolkata Knight Riders,Sunrisers Hyderabad,Kolkata Knight Riders,field,Kolkata Knight Riders,,normal,0,4,,YK Pathan
734039,2014,2014/05/25,Chandigarh,"Punjab Cricket Association Stadium, Mohali",Kings XI Punjab,Delhi Daredevils,Kings XI Punjab,field,Kings XI Punjab,,normal,0,7,,M Vohra
734041,2014,2014/05/25,Mumbai,Wankhede Stadium,Mumbai Indians,Rajasthan Royals,Mumbai Indians,field,Mumbai Indians,,normal,0,5,,CJ Anderson
734043,2014,2014/05/27,Kolkata,Eden Gardens,Kings XI Punjab,Kolkata Knight Riders,Kings XI Punjab,field,Kolkata Knight Riders,,normal,28,0,,UT Yadav
734045,2014,2014/05/28,Mumbai,Brabourne Stadium,Chennai Super Kings,Mumbai Indians,Chennai Super Kings,field,Chennai Super Kings,,normal,0,7,,SK Raina
734047,2014,2014/05/30,Mumbai,Wankhede Stadium,Chennai Super Kings,Kings XI Punjab,Chennai Super Kings,field,Kings XI Punjab,,normal,24,0,,V Sehwag
734049,2014,2014/06/01,Bangalore,M Chinnaswamy Stadium,Kolkata Knight Riders,Kings XI Punjab,Kolkata Knight Riders,field,Kolkata Knight Riders,,normal,0,3,,MK Pandey
829705,2015,2015/04/08,Kolkata,Eden Gardens,Kolkata Knight Riders,Mumbai Indians,Kolkata Knight Riders,field,Kolkata Knight Riders,,normal,0,7,,M Morkel
829707,2015,2015/04/09,Chennai,"MA Chidambaram Stadium, Chepauk",Chennai Super Kings,Delhi Daredevils,Delhi Daredevils,field,Chennai Super Kings,,normal,1,0,,A Nehra
829709,2015,2015/04/10,Pune,Maharashtra Cricket Association Stadium,Kings XI Punjab,Rajasthan Royals,Kings XI Punjab,field,Rajasthan Royals,,normal,26,0,,JP Faulkner
829711,2015,2015/04/11,Chennai,"MA Chidambaram Stadium, Chepauk",Chennai Super Kings,Sunrisers Hyderabad,Chennai Super Kings,bat,Chennai Super Kings,,normal,45,0,,BB McCullum
829713,2015,2015/04/11,Kolkata,Eden Gardens,Kolkata Knight Riders,Royal Challengers Bangalore,Royal Challengers Bangalore,field,Royal Challengers Bangalore,,normal,0,3,,CH Gayle
829715,2015,2015/04/12,Delhi,Feroz Shah Kotla,Delhi Daredevils,Rajasthan Royals,Rajasthan Royals,field,Rajasthan Royals,,normal,0,3,,DJ Hooda
829717,2015,2015/04/12,Mumbai,Wankhede Stadium,Mumbai Indians,Kings XI Punjab,Mumbai Indians,field,Kings XI Punjab,,normal,18,0,,GJ Bailey
829719,2015,2015/04/13,Bangalore,M Chinnaswamy Stadium,Royal Challengers Bangalore,Sunrisers Hyderabad,Sunrisers Hyderabad,field,Sunrisers Hyderabad,,normal,0,8,,DA Warner
829721,2015,2015/04/14,Ahmedabad,"Sardar Patel Stadium, Motera",Rajasthan Royals,Mumbai Indians,Mumbai Indians,bat,Rajasthan Royals,,normal,0,7,,SPD Smith
829725,2015,2015/04/15,Pune,Maharashtra Cricket Association Stadium,Kings XI Punjab,Delhi Daredevils,Kings XI Punjab,bat,Delhi Daredevils,,normal,0,5,,MA Agarwal
829727,2015,2015/04/16,Visakhapatnam,Dr. Y.S. Rajasekhara Reddy ACA-VDCA Cricket Stadium,Sunrisers Hyderabad,Rajasthan Royals,Rajasthan Royals,field,Rajasthan Royals,,normal,0,6,,AM Rahane
829729,2015,2015/04/17,Mumbai,Wankhede Stadium,Mumbai Indians,Chennai Super Kings,Mumbai Indians,bat,Chennai Super Kings,,normal,0,6,,A Nehra
829731,2015,2015/04/18,Visakhapatnam,Dr. Y.S. Rajasekhara Reddy ACA-VDCA Cricket Stadium,Sunrisers Hyderabad,Delhi Daredevils,Delhi Daredevils,bat,Delhi Daredevils,,normal,4,0,,JP Duminy
829733,2015,2015/04/18,Pune,Maharashtra Cricket Association Stadium,Kings XI Punjab,Kolkata Knight Riders,Kolkata Knight Riders,field,Kolkata Knight Riders,,normal,0,4,,AD Russell
829735,2015,2015/04/19,Ahmedabad,"Sardar Patel Stadium, Motera",Rajasthan Royals,Chennai Super Kings,Chennai Super Kings,bat,Rajasthan Royals,,normal,0,8,,AM Rahane
829737,2015,2015/04/19,Bangalore,M Chinnaswamy Stadium,Royal Challengers Bangalore,Mumbai Indians,Royal Challengers Bangalore,field,Mumbai Indians,,normal,18,0,,Harbhajan Singh
829739,2015,2015/04/20,Delhi,Feroz Shah Kotla,Delhi Daredevils,Kolkata Knight Riders,Kolkata Knight Riders,field,Kolkata Knight Riders,,normal,0,6,,UT Yadav
829741,2015,2015/04/21,Ahmedabad,"Sardar Patel Stadium, Motera",Rajasthan Royals,Kings XI Punjab,Kings XI Punjab,field,Kings XI Punjab,Kings XI Punjab,tie,0,0,,SE Marsh
829743,2015,2015/04/22,Visakhapatnam,Dr. Y.S. Rajasekhara Reddy ACA-VDCA Cricket Stadium,Sunrisers Hyderabad,Kolkata Knight Riders,Kolkata Knight Riders,field,Sunrisers Hyderabad,,normal,16,0,D/L,DA Warner
829745,2015,2015/04/22,Bangalore,M Chinnaswamy Stadium,Royal Challengers Bangalore,Chennai Super Kings,Royal Challengers Bangalore,field,Chennai Super Kings,,normal,27,0,,SK Raina
829747,2015,2015/04/23,Delhi,Feroz Shah Kotla,Delhi Daredevils,Mumbai Indians,Mumbai Indians,field,Delhi Daredevils,,normal,37,0,,SS Iyer
829749,2015,2015/04/24,Ahmedabad,"Sardar Patel Stadium, Motera",Rajasthan Royals,Royal Challengers Bangalore,Royal Challengers Bangalore,field,Royal Challengers Bangalore,,normal,0,9,,MA Starc
829751,2015,2015/04/25,Mumbai,Wankhede Stadium,Mumbai Indians,Sunrisers Hyderabad,Mumbai Indians,bat,Mumbai Indians,,normal,20,0,,SL Malinga
829753,2015,2015/04/25,Chennai,"MA Chidambaram Stadium, Chepauk",Chennai Super Kings,Kings XI Punjab,Chennai Super Kings,bat,Chennai Super Kings,,normal,97,0,,BB McCullum
829757,2015,2015/04/26,Delhi,Feroz Shah Kotla,Delhi Daredevils,Royal Challengers Bangalore,Royal Challengers Bangalore,field,Royal Challengers Bangalore,,normal,0,10,,VR Aaron
829759,2015,2015/04/27,Chandigarh,"Punjab Cricket Association Stadium, Mohali",Kings XI Punjab,Sunrisers Hyderabad,Kings XI Punjab,field,Sunrisers Hyderabad,,normal,20,0,,TA Boult
829765,2015,2015/04/28,Chennai,"MA Chidambaram Stadium, Chepauk",Chennai Super Kings,Kolkata Knight Riders,Kolkata Knight Riders,field,Chennai Super Kings,,normal,2,0,,DJ Bravo
829763,2015,2015/04/29,Bangalore,M Chinnaswamy Stadium,Royal Challengers Bangalore,Rajasthan Royals,Rajasthan Royals,field,,,no result,0,0,,
829723,2015,2015/04/30,Kolkata,Eden Gardens,Kolkata Knight Riders,Chennai Super Kings,Kolkata Knight Riders,field,Kolkata Knight Riders,,normal,0,7,,AD Russell
829767,2015,2015/05/01,Delhi,Feroz Shah Kotla,Delhi Daredevils,Kings XI Punjab,Delhi Daredevils,field,Delhi Daredevils,,normal,0,9,,NM Coulter-Nile
829769,2015,2015/05/01,Mumbai,Wankhede Stadium,Mumbai Indians,Rajasthan Royals,Rajasthan Royals,field,Mumbai Indians,,normal,8,0,,AT Rayudu
829771,2015,2015/05/02,Bangalore,M Chinnaswamy Stadium,Royal Challengers Bangalore,Kolkata Knight Riders,Royal Challengers Bangalore,field,Royal Challengers Bangalore,,normal,0,7,,Mandeep Singh
829773,2015,2015/05/02,Hyderabad,"Rajiv Gandhi International Stadium, Uppal",Sunrisers Hyderabad,Chennai Super Kings,Chennai Super Kings,field,Sunrisers Hyderabad,,normal,22,0,,DA Warner
829775,2015,2015/05/03,Chandigarh,"Punjab Cricket Association Stadium, Mohali",Kings XI Punjab,Mumbai Indians,Mumbai Indians,bat,Mumbai Indians,,normal,23,0,,LMP Simmons
829777,2015,2015/05/03,Mumbai,Brabourne Stadium,Rajasthan Royals,Delhi Daredevils,Delhi Daredevils,field,Rajasthan Royals,,normal,14,0,,AM Rahane
829779,2015,2015/05/04,Chennai,"MA Chidambaram Stadium, Chepauk",Chennai Super Kings,Royal Challengers Bangalore,Chennai Super Kings,bat,Chennai Super Kings,,normal,24,0,,SK Raina
829781,2015,2015/05/04,Kolkata,Eden Gardens,Kolkata Knight Riders,Sunrisers Hyderabad,Sunrisers Hyderabad,field,Kolkata Knight Riders,,normal,35,0,,UT Yadav
829783,2015,2015/05/05,Mumbai,Wankhede Stadium,Mumbai Indians,Delhi Daredevils,Delhi Daredevils,bat,Mumbai Indians,,normal,0,5,,Harbhajan Singh
829785,2015,2015/05/06,Bangalore,M Chinnaswamy Stadium,Royal Challengers Bangalore,Kings XI Punjab,Kings XI Punjab,field,Royal Challengers Bangalore,,normal,138,0,,CH Gayle
829761,2015,2015/05/07,Kolkata,Eden Gardens,Kolkata Knight Riders,Delhi Daredevils,Kolkata Knight Riders,bat,Kolkata Knight Riders,,normal,13,0,,PP Chawla
829787,2015,2015/05/07,Mumbai,Brabourne Stadium,Rajasthan Royals,Sunrisers Hyderabad,Rajasthan Royals,field,Sunrisers Hyderabad,,normal,7,0,,EJG Morgan
829789,2015,2015/05/08,Chennai,"MA Chidambaram Stadium, Chepauk",Chennai Super Kings,Mumbai Indians,Chennai Super Kings,bat,Mumbai Indians,,normal,0,6,,HH Pandya
829791,2015,2015/05/09,Kolkata,Eden Gardens,Kolkata Knight Riders,Kings XI Punjab,Kings XI Punjab,bat,Kolkata Knight Riders,,normal,0,1,,AD Russell
829793,2015,2015/05/09,Raipur,Shaheed Veer Narayan Singh International Stadium,Delhi Daredevils,Sunrisers Hyderabad,Sunrisers Hyderabad,bat,Sunrisers Hyderabad,,normal,6,0,,MC Henriques
829795,2015,2015/05/10,Mumbai,Wankhede Stadium,Mumbai Indians,Royal Challengers Bangalore,Royal Challengers Bangalore,bat,Royal Challengers Bangalore,,normal,39,0,,AB de Villiers
829797,2015,2015/05/10,Chennai,"MA Chidambaram Stadium, Chepauk",Chennai Super Kings,Rajasthan Royals,Chennai Super Kings,bat,Chennai Super Kings,,normal,12,0,,RA Jadeja
829799,2015,2015/05/11,Hyderabad,"Rajiv Gandhi International Stadium, Uppal",Sunrisers Hyderabad,Kings XI Punjab,Sunrisers Hyderabad,bat,Sunrisers Hyderabad,,normal,5,0,,DA Warner
829801,2015,2015/05/12,Raipur,Shaheed Veer Narayan Singh International Stadium,Delhi Daredevils,Chennai Super Kings,Chennai Super Kings,bat,Delhi Daredevils,,normal,0,6,,Z Khan
829803,2015,2015/05/13,Chandigarh,"Punjab Cricket Association Stadium, Mohali",Kings XI Punjab,Royal Challengers Bangalore,Royal Challengers Bangalore,field,Kings XI Punjab,,normal,22,0,,AR Patel
829805,2015,2015/05/14,Mumbai,Wankhede Stadium,Mumbai Indians,Kolkata Knight Riders,Kolkata Knight Riders,field,Mumbai Indians,,normal,5,0,,HH Pandya
829807,2015,2015/05/15,Hyderabad,"Rajiv Gandhi International Stadium, Uppal",Sunrisers Hyderabad,Royal Challengers Bangalore,Sunrisers Hyderabad,bat,Royal Challengers Bangalore,,normal,0,6,D/L,V Kohli
829809,2015,2015/05/16,Chandigarh,"Punjab Cricket Association Stadium, Mohali",Kings XI Punjab,Chennai Super Kings,Kings XI Punjab,bat,Chennai Super Kings,,normal,0,7,,P Negi
829811,2015,2015/05/16,Mumbai,Brabourne Stadium,Rajasthan Royals,Kolkata Knight Riders,Rajasthan Royals,bat,Rajasthan Royals,,normal,9,0,,SR Watson
829813,2015,2015/05/17,Bangalore,M Chinnaswamy Stadium,Royal Challengers Bangalore,Delhi Daredevils,Royal Challengers Bangalore,field,,,no result,0,0,,
829815,2015,2015/05/17,Hyderabad,"Rajiv Gandhi International Stadium, Uppal",Sunrisers Hyderabad,Mumbai Indians,Sunrisers Hyderabad,bat,Mumbai Indians,,normal,0,9,,MJ McClenaghan
829817,2015,2015/05/19,Mumbai,Wankhede Stadium,Chennai Super Kings,Mumbai Indians,Mumbai Indians,bat,Mumbai Indians,,normal,25,0,,KA Pollard
829819,2015,2015/05/20,Pune,Maharashtra Cricket Association Stadium,Royal Challengers Bangalore,Rajasthan Royals,Royal Challengers Bangalore,bat,Royal Challengers Bangalore,,normal,71,0,,AB de Villiers
829821,2015,2015/05/22,Ranchi,JSCA International Stadium Complex,Chennai Super Kings,Royal Challengers Bangalore,Chennai Super Kings,field,Chennai Super Kings,,normal,0,3,,A Nehra
829823,2015,2015/05/24,Kolkata,Eden Gardens,Mumbai Indians,Chennai Super Kings,Chennai Super Kings,field,Mumbai Indians,,normal,41,0,,RG Sharma
980901,2016,2016/04/09,Mumbai,Wankhede Stadium,Mumbai Indians,Rising Pune Supergiants,Mumbai Indians,bat,Rising Pune Supergiants,,normal,0,9,,AM Rahane
980903,2016,2016/04/10,Kolkata,Eden Gardens,Kolkata Knight Riders,Delhi Daredevils,Kolkata Knight Riders,field,Kolkata Knight Riders,,normal,0,9,,AD Russell
980905,2016,2016/04/11,Chandigarh,"Punjab Cricket Association IS Bindra Stadium, Mohali",Kings XI Punjab,Gujarat Lions,Gujarat Lions,field,Gujarat Lions,,normal,0,5,,AJ Finch
980907,2016,2016/04/12,Bangalore,M Chinnaswamy Stadium,Royal Challengers Bangalore,Sunrisers Hyderabad,Sunrisers Hyderabad,field,Royal Challengers Bangalore,,normal,45,0,,AB de Villiers
980909,2016,2016/04/13,Kolkata,Eden Gardens,Kolkata Knight Riders,Mumbai Indians,Mumbai Indians,field,Mumbai Indians,,normal,0,6,,RG Sharma
980911,2016,2016/04/14,Rajkot,Saurashtra Cricket Association Stadium,Gujarat Lions,Rising Pune Supergiants,Rising Pune Supergiants,bat,Gujarat Lions,,normal,0,7,,AJ Finch
980913,2016,2016/04/15,Delhi,Feroz Shah Kotla,Delhi Daredevils,Kings XI Punjab,Delhi Daredevils,field,Delhi Daredevils,,normal,0,8,,A Mishra
980915,2016,2016/04/16,Hyderabad,"Rajiv Gandhi International Stadium, Uppal",Sunrisers Hyderabad,Kolkata Knight Riders,Sunrisers Hyderabad,bat,Kolkata Knight Riders,,normal,0,8,,G Gambhir
980917,2016,2016/04/16,Mumbai,Wankhede Stadium,Mumbai Indians,Gujarat Lions,Gujarat Lions,field,Gujarat Lions,,normal,0,3,,AJ Finch
980919,2016,2016/04/17,Chandigarh,"Punjab Cricket Association IS Bindra Stadium, Mohali",Kings XI Punjab,Rising Pune Supergiants,Rising Pune Supergiants,bat,Kings XI Punjab,,normal,0,6,,M Vohra
980921,2016,2016/04/17,Bangalore,M Chinnaswamy Stadium,Royal Challengers Bangalore,Delhi Daredevils,Delhi Daredevils,field,Delhi Daredevils,,normal,0,7,,Q de Kock
980923,2016,2016/04/18,Hyderabad,"Rajiv Gandhi International Stadium, Uppal",Sunrisers Hyderabad,Mumbai Indians,Sunrisers Hyderabad,field,Sunrisers Hyderabad,,normal,0,7,,DA Warner
980925,2016,2016/04/19,Chandigarh,"Punjab Cricket Association IS Bindra Stadium, Mohali",Kings XI Punjab,Kolkata Knight Riders,Kolkata Knight Riders,field,Kolkata Knight Riders,,normal,0,6,,RV Uthappa
980927,2016,2016/04/20,Mumbai,Wankhede Stadium,Mumbai Indians,Royal Challengers Bangalore,Mumbai Indians,field,Mumbai Indians,,normal,0,6,,RG Sharma
980929,2016,2016/04/21,Rajkot,Saurashtra Cricket Association Stadium,Gujarat Lions,Sunrisers Hyderabad,Sunrisers Hyderabad,field,Sunrisers Hyderabad,,normal,0,10,,B Kumar
980931,2016,2016/04/22,Pune,Maharashtra Cricket Association Stadium,Rising Pune Supergiants,Royal Challengers Bangalore,Rising Pune Supergiants,field,Royal Challengers Bangalore,,normal,13,0,,AB de Villiers
980933,2016,2016/04/23,Delhi,Feroz Shah Kotla,Delhi Daredevils,Mumbai Indians,Mumbai Indians,field,Delhi Daredevils,,normal,10,0,,SV Samson
980935,2016,2016/04/23,Hyderabad,"Rajiv Gandhi International Stadium, Uppal",Sunrisers Hyderabad,Kings XI Punjab,Sunrisers Hyderabad,field,Sunrisers Hyderabad,,normal,0,5,,Mustafizur Rahman
980937,2016,2016/04/24,Rajkot,Saurashtra Cricket Association Stadium,Gujarat Lions,Royal Challengers Bangalore,Royal Challengers Bangalore,bat,Gujarat Lions,,normal,0,6,,V Kohli
980939,2016,2016/04/24,Pune,Maharashtra Cricket Association Stadium,Rising Pune Supergiants,Kolkata Knight Riders,Kolkata Knight Riders,field,Kolkata Knight Riders,,normal,0,2,,SA Yadav
980941,2016,2016/04/25,Chandigarh,"Punjab Cricket Association IS Bindra Stadium, Mohali",Kings XI Punjab,Mumbai Indians,Kings XI Punjab,field,Mumbai Indians,,normal,25,0,,PA Patel
980943,2016,2016/04/26,Hyderabad,"Rajiv Gandhi International Stadium, Uppal",Sunrisers Hyderabad,Rising Pune Supergiants,Rising Pune Supergiants,field,Rising Pune Supergiants,,normal,34,0,D/L,AB Dinda
980945,2016,2016/04/27,Delhi,Feroz Shah Kotla,Delhi Daredevils,Gujarat Lions,Delhi Daredevils,field,Gujarat Lions,,normal,1,0,,CH Morris
980947,2016,2016/04/28,Mumbai,Wankhede Stadium,Mumbai Indians,Kolkata Knight Riders,Mumbai Indians,field,Mumbai Indians,,normal,0,6,,RG Sharma
980949,2016,2016/04/29,Pune,Maharashtra Cricket Association Stadium,Rising Pune Supergiants,Gujarat Lions,Gujarat Lions,field,Gujarat Lions,,normal,0,3,,DR Smith
980951,2016,2016/04/30,Delhi,Feroz Shah Kotla,Delhi Daredevils,Kolkata Knight Riders,Kolkata Knight Riders,field,Delhi Daredevils,,normal,27,0,,CR Brathwaite
980953,2016,2016/04/30,Hyderabad,"Rajiv Gandhi International Stadium, Uppal",Sunrisers Hyderabad,Royal Challengers Bangalore,Royal Challengers Bangalore,field,Sunrisers Hyderabad,,normal,15,0,,DA Warner
980955,2016,2016/05/01,Rajkot,Saurashtra Cricket Association Stadium,Gujarat Lions,Kings XI Punjab,Gujarat Lions,field,Kings XI Punjab,,normal,23,0,,AR Patel
980957,2016,2016/05/01,Pune,Maharashtra Cricket Association Stadium,Rising Pune Supergiants,Mumbai Indians,Mumbai Indians,field,Mumbai Indians,,normal,0,8,,RG Sharma
980959,2016,2016/05/02,Bangalore,M Chinnaswamy Stadium,Royal Challengers Bangalore,Kolkata Knight Riders,Kolkata Knight Riders,field,Kolkata Knight Riders,,normal,0,5,,AD Russell
980961,2016,2016/05/03,Rajkot,Saurashtra Cricket Association Stadium,Gujarat Lions,Delhi Daredevils,Delhi Daredevils,field,Delhi Daredevils,,normal,0,8,,RR Pant
980963,2016,2016/05/04,Kolkata,Eden Gardens,Kolkata Knight Riders,Kings XI Punjab,Kings XI Punjab,field,Kolkata Knight Riders,,normal,7,0,,AD Russell
980965,2016,2016/05/05,Delhi,Feroz Shah Kotla,Delhi Daredevils,Rising Pune Supergiants,Rising Pune Supergiants,field,Rising Pune Supergiants,,normal,0,7,,AM Rahane
980967,2016,2016/05/06,Hyderabad,"Rajiv Gandhi International Stadium, Uppal",Sunrisers Hyderabad,Gujarat Lions,Sunrisers Hyderabad,field,Sunrisers Hyderabad,,normal,0,5,,B Kumar
980969,2016,2016/05/07,Bangalore,M Chinnaswamy Stadium,Royal Challengers Bangalore,Rising Pune Supergiants,Royal Challengers Bangalore,field,Royal Challengers Bangalore,,normal,0,7,,V Kohli
980971,2016,2016/05/07,Chandigarh,"Punjab Cricket Association IS Bindra Stadium, Mohali",Kings XI Punjab,Delhi Daredevils,Delhi Daredevils,field,Kings XI Punjab,,normal,9,0,,MP Stoinis
980973,2016,2016/05/08,Visakhapatnam,Dr. Y.S. Rajasekhara Reddy ACA-VDCA Cricket Stadium,Mumbai Indians,Sunrisers Hyderabad,Mumbai Indians,field,Sunrisers Hyderabad,,normal,85,0,,A Nehra
980975,2016,2016/05/08,Kolkata,Eden Gardens,Kolkata Knight Riders,Gujarat Lions,Gujarat Lions,field,Gujarat Lions,,normal,0,5,,P Kumar
980977,2016,2016/05/09,Chandigarh,"Punjab Cricket Association IS Bindra Stadium, Mohali",Kings XI Punjab,Royal Challengers Bangalore,Kings XI Punjab,field,Royal Challengers Bangalore,,normal,1,0,,SR Watson
980979,2016,2016/05/10,Visakhapatnam,Dr. Y.S. Rajasekhara Reddy ACA-VDCA Cricket Stadium,Rising Pune Supergiants,Sunrisers Hyderabad,Sunrisers Hyderabad,bat,Sunrisers Hyderabad,,normal,4,0,,A Zampa
980981,2016,2016/05/11,Bangalore,M Chinnaswamy Stadium,Royal Challengers Bangalore,Mumbai Indians,Mumbai Indians,field,Mumbai Indians,,normal,0,6,,KH Pandya
980983,2016,2016/05/12,Hyderabad,"Rajiv Gandhi International Stadium, Uppal",Sunrisers Hyderabad,Delhi Daredevils,Delhi Daredevils,field,Delhi Daredevils,,normal,0,7,,CH Morris
980985,2016,2016/05/13,Visakhapatnam,Dr. Y.S. Rajasekhara Reddy ACA-VDCA Cricket Stadium,Mumbai Indians,Kings XI Punjab,Mumbai Indians,bat,Kings XI Punjab,,normal,0,7,,MP Stoinis
980987,2016,2016/05/14,Bangalore,M Chinnaswamy Stadium,Royal Challengers Bangalore,Gujarat Lions,Gujarat Lions,field,Royal Challengers Bangalore,,normal,144,0,,AB de Villiers
980989,2016,2016/05/14,Kolkata,Eden Gardens,Kolkata Knight Riders,Rising Pune Supergiants,Rising Pune Supergiants,bat,Kolkata Knight Riders,,normal,0,8,D/L,YK Pathan
980991,2016,2016/05/15,Chandigarh,"Punjab Cricket Association IS Bindra Stadium, Mohali",Kings XI Punjab,Sunrisers Hyderabad,Kings XI Punjab,bat,Sunrisers Hyderabad,,normal,0,7,,HM Amla
980993,2016,2016/05/15,Visakhapatnam,Dr. Y.S. Rajasekhara Reddy ACA-VDCA Cricket Stadium,Mumbai Indians,Delhi Daredevils,Delhi Daredevils,field,Mumbai Indians,,normal,80,0,,KH Pandya
980995,2016,2016/05/16,Kolkata,Eden Gardens,Kolkata Knight Riders,Royal Challengers Bangalore,Royal Challengers Bangalore,field,Royal Challengers Bangalore,,normal,0,9,,V Kohli
980997,2016,2016/05/17,Visakhapatnam,Dr. Y.S. Rajasekhara Reddy ACA-VDCA Cricket Stadium,Rising Pune Supergiants,Delhi Daredevils,Rising Pune Supergiants,field,Rising Pune Supergiants,,normal,19,0,D/L,AB Dinda
980999,2016,2016/05/18,Bangalore,M Chinnaswamy Stadium,Royal Challengers Bangalore,Kings XI Punjab,Kings XI Punjab,field,Royal Challengers Bangalore,,normal,82,0,D/L,V Kohli
981001,2016,2016/05/19,Kanpur,Green Park,Gujarat Lions,Kolkata Knight Riders,Gujarat Lions,field,Gujarat Lions,,normal,0,6,,DR Smith
981003,2016,2016/05/20,Raipur,Shaheed Veer Narayan Singh International Stadium,Delhi Daredevils,Sunrisers Hyderabad,Delhi Daredevils,field,Delhi Daredevils,,normal,0,6,,KK Nair
981005,2016,2016/05/21,Visakhapatnam,Dr. Y.S. Rajasekhara Reddy ACA-VDCA Cricket Stadium,Rising Pune Supergiants,Kings XI Punjab,Kings XI Punjab,bat,Rising Pune Supergiants,,normal,0,4,,MS Dhoni
981007,2016,2016/05/21,Kanpur,Green Park,Gujarat Lions,Mumbai Indians,Gujarat Lions,field,Gujarat Lions,,normal,0,6,,SK Raina
981009,2016,2016/05/22,Kolkata,Eden Gardens,Kolkata Knight Riders,Sunrisers Hyderabad,Sunrisers Hyderabad,field,Kolkata Knight Riders,,normal,22,0,,YK Pathan
981011,2016,2016/05/22,Raipur,Shaheed Veer Narayan Singh International Stadium,Delhi Daredevils,Royal Challengers Bangalore,Royal Challengers Bangalore,field,Royal Challengers Bangalore,,normal,0,6,,V Kohli
981013,2016,2016/05/24,Bangalore,M Chinnaswamy Stadium,Gujarat Lions,Royal Challengers Bangalore,Royal Challengers Bangalore,field,Royal Challengers Bangalore,,normal,0,4,,AB de Villiers
981015,2016,2016/05/25,Delhi,Feroz Shah Kotla,Sunrisers Hyderabad,Kolkata Knight Riders,Kolkata Knight Riders,field,Sunrisers Hyderabad,,normal,22,0,,MC Henriques
981017,2016,2016/05/27,Delhi,Feroz Shah Kotla,Gujarat Lions,Sunrisers Hyderabad,Sunrisers Hyderabad,field,Sunrisers Hyderabad,,normal,0,4,,DA Warner
981019,2016,2016/05/29,Bangalore,M Chinnaswamy Stadium,Royal Challengers Bangalore,Sunrisers Hyderabad,Sunrisers Hyderabad,bat,Sunrisers Hyderabad,,normal,8,0,,BCJ Cutting
1082591,2017,2017/04/05,Hyderabad,"Rajiv Gandhi International Stadium, Uppal",Sunrisers Hyderabad,Royal Challengers Bangalore,Royal Challengers Bangalore,field,Sunrisers Hyderabad,,normal,35,0,,Yuvraj Singh
1082592,2017,2017/04/06,Pune,Maharashtra Cricket Association Stadium,Rising Pune Supergiant,Mumbai Indians,Rising Pune Supergiant,field,Rising Pune Supergiant,,normal,0,7,,SPD Smith
1082593,2017,2017/04/07,Rajkot,Saurashtra Cricket Association Stadium,Gujarat Lions,Kolkata Knight Riders,Kolkata Knight Riders,field,Kolkata Knight Riders,,normal,0,10,,CA Lynn
1082594,2017,2017/04/08,Indore,Holkar Cricket Stadium,Kings XI Punjab,Rising Pune Supergiant,Kings XI Punjab,field,Kings XI Punjab,,normal,0,6,,GJ Maxwell
1082595,2017,2017/04/08,Bengaluru,M.Chinnaswamy Stadium,Royal Challengers Bangalore,Delhi Daredevils,Royal Challengers Bangalore,bat,Royal Challengers Bangalore,,normal,15,0,,KM Jadhav
1082596,2017,2017/04/09,Hyderabad,"Rajiv Gandhi International Stadium, Uppal",Sunrisers Hyderabad,Gujarat Lions,Sunrisers Hyderabad,field,Sunrisers Hyderabad,,normal,0,9,,Rashid Khan
1082597,2017,2017/04/09,Mumbai,Wankhede Stadium,Mumbai Indians,Kolkata Knight Riders,Mumbai Indians,field,Mumbai Indians,,normal,0,4,,N Rana
1082598,2017,2017/04/10,Indore,Holkar Cricket Stadium,Kings XI Punjab,Royal Challengers Bangalore,Royal Challengers Bangalore,bat,Kings XI Punjab,,normal,0,8,,AR Patel
1082599,2017,2017/04/11,Pune,Maharashtra Cricket Association Stadium,Rising Pune Supergiant,Delhi Daredevils,Rising Pune Supergiant,field,Delhi Daredevils,,normal,97,0,,SV Samson
1082600,2017,2017/04/12,Mumbai,Wankhede Stadium,Mumbai Indians,Sunrisers Hyderabad,Mumbai Indians,field,Mumbai Indians,,normal,0,4,,JJ Bumrah
1082601,2017,2017/04/13,Kolkata,Eden Gardens,Kolkata Knight Riders,Kings XI Punjab,Kolkata Knight Riders,field,Kolkata Knight Riders,,normal,0,8,,SP Narine
1082602,2017,2017/04/14,Bangalore,M Chinnaswamy Stadium,Royal Challengers Bangalore,Mumbai Indians,Mumbai Indians,field,Mumbai Indians,,normal,0,4,,KA Pollard
1082603,2017,2017/04/14,Rajkot,Saurashtra Cricket Association Stadium,Gujarat Lions,Rising Pune Supergiant,Gujarat Lions,field,Gujarat Lions,,normal,0,7,,AJ Tye
1082604,2017,2017/04/15,Kolkata,Eden Gardens,Kolkata Knight Riders,Sunrisers Hyderabad,Sunrisers Hyderabad,field,Kolkata Knight Riders,,normal,17,0,,RV Uthappa
1082605,2017,2017/04/15,Delhi,Feroz Shah Kotla,Delhi Daredevils,Kings XI Punjab,Delhi Daredevils,bat,Delhi Daredevils,,normal,51,0,,CJ Anderson
1082606,2017,2017/04/16,Mumbai,Wankhede Stadium,Mumbai Indians,Gujarat Lions,Mumbai Indians,field,Mumbai Indians,,normal,0,6,,N Rana
1082607,2017,2017/04/16,Bangalore,M Chinnaswamy Stadium,Royal Challengers Bangalore,Rising Pune Supergiant,Royal Challengers Bangalore,field,Rising Pune Supergiant,,normal,27,0,,BA Stokes
1082608,2017,2017/04/17,Delhi,Feroz Shah Kotla,Delhi Daredevils,Kolkata Knight Riders,Delhi Daredevils,bat,Kolkata Knight Riders,,normal,0,4,,NM Coulter-Nile
1082609,2017,2017/04/17,Hyderabad,"Rajiv Gandhi International Stadium, Uppal",Sunrisers Hyderabad,Kings XI Punjab,Kings XI Punjab,field,Sunrisers Hyderabad,,normal,5,0,,B Kumar
1082610,2017,2017/04/18,Rajkot,Saurashtra Cricket Association Stadium,Gujarat Lions,Royal Challengers Bangalore,Gujarat Lions,field,Royal Challengers Bangalore,,normal,21,0,,CH Gayle
1082611,2017,2017/04/19,Hyderabad,"Rajiv Gandhi International Stadium, Uppal",Sunrisers Hyderabad,Delhi Daredevils,Sunrisers Hyderabad,bat,Sunrisers Hyderabad,,normal,15,0,,KS Williamson
1082612,2017,2017/04/20,Indore,Holkar Cricket Stadium,Kings XI Punjab,Mumbai Indians,Mumbai Indians,field,Mumbai Indians,,normal,0,8,,JC Buttler
1082613,2017,2017/04/21,Kolkata,Eden Gardens,Kolkata Knight Riders,Gujarat Lions,Gujarat Lions,field,Gujarat Lions,,normal,0,4,,SK Raina
1082614,2017,2017/04/22,Mumbai,Wankhede Stadium,Mumbai Indians,Delhi Daredevils,Delhi Daredevils,field,Mumbai Indians,,normal,14,0,,MJ McClenaghan
1082615,2017,2017/04/22,Pune,Maharashtra Cricket Association Stadium,Rising Pune Supergiant,Sunrisers Hyderabad,Rising Pune Supergiant,field,Rising Pune Supergiant,,normal,0,6,,MS Dhoni
1082616,2017,2017/04/23,Rajkot,Saurashtra Cricket Association Stadium,Gujarat Lions,Kings XI Punjab,Gujarat Lions,field,Kings XI Punjab,,normal,26,0,,HM Amla
1082617,2017,2017/04/23,Kolkata,Eden Gardens,Kolkata Knight Riders,Royal Challengers Bangalore,Royal Challengers Bangalore,field,Kolkata Knight Riders,,normal,82,0,,NM Coulter-Nile
1082618,2017,2017/04/24,Mumbai,Wankhede Stadium,Mumbai Indians,Rising Pune Supergiant,Mumbai Indians,field,Rising Pune Supergiant,,normal,3,0,,BA Stokes
1082620,2017,2017/04/26,Pune,Maharashtra Cricket Association Stadium,Rising Pune Supergiant,Kolkata Knight Riders,Kolkata Knight Riders,field,Kolkata Knight Riders,,normal,0,7,,RV Uthappa
1082621,2017,2017/04/27,Bangalore,M Chinnaswamy Stadium,Royal Challengers Bangalore,Gujarat Lions,Gujarat Lions,field,Gujarat Lions,,normal,0,7,,AJ Tye
1082622,2017,2017/04/28,Kolkata,Eden Gardens,Kolkata Knight Riders,Delhi Daredevils,Kolkata Knight Riders,field,Kolkata Knight Riders,,normal,0,7,,G Gambhir
1082623,2017,2017/04/28,Chandigarh,"Punjab Cricket Association IS Bindra Stadium, Mohali",Kings XI Punjab,Sunrisers Hyderabad,Kings XI Punjab,field,Sunrisers Hyderabad,,normal,26,0,,Rashid Khan
1082624,2017,2017/04/29,Pune,Maharashtra Cricket Association Stadium,Rising Pune Supergiant,Royal Challengers Bangalore,Royal Challengers Bangalore,field,Rising Pune Supergiant,,normal,61,0,,LH Ferguson
1082625,2017,2017/04/29,Rajkot,Saurashtra Cricket Association Stadium,Gujarat Lions,Mumbai Indians,Gujarat Lions,bat,Mumbai Indians,Mumbai Indians,tie,0,0,,KH Pandya
1082626,2017,2017/04/30,Chandigarh,"Punjab Cricket Association IS Bindra Stadium, Mohali",Kings XI Punjab,Delhi Daredevils,Kings XI Punjab,field,Kings XI Punjab,,normal,0,10,,Sandeep Sharma
1082627,2017,2017/04/30,Hyderabad,"Rajiv Gandhi International Stadium, Uppal",Sunrisers Hyderabad,Kolkata Knight Riders,Kolkata Knight Riders,field,Sunrisers Hyderabad,,normal,48,0,,DA Warner
1082628,2017,2017/05/01,Mumbai,Wankhede Stadium,Mumbai Indians,Royal Challengers Bangalore,Royal Challengers Bangalore,bat,Mumbai Indians,,normal,0,5,,RG Sharma
1082629,2017,2017/05/01,Pune,Maharashtra Cricket Association Stadium,Rising Pune Supergiant,Gujarat Lions,Rising Pune Supergiant,field,Rising Pune Supergiant,,normal,0,5,,BA Stokes
1082630,2017,2017/05/02,Delhi,Feroz Shah Kotla,Delhi Daredevils,Sunrisers Hyderabad,Delhi Daredevils,field,Delhi Daredevils,,normal,0,6,,Mohammed Shami
1082631,2017,2017/05/03,Kolkata,Eden Gardens,Kolkata Knight Riders,Rising Pune Supergiant,Rising Pune Supergiant,field,Rising Pune Supergiant,,normal,0,4,,RA Tripathi
1082632,2017,2017/05/04,Delhi,Feroz Shah Kotla,Delhi Daredevils,Gujarat Lions,Delhi Daredevils,field,Delhi Daredevils,,normal,0,7,,RR Pant
1082633,2017,2017/05/05,Bangalore,M Chinnaswamy Stadium,Royal Challengers Bangalore,Kings XI Punjab,Royal Challengers Bangalore,field,Kings XI Punjab,,normal,19,0,,Sandeep Sharma
1082634,2017,2017/05/06,Hyderabad,"Rajiv Gandhi International Stadium, Uppal",Sunrisers Hyderabad,Rising Pune Supergiant,Sunrisers Hyderabad,field,Rising Pune Supergiant,,normal,12,0,,JD Unadkat
1082635,2017,2017/05/06,Delhi,Feroz Shah Kotla,Delhi Daredevils,Mumbai Indians,Delhi Daredevils,field,Mumbai Indians,,normal,146,0,,LMP Simmons
1082636,2017,2017/05/07,Bangalore,M Chinnaswamy Stadium,Royal Challengers Bangalore,Kolkata Knight Riders,Kolkata Knight Riders,field,Kolkata Knight Riders,,normal,0,6,,SP Narine
1082637,2017,2017/05/07,Chandigarh,"Punjab Cricket Association IS Bindra Stadium, Mohali",Kings XI Punjab,Gujarat Lions,Gujarat Lions,field,Gujarat Lions,,normal,0,6,,DR Smith
1082638,2017,2017/05/08,Hyderabad,"Rajiv Gandhi International Stadium, Uppal",Sunrisers Hyderabad,Mumbai Indians,Mumbai Indians,bat,Sunrisers Hyderabad,,normal,0,7,,S Dhawan
1082639,2017,2017/05/09,Chandigarh,"Punjab Cricket Association IS Bindra Stadium, Mohali",Kings XI Punjab,Kolkata Knight Riders,Kolkata Knight Riders,field,Kings XI Punjab,,normal,14,0,,MM Sharma
1082640,2017,2017/05/10,Kanpur,Green Park,Gujarat Lions,Delhi Daredevils,Delhi Daredevils,field,Delhi Daredevils,,normal,0,2,,SS Iyer
1082641,2017,2017/05/11,Mumbai,Wankhede Stadium,Mumbai Indians,Kings XI Punjab,Mumbai Indians,field,Kings XI Punjab,,normal,7,0,,WP Saha
1082642,2017,2017/05/12,Delhi,Feroz Shah Kotla,Delhi Daredevils,Rising Pune Supergiant,Delhi Daredevils,bat,Delhi Daredevils,,normal,7,0,,KK Nair
1082643,2017,2017/05/13,Kanpur,Green Park,Gujarat Lions,Sunrisers Hyderabad,Sunrisers Hyderabad,field,Sunrisers Hyderabad,,normal,0,8,,Mohammed Siraj
1082644,2017,2017/05/13,Kolkata,Eden Gardens,Kolkata Knight Riders,Mumbai Indians,Kolkata Knight Riders,field,Mumbai Indians,,normal,9,0,,AT Rayudu
1082645,2017,2017/05/14,Pune,Maharashtra Cricket Association Stadium,Rising Pune Supergiant,Kings XI Punjab,Rising Pune Supergiant,field,Rising Pune Supergiant,,normal,0,9,,JD Unadkat
1082646,2017,2017/05/14,Delhi,Feroz Shah Kotla,Delhi Daredevils,Royal Challengers Bangalore,Royal Challengers Bangalore,bat,Royal Challengers Bangalore,,normal,10,0,,HV Patel
1082647,2017,2017/05/16,Mumbai,Wankhede Stadium,Mumbai Indians,Rising Pune Supergiant,Mumbai Indians,field,Rising Pune Supergiant,,normal,20,0,,Washington Sundar
1082648,2017,2017/05/17,Bangalore,M Chinnaswamy Stadium,Sunrisers Hyderabad,Kolkata Knight Riders,Kolkata Knight Riders,field,Kolkata Knight Riders,,normal,0,7,D/L,NM Coulter-Nile
1082649,2017,2017/05/19,Bangalore,M Chinnaswamy Stadium,Mumbai Indians,Kolkata Knight Riders,Mumbai Indians,field,Mumbai Indians,,normal,0,6,,KV Sharma
1082650,2017,2017/05/21,Hyderabad,"Rajiv Gandhi International Stadium, Uppal",Mumbai Indians,Rising Pune Supergiant,Mumbai Indians,bat,Mumbai Indians,,normal,1,0,,KH Pandya
1136561,2018,2018/04/07,Mumbai,Wankhede Stadium,Mumbai Indians,Chennai Super Kings,Chennai Super Kings,field,Chennai Super Kings,,normal,0,1,,DJ Bravo
1136562,2018,2018/04/08,Chandigarh,Punjab Cricket Association IS Bindra Stadium,Delhi Daredevils,Kings XI Punjab,Kings XI Punjab,field,Kings XI Punjab,,normal,0,6,,KL Rahul
1136563,2018,2018/04/08,Kolkata,Eden Gardens,Royal Challengers Bangalore,Kolkata Knight Riders,Kolkata Knight Riders,field,Kolkata Knight Riders,,normal,0,4,,SP Narine
1136564,2018,2018/04/09,Hyderabad,Rajiv Gandhi International Stadium,Rajasthan Royals,Sunrisers Hyderabad,Sunrisers Hyderabad,field,Sunrisers Hyderabad,,normal,0,9,,S Dhawan
1136565,2018,2018/04/10,Chennai,MA Chidambaram Stadium,Kolkata Knight Riders,Chennai Super Kings,Chennai Super Kings,field,Chennai Super Kings,,normal,0,5,,SW Billings
1136566,2018,2018/04/11,Jaipur,Sawai Mansingh Stadium,Rajasthan Royals,Delhi Daredevils,Delhi Daredevils,field,Rajasthan Royals,,normal,10,0,D/L,SV Samson
1136567,2018,2018/04/12,Hyderabad,Rajiv Gandhi International Stadium,Mumbai Indians,Sunrisers Hyderabad,Sunrisers Hyderabad,field,Sunrisers Hyderabad,,normal,0,1,,Rashid Khan
1136568,2018,2018/04/13,Bengaluru,M.Chinnaswamy Stadium,Kings XI Punjab,Royal Challengers Bangalore,Royal Challengers Bangalore,field,Royal Challengers Bangalore,,normal,0,4,,UT Yadav
1136569,2018,2018/04/14,Mumbai,Wankhede Stadium,Mumbai Indians,Delhi Daredevils,Delhi Daredevils,field,Delhi Daredevils,,normal,0,7,,JJ Roy
1136570,2018,2018/04/14,Kolkata,Eden Gardens,Kolkata Knight Riders,Sunrisers Hyderabad,Sunrisers Hyderabad,field,Sunrisers Hyderabad,,normal,0,5,,B Stanlake
1136571,2018,2018/04/15,Bengaluru,M.Chinnaswamy Stadium,Rajasthan Royals,Royal Challengers Bangalore,Royal Challengers Bangalore,field,Rajasthan Royals,,normal,19,0,,SV Samson
1136572,2018,2018/04/15,Chandigarh,Punjab Cricket Association IS Bindra Stadium,Kings XI Punjab,Chennai Super Kings,Chennai Super Kings,field,Kings XI Punjab,,normal,4,0,,CH Gayle
1136573,2018,2018/04/16,Kolkata,Eden Gardens,Kolkata Knight Riders,Delhi Daredevils,Delhi Daredevils,field,Kolkata Knight Riders,,normal,71,0,,N Rana
1136574,2018,2018/04/17,Mumbai,Wankhede Stadium,Mumbai Indians,Royal Challengers Bangalore,Royal Challengers Bangalore,field,Mumbai Indians,,normal,46,0,,RG Sharma
1136575,2018,2018/04/18,Jaipur,Sawai Mansingh Stadium,Rajasthan Royals,Kolkata Knight Riders,Kolkata Knight Riders,field,Kolkata Knight Riders,,normal,0,7,,N Rana
1136576,2018,2018/04/19,Chandigarh,Punjab Cricket Association IS Bindra Stadium,Kings XI Punjab,Sunrisers Hyderabad,Kings XI Punjab,bat,Kings XI Punjab,,normal,15,0,,CH Gayle
1136577,2018,2018/04/20,Pune,Maharashtra Cricket Association Stadium,Chennai Super Kings,Rajasthan Royals,Rajasthan Royals,field,Chennai Super Kings,,normal,64,0,,SR Watson
1136578,2018,2018/04/21,Kolkata,Eden Gardens,Kolkata Knight Riders,Kings XI Punjab,Kings XI Punjab,field,Kings XI Punjab,,normal,0,9,D/L,KL Rahul
1136579,2018,2018/04/21,Bengaluru,M.Chinnaswamy Stadium,Delhi Daredevils,Royal Challengers Bangalore,Royal Challengers Bangalore,field,Royal Challengers Bangalore,,normal,0,6,,AB de Villiers
1136580,2018,2018/04/22,Hyderabad,Rajiv Gandhi International Stadium,Chennai Super Kings,Sunrisers Hyderabad,Sunrisers Hyderabad,field,Chennai Super Kings,,normal,4,0,,AT Rayudu
1136581,2018,2018/04/22,Jaipur,Sawai Mansingh Stadium,Mumbai Indians,Rajasthan Royals,Mumbai Indians,bat,Rajasthan Royals,,normal,0,3,,JC Archer
1136582,2018,2018/04/23,Delhi,Arun Jaitley Stadium,Kings XI Punjab,Delhi Daredevils,Delhi Daredevils,field,Kings XI Punjab,,normal,4,0,,AS Rajpoot
1136583,2018,2018/04/24,Mumbai,Wankhede Stadium,Sunrisers Hyderabad,Mumbai Indians,Mumbai Indians,field,Sunrisers Hyderabad,,normal,31,0,,Rashid Khan
1136584,2018,2018/04/25,Bengaluru,M.Chinnaswamy Stadium,Royal Challengers Bangalore,Chennai Super Kings,Chennai Super Kings,field,Chennai Super Kings,,normal,0,5,,MS Dhoni
1136585,2018,2018/04/26,Hyderabad,Rajiv Gandhi International Stadium,Sunrisers Hyderabad,Kings XI Punjab,Kings XI Punjab,field,Sunrisers Hyderabad,,normal,13,0,,AS Rajpoot
1136586,2018,2018/04/27,Delhi,Arun Jaitley Stadium,Delhi Daredevils,Kolkata Knight Riders,Kolkata Knight Riders,field,Delhi Daredevils,,normal,55,0,,SS Iyer
1136587,2018,2018/04/28,Pune,Maharashtra Cricket Association Stadium,Chennai Super Kings,Mumbai Indians,Mumbai Indians,field,Mumbai Indians,,normal,0,8,,RG Sharma
1136588,2018,2018/04/29,Jaipur,Sawai Mansingh Stadium,Sunrisers Hyderabad,Rajasthan Royals,Sunrisers Hyderabad,bat,Sunrisers Hyderabad,,normal,11,0,,KS Williamson
1136589,2018,2018/04/29,Bengaluru,M.Chinnaswamy Stadium,Royal Challengers Bangalore,Kolkata Knight Riders,Kolkata Knight Riders,field,Kolkata Knight Riders,,normal,0,6,,CA Lynn
1136590,2018,2018/04/30,Pune,Maharashtra Cricket Association Stadium,Chennai Super Kings,Delhi Daredevils,Delhi Daredevils,field,Chennai Super Kings,,normal,13,0,,SR Watson
1136591,2018,2018/05/01,Bengaluru,M.Chinnaswamy Stadium,Royal Challengers Bangalore,Mumbai Indians,Mumbai Indians,field,Royal Challengers Bangalore,,normal,14,0,,TG Southee
1136592,2018,2018/05/02,Delhi,Arun Jaitley Stadium,Delhi Daredevils,Rajasthan Royals,Rajasthan Royals,field,Delhi Daredevils,,normal,4,0,D/L,RR Pant
1136593,2018,2018/05/03,Kolkata,Eden Gardens,Chennai Super Kings,Kolkata Knight Riders,Kolkata Knight Riders,field,Kolkata Knight Riders,,normal,0,6,,SP Narine
1136594,2018,2018/05/04,Indore,Holkar Cricket Stadium,Kings XI Punjab,Mumbai Indians,Mumbai Indians,field,Mumbai Indians,,normal,0,6,,SA Yadav
1136595,2018,2018/05/05,Pune,Maharashtra Cricket Association Stadium,Royal Challengers Bangalore,Chennai Super Kings,Chennai Super Kings,field,Chennai Super Kings,,normal,0,6,,RA Jadeja
1136596,2018,2018/05/05,Hyderabad,Rajiv Gandhi International Stadium,Delhi Daredevils,Sunrisers Hyderabad,Delhi Daredevils,bat,Sunrisers Hyderabad,,normal,0,7,,Rashid Khan
1136597,2018,2018/05/06,Mumbai,Wankhede Stadium,Mumbai Indians,Kolkata Knight Riders,Kolkata Knight Riders,field,Mumbai Indians,,normal,13,0,,HH Pandya
1136598,2018,2018/05/06,Indore,Holkar Cricket Stadium,Rajasthan Royals,Kings XI Punjab,Kings XI Punjab,field,Kings XI Punjab,,normal,0,6,,Mujeeb Ur Rahman
1136599,2018,2018/05/07,Hyderabad,Rajiv Gandhi International Stadium,Sunrisers Hyderabad,Royal Challengers Bangalore,Royal Challengers Bangalore,field,Sunrisers Hyderabad,,normal,5,0,,KS Williamson
1136600,2018,2018/05/08,Jaipur,Sawai Mansingh Stadium,Rajasthan Royals,Kings XI Punjab,Rajasthan Royals,bat,Rajasthan Royals,,normal,15,0,,JC Buttler
1136601,2018,2018/05/09,Kolkata,Eden Gardens,Mumbai Indians,Kolkata Knight Riders,Kolkata Knight Riders,field,Mumbai Indians,,normal,102,0,,Ishan Kishan
1136602,2018,2018/05/10,Delhi,Arun Jaitley Stadium,Delhi Daredevils,Sunrisers Hyderabad,Delhi Daredevils,bat,Sunrisers Hyderabad,,normal,0,9,,S Dhawan
1136603,2018,2018/05/11,Jaipur,Sawai Mansingh Stadium,Chennai Super Kings,Rajasthan Royals,Chennai Super Kings,bat,Rajasthan Royals,,normal,0,4,,JC Buttler
1136604,2018,2018/05/12,Indore,Holkar Cricket Stadium,Kolkata Knight Riders,Kings XI Punjab,Kings XI Punjab,field,Kolkata Knight Riders,,normal,31,0,,SP Narine
1136605,2018,2018/05/12,Delhi,Arun Jaitley Stadium,Delhi Daredevils,Royal Challengers Bangalore,Royal Challengers Bangalore,field,Royal Challengers Bangalore,,normal,0,5,,AB de Villiers
1136606,2018,2018/05/13,Pune,Maharashtra Cricket Association Stadium,Sunrisers Hyderabad,Chennai Super Kings,Chennai Super Kings,field,Chennai Super Kings,,normal,0,8,,AT Rayudu
1136607,2018,2018/05/13,Mumbai,Wankhede Stadium,Mumbai Indians,Rajasthan Royals,Rajasthan Royals,field,Rajasthan Royals,,normal,0,7,,JC Buttler
1136608,2018,2018/05/14,Indore,Holkar Cricket Stadium,Kings XI Punjab,Royal Challengers Bangalore,Royal Challengers Bangalore,field,Royal Challengers Bangalore,,normal,0,10,,UT Yadav
1136609,2018,2018/05/15,Kolkata,Eden Gardens,Rajasthan Royals,Kolkata Knight Riders,Kolkata Knight Riders,field,Kolkata Knight Riders,,normal,0,6,,Kuldeep Yadav
1136610,2018,2018/05/16,Mumbai,Wankhede Stadium,Mumbai Indians,Kings XI Punjab,Kings XI Punjab,field,Mumbai Indians,,normal,3,0,,JJ Bumrah
1136611,2018,2018/05/17,Bengaluru,M.Chinnaswamy Stadium,Royal Challengers Bangalore,Sunrisers Hyderabad,Sunrisers Hyderabad,field,Royal Challengers Bangalore,,normal,14,0,,AB de Villiers
1136612,2018,2018/05/18,Delhi,Arun Jaitley Stadium,Delhi Daredevils,Chennai Super Kings,Chennai Super Kings,field,Delhi Daredevils,,normal,34,0,,HV Patel
1136613,2018,2018/05/19,Jaipur,Sawai Mansingh Stadium,Rajasthan Royals,Royal Challengers Bangalore,Rajasthan Royals,bat,Rajasthan Royals,,normal,30,0,,S Gopal
1136614,2018,2018/05/19,Hyderabad,Rajiv Gandhi International Stadium,Sunrisers Hyderabad,Kolkata Knight Riders,Sunrisers Hyderabad,bat,Kolkata Knight Riders,,normal,0,5,,CA Lynn
1136615,2018,2018/05/20,Delhi,Arun Jaitley Stadium,Delhi Daredevils,Mumbai Indians,Delhi Daredevils,bat,Delhi Daredevils,,normal,11,0,,A Mishra
1136616,2018,2018/05/20,Pune,Maharashtra Cricket Association Stadium,Kings XI Punjab,Chennai Super Kings,Chennai Super Kings,field,Chennai Super Kings,,normal,0,5,,L Ngidi
1136617,2018,2018/05/22,Mumbai,Wankhede Stadium,Sunrisers Hyderabad,Chennai Super Kings,Chennai Super Kings,field,Chennai Super Kings,,normal,0,2,,F du Plessis
1136618,2018,2018/05/23,Kolkata,Eden Gardens,Kolkata Knight Riders,Rajasthan Royals,Rajasthan Royals,field,Kolkata Knight Riders,,normal,25,0,,AD Russell
1136619,2018,2018/05/25,Kolkata,Eden Gardens,Sunrisers Hyderabad,Kolkata Knight Riders,Kolkata Knight Riders,field,Sunrisers Hyderabad,,normal,14,0,,Rashid Khan
1136620,2018,2018/05/27,Mumbai,Wankhede Stadium,Sunrisers Hyderabad,Chennai Super Kings,Chennai Super Kings,field,Chennai Super Kings,,normal,0,8,,SR Watson
1175356,2019,2019/03/23,Chennai,MA Chidambaram Stadium,Royal Challengers Bangalore,Chennai Super Kings,Chennai Super Kings,field,Chennai Super Kings,,normal,0,7,,Harbhajan Singh
1175357,2019,2019/03/24,Kolkata,Eden Gardens,Sunrisers Hyderabad,Kolkata Knight Riders,Kolkata Knight Riders,field,Kolkata Knight Riders,,normal,0,6,,AD Russell
1175358,2019,2019/03/24,Mumbai,Wankhede Stadium,Delhi Capitals,Mumbai Indians,Mumbai Indians,field,Delhi Capitals,,normal,37,0,,RR Pant
1175359,2019,2019/03/25,Jaipur,Sawai Mansingh Stadium,Kings XI Punjab,Rajasthan Royals,Rajasthan Royals,field,Kings XI Punjab,,normal,14,0,,CH Gayle
1175360,2019,2019/03/26,Delhi,Arun Jaitley Stadium,Delhi Capitals,Chennai Super Kings,Delhi Capitals,bat,Chennai Super Kings,,normal,0,6,,SR Watson
1175361,2019,2019/03/27,Kolkata,Eden Gardens,Kolkata Knight Riders,Kings XI Punjab,Kings XI Punjab,field,Kolkata Knight Riders,,normal,28,0,,AD Russell
1175362,2019,2019/03/28,Bengaluru,M.Chinnaswamy Stadium,Mumbai Indians,Royal Challengers Bangalore,Royal Challengers Bangalore,field,Mumbai Indians,,normal,6,0,,JJ Bumrah
1175363,2019,2019/03/29,Hyderabad,Rajiv Gandhi International Stadium,Rajasthan Royals,Sunrisers Hyderabad,Rajasthan Royals,bat,Sunrisers Hyderabad,,normal,0,5,,Rashid Khan
1175364,2019,2019/03/30,Chandigarh,Punjab Cricket Association IS Bindra Stadium,Mumbai Indians,Kings XI Punjab,Kings XI Punjab,field,Kings XI Punjab,,normal,0,8,,MA Agarwal
1175365,2019,2019/03/30,Delhi,Arun Jaitley Stadium,Kolkata Knight Riders,Delhi Capitals,Delhi Capitals,field,Delhi Capitals,Delhi Capitals,tie,0,0,,PP Shaw
1175366,2019,2019/03/31,Hyderabad,Rajiv Gandhi International Stadium,Sunrisers Hyderabad,Royal Challengers Bangalore,Royal Challengers Bangalore,field,Sunrisers Hyderabad,,normal,118,0,,JM Bairstow
1175367,2019,2019/03/31,Chennai,MA Chidambaram Stadium,Chennai Super Kings,Rajasthan Royals,Rajasthan Royals,field,Chennai Super Kings,,normal,8,0,,MS Dhoni
1175368,2019,2019/04/01,Chandigarh,Punjab Cricket Association IS Bindra Stadium,Kings XI Punjab,Delhi Capitals,Delhi Capitals,field,Kings XI Punjab,,normal,14,0,,SM Curran
1175369,2019,2019/04/02,Jaipur,Sawai Mansingh Stadium,Royal Challengers Bangalore,Rajasthan Royals,Rajasthan Royals,field,Rajasthan Royals,,normal,0,7,,S Gopal
1175370,2019,2019/04/03,Mumbai,Wankhede Stadium,Mumbai Indians,Chennai Super Kings,Chennai Super Kings,field,Mumbai Indians,,normal,37,0,,HH Pandya
1175371,2019,2019/04/04,Delhi,Arun Jaitley Stadium,Delhi Capitals,Sunrisers Hyderabad,Sunrisers Hyderabad,field,Sunrisers Hyderabad,,normal,0,5,,JM Bairstow
1175372,2019,2019/04/05,Bengaluru,M.Chinnaswamy Stadium,Royal Challengers Bangalore,Kolkata Knight Riders,Kolkata Knight Riders,field,Kolkata Knight Riders,,normal,0,5,,AD Russell
1178393,2019,2019/04/06,Chennai,MA Chidambaram Stadium,Chennai Super Kings,Kings XI Punjab,Chennai Super Kings,bat,Chennai Super Kings,,normal,22,0,,Harbhajan Singh
1178394,2019,2019/04/06,Hyderabad,Rajiv Gandhi International Stadium,Mumbai Indians,Sunrisers Hyderabad,Sunrisers Hyderabad,field,Mumbai Indians,,normal,40,0,,AS Joseph
1178395,2019,2019/04/07,Bengaluru,M.Chinnaswamy Stadium,Royal Challengers Bangalore,Delhi Capitals,Delhi Capitals,field,Delhi Capitals,,normal,0,4,,K Rabada
1178396,2019,2019/04/07,Jaipur,Sawai Mansingh Stadium,Rajasthan Royals,Kolkata Knight Riders,Kolkata Knight Riders,field,Kolkata Knight Riders,,normal,0,8,,HF Gurney
1178397,2019,2019/04/08,Chandigarh,Punjab Cricket Association IS Bindra Stadium,Sunrisers Hyderabad,Kings XI Punjab,Kings XI Punjab,field,Kings XI Punjab,,normal,0,6,,KL Rahul
1178398,2019,2019/04/09,Chennai,MA Chidambaram Stadium,Kolkata Knight Riders,Chennai Super Kings,Chennai Super Kings,field,Chennai Super Kings,,normal,0,7,,DL Chahar
1178399,2019,2019/04/10,Mumbai,Wankhede Stadium,Kings XI Punjab,Mumbai Indians,Mumbai Indians,field,Mumbai Indians,,normal,0,3,,KA Pollard
1178400,2019,2019/04/11,Jaipur,Sawai Mansingh Stadium,Rajasthan Royals,Chennai Super Kings,Chennai Super Kings,field,Chennai Super Kings,,normal,0,4,,MS Dhoni
1178401,2019,2019/04/12,Kolkata,Eden Gardens,Kolkata Knight Riders,Delhi Capitals,Delhi Capitals,field,Delhi Capitals,,normal,0,7,,S Dhawan
1178402,2019,2019/04/13,Mumbai,Wankhede Stadium,Mumbai Indians,Rajasthan Royals,Rajasthan Royals,field,Rajasthan Royals,,normal,0,4,,JC Buttler
1178403,2019,2019/04/13,Chandigarh,Punjab Cricket Association IS Bindra Stadium,Kings XI Punjab,Royal Challengers Bangalore,Royal Challengers Bangalore,field,Royal Challengers Bangalore,,normal,0,8,,AB de Villiers
1178404,2019,2019/04/14,Kolkata,Eden Gardens,Kolkata Knight Riders,Chennai Super Kings,Chennai Super Kings,field,Chennai Super Kings,,normal,0,5,,Imran Tahir
1178405,2019,2019/04/14,Hyderabad,Rajiv Gandhi International Stadium,Delhi Capitals,Sunrisers Hyderabad,Sunrisers Hyderabad,field,Delhi Capitals,,normal,39,0,,KMA Paul
1178406,2019,2019/04/15,Mumbai,Wankhede Stadium,Royal Challengers Bangalore,Mumbai Indians,Mumbai Indians,field,Mumbai Indians,,normal,0,5,,SL Malinga
1178407,2019,2019/04/16,Chandigarh,Punjab Cricket Association IS Bindra Stadium,Kings XI Punjab,Rajasthan Royals,Rajasthan Royals,field,Kings XI Punjab,,normal,12,0,,R Ashwin
1178408,2019,2019/04/17,Hyderabad,Rajiv Gandhi International Stadium,Chennai Super Kings,Sunrisers Hyderabad,Chennai Super Kings,bat,Sunrisers Hyderabad,,normal,0,6,,DA Warner
1178409,2019,2019/04/18,Delhi,Arun Jaitley Stadium,Mumbai Indians,Delhi Capitals,Mumbai Indians,bat,Mumbai Indians,,normal,40,0,,HH Pandya
1178410,2019,2019/04/19,Kolkata,Eden Gardens,Royal Challengers Bangalore,Kolkata Knight Riders,Kolkata Knight Riders,field,Royal Challengers Bangalore,,normal,10,0,,V Kohli
1178411,2019,2019/04/20,Jaipur,Sawai Mansingh Stadium,Mumbai Indians,Rajasthan Royals,Rajasthan Royals,field,Rajasthan Royals,,normal,0,5,,SPD Smith
1178412,2019,2019/04/20,Delhi,Arun Jaitley Stadium,Kings XI Punjab,Delhi Capitals,Delhi Capitals,field,Delhi Capitals,,normal,0,5,,SS Iyer
1178413,2019,2019/04/21,Hyderabad,Rajiv Gandhi International Stadium,Kolkata Knight Riders,Sunrisers Hyderabad,Sunrisers Hyderabad,field,Sunrisers Hyderabad,,normal,0,9,,KK Ahmed
1178414,2019,2019/04/21,Bengaluru,M.Chinnaswamy Stadium,Royal Challengers Bangalore,Chennai Super Kings,Chennai Super Kings,field,Royal Challengers Bangalore,,normal,1,0,,PA Patel
1178415,2019,2019/04/22,Jaipur,Sawai Mansingh Stadium,Rajasthan Royals,Delhi Capitals,Delhi Capitals,field,Delhi Capitals,,normal,0,6,,RR Pant
1178416,2019,2019/04/23,Chennai,MA Chidambaram Stadium,Sunrisers Hyderabad,Chennai Super Kings,Chennai Super Kings,field,Chennai Super Kings,,normal,0,6,,SR Watson
1178417,2019,2019/04/24,Bengaluru,M.Chinnaswamy Stadium,Royal Challengers Bangalore,Kings XI Punjab,Kings XI Punjab,field,Royal Challengers Bangalore,,normal,17,0,,AB de Villiers
1178418,2019,2019/04/25,Kolkata,Eden Gardens,Kolkata Knight Riders,Rajasthan Royals,Rajasthan Royals,field,Rajasthan Royals,,normal,0,3,,VR Aaron
1178419,2019,2019/04/26,Chennai,MA Chidambaram Stadium,Mumbai Indians,Chennai Super Kings,Chennai Super Kings,field,Mumbai Indians,,normal,46,0,,RG Sharma
1178420,2019,2019/04/27,Jaipur,Sawai Mansingh Stadium,Sunrisers Hyderabad,Rajasthan Royals,Rajasthan Royals,field,Rajasthan Royals,,normal,0,7,,JD Unadkat
1178421,2019,2019/04/28,Delhi,Arun Jaitley Stadium,Delhi Capitals,Royal Challengers Bangalore,Delhi Capitals,bat,Delhi Capitals,,normal,16,0,,S Dhawan
1178422,2019,2019/04/28,Kolkata,Eden Gardens,Kolkata Knight Riders,Mumbai Indians,Mumbai Indians,field,Kolkata Knight Riders,,normal,34,0,,AD Russell
1178423,2019,2019/04/29,Hyderabad,Rajiv Gandhi International Stadium,Sunrisers Hyderabad,Kings XI Punjab,Kings XI Punjab,field,Sunrisers Hyderabad,,normal,45,0,,DA Warner
1178424,2019,2019/04/30,Bengaluru,M.Chinnaswamy Stadium,Royal Challengers Bangalore,Rajasthan Royals,Rajasthan Royals,field,,,no result,0,0,,
1178425,2019,2019/05/01,Chennai,MA Chidambaram Stadium,Chennai Super Kings,Delhi Capitals,Delhi Capitals,field,Chennai Super Kings,,normal,80,0,,MS Dhoni
1178426,2019,2019/05/02,Mumbai,Wankhede Stadium,Mumbai Indians,Sunrisers Hyderabad,Mumbai Indians,bat,Mumbai Indians,Mumbai Indians,tie,0,0,,JJ Bumrah
1178427,2019,2019/05/03,Chandigarh,Punjab Cricket Association IS Bindra Stadium,Kings XI Punjab,Kolkata Knight Riders,Kolkata Knight Riders,field,Kolkata Knight Riders,,normal,0,7,,Shubman Gill
1178428,2019,2019/05/04,Delhi,Arun Jaitley Stadium,Rajasthan Royals,Delhi Capitals,Rajasthan Royals,bat,Delhi Capitals,,normal,0,5,,A Mishra
1178429,2019,2019/05/04,Bengaluru,M.Chinnaswamy Stadium,Sunrisers Hyderabad,Royal Challengers Bangalore,Royal Challengers Bangalore,field,Royal Challengers Bangalore,,normal,0,4,,SO Hetmyer
1178430,2019,2019/05/05,Chandigarh,Punjab Cricket Association IS Bindra Stadium,Chennai Super Kings,Kings XI Punjab,Kings XI Punjab,field,Kings XI Punjab,,normal,0,6,,KL Rahul
1178431,2019,2019/05/05,Mumbai,Wankhede Stadium,Kolkata Knight Riders,Mumbai Indians,Mumbai Indians,field,Mumbai Indians,,normal,0,9,,HH Pandya
1181764,2019,2019/05/07,Chennai,MA Chidambaram Stadium,Chennai Super Kings,Mumbai Indians,Chennai Super Kings,bat,Mumbai Indians,,normal,0,6,,SA Yadav
1181766,2019,2019/05/08,Visakhapatnam,Dr. Y.S. Rajasekhara Reddy ACA-VDCA Cricket Stadium,Sunrisers Hyderabad,Delhi Capitals,Delhi Capitals,field,Delhi Capitals,,normal,0,2,,RR Pant
1181767,2019,2019/05/10,Visakhapatnam,Dr. Y.S. Rajasekhara Reddy ACA-VDCA Cricket Stadium,Delhi Capitals,Chennai Super Kings,Chennai Super Kings,field,Chennai Super Kings,,normal,0,6,,F du Plessis
1181768,2019,2019/05/12,Hyderabad,Rajiv Gandhi International Stadium,Mumbai Indians,Chennai Super Kings,Mumbai Indians,bat,Mumbai Indians,,normal,1,0,,JJ Bumrah
1216492,2020/21,2020/09/19,Abu Dhabi,Sheikh Zayed Stadium,Mumbai Indians,Chennai Super Kings,Chennai Super Kings,field,Chennai Super Kings,,normal,0,5,,AT Rayudu
1216493,2020/21,2020/09/20,,Dubai International Cricket Stadium,Delhi Capitals,Kings XI Punjab,Kings XI Punjab,field,Delhi Capitals,Delhi Capitals,tie,0,0,,MP Stoinis
1216534,2020/21,2020/09/21,,Dubai International Cricket Stadium,Royal Challengers Bangalore,Sunrisers Hyderabad,Sunrisers Hyderabad,field,Royal Challengers Bangalore,,normal,10,0,,YS Chahal
1216496,2020/21,2020/09/22,,Sharjah Cricket Stadium,Rajasthan Royals,Chennai Super Kings,Chennai Super Kings,field,Rajasthan Royals,,normal,16,0,,SV Samson
1216508,2020/21,2020/09/23,Abu Dhabi,Sheikh Zayed Stadium,Mumbai Indians,Kolkata Knight Riders,Kolkata Knight Riders,field,Mumbai Indians,,normal,49,0,,RG Sharma
1216510,2020/21,2020/09/24,,Dubai International Cricket Stadium,Kings XI Punjab,Royal Challengers Bangalore,Royal Challengers Bangalore,field,Kings XI Punjab,,normal,97,0,,KL Rahul
1216539,2020/21,2020/09/25,,Dubai International Cricket Stadium,Delhi Capitals,Chennai Super Kings,Chennai Super Kings,field,Delhi Capitals,,normal,44,0,,PP Shaw
1216545,2020/21,2020/09/26,Abu Dhabi,Sheikh Zayed Stadium,Sunrisers Hyderabad,Kolkata Knight Riders,Sunrisers Hyderabad,bat,Kolkata Knight Riders,,normal,0,7,,Shubman Gill
1216527,2020/21,2020/09/27,,Sharjah Cricket Stadium,Kings XI Punjab,Rajasthan Royals,Rajasthan Royals,field,Rajasthan Royals,,normal,0,4,,SV Samson
1216547,2020/21,2020/09/28,,Dubai International Cricket Stadium,Royal Challengers Bangalore,Mumbai Indians,Mumbai Indians,field,Royal Challengers Bangalore,Royal Challengers Bangalore,tie,0,0,,AB de Villiers
1216532,2020/21,2020/09/29,Abu Dhabi,Sheikh Zayed Stadium,Sunrisers Hyderabad,Delhi Capitals,Delhi Capitals,field,Sunrisers Hyderabad,,normal,15,0,,Rashid Khan
1216504,2020/21,2020/09/30,,Dubai International Cricket Stadium,Kolkata Knight Riders,Rajasthan Royals,Rajasthan Royals,field,Kolkata Knight Riders,,normal,37,0,,Shivam Mavi
1216503,2020/21,2020/10/01,Abu Dhabi,Sheikh Zayed Stadium,Mumbai Indians,Kings XI Punjab,Kings XI Punjab,field,Mumbai Indians,,normal,48,0,,KA Pollard
1216516,2020/21,2020/10/02,,Dubai International Cricket Stadium,Sunrisers Hyderabad,Chennai Super Kings,Sunrisers Hyderabad,bat,Sunrisers Hyderabad,,normal,7,0,,PK Garg
1216514,2020/21,2020/10/03,Abu Dhabi,Sheikh Zayed Stadium,Rajasthan Royals,Royal Challengers Bangalore,Rajasthan Royals,bat,Royal Challengers Bangalore,,normal,0,8,,YS Chahal
1216515,2020/21,2020/10/03,,Sharjah Cricket Stadium,Delhi Capitals,Kolkata Knight Riders,Kolkata Knight Riders,field,Delhi Capitals,,normal,18,0,,SS Iyer
1216513,2020/21,2020/10/04,,Dubai International Cricket Stadium,Kings XI Punjab,Chennai Super Kings,Kings XI Punjab,bat,Chennai Super Kings,,normal,0,10,,SR Watson
1216538,2020/21,2020/10/04,,Sharjah Cricket Stadium,Mumbai Indians,Sunrisers Hyderabad,Mumbai Indians,bat,Mumbai Indians,,normal,34,0,,TA Boult
1216519,2020/21,2020/10/05,,Dubai International Cricket Stadium,Delhi Capitals,Royal Challengers Bangalore,Royal Challengers Bangalore,field,Delhi Capitals,,normal,59,0,,AR Patel
1216511,2020/21,2020/10/06,Abu Dhabi,Sheikh Zayed Stadium,Mumbai Indians,Rajasthan Royals,Mumbai Indians,bat,Mumbai Indians,,normal,57,0,,SA Yadav
1216501,2020/21,2020/10/07,Abu Dhabi,Sheikh Zayed Stadium,Kolkata Knight Riders,Chennai Super Kings,Kolkata Knight Riders,bat,Kolkata Knight Riders,,normal,10,0,,RA Tripathi
1216542,2020/21,2020/10/08,,Dubai International Cricket Stadium,Sunrisers Hyderabad,Kings XI Punjab,Sunrisers Hyderabad,bat,Sunrisers Hyderabad,,normal,69,0,,JM Bairstow
1216500,2020/21,2020/10/09,,Sharjah Cricket Stadium,Delhi Capitals,Rajasthan Royals,Rajasthan Royals,field,Delhi Capitals,,normal,46,0,,R Ashwin
1216523,2020/21,2020/10/10,Abu Dhabi,Sheikh Zayed Stadium,Kolkata Knight Riders,Kings XI Punjab,Kolkata Knight Riders,bat,Kolkata Knight Riders,,normal,2,0,,KD Karthik
1216525,2020/21,2020/10/10,,Dubai International Cricket Stadium,Royal Challengers Bangalore,Chennai Super Kings,Royal Challengers Bangalore,bat,Royal Challengers Bangalore,,normal,37,0,,V Kohli
1216507,2020/21,2020/10/11,,Dubai International Cricket Stadium,Sunrisers Hyderabad,Rajasthan Royals,Sunrisers Hyderabad,bat,Rajasthan Royals,,normal,0,5,,R Tewatia
1216529,2020/21,2020/10/11,Abu Dhabi,Sheikh Zayed Stadium,Delhi Capitals,Mumbai Indians,Delhi Capitals,bat,Mumbai Indians,,normal,0,5,,Q de Kock
1216540,2020/21,2020/10/12,,Sharjah Cricket Stadium,Royal Challengers Bangalore,Kolkata Knight Riders,Royal Challengers Bangalore,bat,Royal Challengers Bangalore,,normal,82,0,,AB de Villiers
1216528,2020/21,2020/10/13,,Dubai International Cricket Stadium,Chennai Super Kings,Sunrisers Hyderabad,Chennai Super Kings,bat,Chennai Super Kings,,normal,20,0,,RA Jadeja
1216543,2020/21,2020/10/14,,Dubai International Cricket Stadium,Delhi Capitals,Rajasthan Royals,Delhi Capitals,bat,Delhi Capitals,,normal,13,0,,A Nortje
1216531,2020/21,2020/10/15,,Sharjah Cricket Stadium,Royal Challengers Bangalore,Kings XI Punjab,Royal Challengers Bangalore,bat,Kings XI Punjab,,normal,0,8,,KL Rahul
1216526,2020/21,2020/10/16,Abu Dhabi,Sheikh Zayed Stadium,Kolkata Knight Riders,Mumbai Indians,Kolkata Knight Riders,bat,Mumbai Indians,,normal,0,8,,Q de Kock
1216509,2020/21,2020/10/17,,Sharjah Cricket Stadium,Chennai Super Kings,Delhi Capitals,Chennai Super Kings,bat,Delhi Capitals,,normal,0,5,,S Dhawan
1216522,2020/21,2020/10/17,,Dubai International Cricket Stadium,Rajasthan Royals,Royal Challengers Bangalore,Rajasthan Royals,bat,Royal Challengers Bangalore,,normal,0,7,,AB de Villiers
1216512,2020/21,2020/10/18,Abu Dhabi,Sheikh Zayed Stadium,Kolkata Knight Riders,Sunrisers Hyderabad,Sunrisers Hyderabad,field,Kolkata Knight Riders,Kolkata Knight Riders,tie,0,0,,LH Ferguson
1216517,2020/21,2020/10/18,,Dubai International Cricket Stadium,Mumbai Indians,Kings XI Punjab,Mumbai Indians,bat,Kings XI Punjab,Kings XI Punjab,tie,0,0,,KL Rahul
1216533,2020/21,2020/10/19,Abu Dhabi,Sheikh Zayed Stadium,Chennai Super Kings,Rajasthan Royals,Chennai Super Kings,bat,Rajasthan Royals,,normal,0,7,,JC Buttler
1216546,2020/21,2020/10/20,,Dubai International Cricket Stadium,Delhi Capitals,Kings XI Punjab,Delhi Capitals,bat,Kings XI Punjab,,normal,0,5,,S Dhawan
1216494,2020/21,2020/10/21,Abu Dhabi,Sheikh Zayed Stadium,Kolkata Knight Riders,Royal Challengers Bangalore,Kolkata Knight Riders,bat,Royal Challengers Bangalore,,normal,0,8,,Mohammed Siraj
1216518,2020/21,2020/10/22,,Dubai International Cricket Stadium,Rajasthan Royals,Sunrisers Hyderabad,Sunrisers Hyderabad,field,Sunrisers Hyderabad,,normal,0,8,,MK Pandey
1216521,2020/21,2020/10/23,,Sharjah Cricket Stadium,Chennai Super Kings,Mumbai Indians,Mumbai Indians,field,Mumbai Indians,,normal,0,10,,TA Boult
1216497,2020/21,2020/10/24,Abu Dhabi,Sheikh Zayed Stadium,Kolkata Knight Riders,Delhi Capitals,Delhi Capitals,field,Kolkata Knight Riders,,normal,59,0,,CV Varun
1216498,2020/21,2020/10/24,,Dubai International Cricket Stadium,Kings XI Punjab,Sunrisers Hyderabad,Sunrisers Hyderabad,field,Kings XI Punjab,,normal,12,0,,CJ Jordan
1216541,2020/21,2020/10/25,Abu Dhabi,Sheikh Zayed Stadium,Mumbai Indians,Rajasthan Royals,Mumbai Indians,bat,Rajasthan Royals,,normal,0,8,,BA Stokes
1216544,2020/21,2020/10/25,,Dubai International Cricket Stadium,Royal Challengers Bangalore,Chennai Super Kings,Royal Challengers Bangalore,bat,Chennai Super Kings,,normal,0,8,,RD Gaikwad
1216520,2020/21,2020/10/26,,Sharjah Cricket Stadium,Kolkata Knight Riders,Kings XI Punjab,Kings XI Punjab,field,Kings XI Punjab,,normal,0,8,,CH Gayle
1216524,2020/21,2020/10/27,,Dubai International Cricket Stadium,Sunrisers Hyderabad,Delhi Capitals,Delhi Capitals,field,Sunrisers Hyderabad,,normal,88,0,,WP Saha
1216499,2020/21,2020/10/28,Abu Dhabi,Sheikh Zayed Stadium,Royal Challengers Bangalore,Mumbai Indians,Mumbai Indians,field,Mumbai Indians,,normal,0,5,,SA Yadav
1216536,2020/21,2020/10/29,,Dubai International Cricket Stadium,Kolkata Knight Riders,Chennai Super Kings,Chennai Super Kings,field,Chennai Super Kings,,normal,0,6,,RD Gaikwad
1216537,2020/21,2020/10/30,Abu Dhabi,Sheikh Zayed Stadium,Kings XI Punjab,Rajasthan Royals,Rajasthan Royals,field,Rajasthan Royals,,normal,0,7,,BA Stokes
1216502,2020/21,2020/10/31,,Sharjah Cricket Stadium,Royal Challengers Bangalore,Sunrisers Hyderabad,Sunrisers Hyderabad,field,Sunrisers Hyderabad,,normal,0,5,,Sandeep Sharma
1216535,2020/21,2020/10/31,,Dubai International Cricket Stadium,Delhi Capitals,Mumbai Indians,Mumbai Indians,field,Mumbai Indians,,normal,0,9,,Ishan Kishan
1216506,2020/21,2020/11/01,Abu Dhabi,Sheikh Zayed Stadium,Kings XI Punjab,Chennai Super Kings,Chennai Super Kings,field,Chennai Super Kings,,normal,0,9,,RD Gaikwad
1216530,2020/21,2020/11/01,,Dubai International Cricket Stadium,Kolkata Knight Riders,Rajasthan Royals,Rajasthan Royals,field,Kolkata Knight Riders,,normal,60,0,,PJ Cummins
1216505,2020/21,2020/11/02,Abu Dhabi,Sheikh Zayed Stadium,Royal Challengers Bangalore,Delhi Capitals,Delhi Capitals,field,Delhi Capitals,,normal,0,6,,A Nortje
1216495,2020/21,2020/11/03,,Sharjah Cricket Stadium,Mumbai Indians,Sunrisers Hyderabad,Sunrisers Hyderabad,field,Sunrisers Hyderabad,,normal,0,10,,S Nadeem
1237177,2020/21,2020/11/05,,Dubai International Cricket Stadium,Mumbai Indians,Delhi Capitals,Delhi Capitals,field,Mumbai Indians,,normal,57,0,,JJ Bumrah
1237178,2020/21,2020/11/06,Abu Dhabi,Sheikh Zayed Stadium,Royal Challengers Bangalore,Sunrisers Hyderabad,Sunrisers Hyderabad,field,Sunrisers Hyderabad,,normal,0,6,,KS Williamson
1237180,2020/21,2020/11/08,Abu Dhabi,Sheikh Zayed Stadium,Delhi Capitals,Sunrisers Hyderabad,Delhi Capitals,bat,Delhi Capitals,,normal,17,0,,MP Stoinis
1237181,2020/21,2020/11/10,,Dubai International Cricket Stadium,Delhi Capitals,Mumbai Indians,Delhi Capitals,bat,Mumbai Indians,,normal,0,5,,TA Boult
1254058,2021,2021/04/09,Chennai,"MA Chidambaram Stadium, Chepauk, Chennai",Mumbai Indians,Royal Challengers Bangalore,Royal Challengers Bangalore,field,Royal Challengers Bangalore,,normal,0,2,,HV Patel
1254059,2021,2021/04/10,Mumbai,"Wankhede Stadium, Mumbai",Chennai Super Kings,Delhi Capitals,Delhi Capitals,field,Delhi Capitals,,normal,0,7,,S Dhawan
1254060,2021,2021/04/11,Chennai,"MA Chidambaram Stadium, Chepauk, Chennai",Kolkata Knight Riders,Sunrisers Hyderabad,Sunrisers Hyderabad,field,Kolkata Knight Riders,,normal,10,0,,N Rana
1254061,2021,2021/04/12,Mumbai,"Wankhede Stadium, Mumbai",Punjab Kings,Rajasthan Royals,Rajasthan Royals,field,Punjab Kings,,normal,4,0,,SV Samson
1254062,2021,2021/04/13,Chennai,"MA Chidambaram Stadium, Chepauk, Chennai",Mumbai Indians,Kolkata Knight Riders,Kolkata Knight Riders,field,Mumbai Indians,,normal,10,0,,RD Chahar
1254063,2021,2021/04/14,Chennai,"MA Chidambaram Stadium, Chepauk, Chennai",Royal Challengers Bangalore,Sunrisers Hyderabad,Sunrisers Hyderabad,field,Royal Challengers Bangalore,,normal,6,0,,GJ Maxwell
1254064,2021,2021/04/15,Mumbai,"Wankhede Stadium, Mumbai",Delhi Capitals,Rajasthan Royals,Rajasthan Royals,field,Rajasthan Royals,,normal,0,3,,JD Unadkat
1254065,2021,2021/04/16,Mumbai,"Wankhede Stadium, Mumbai",Punjab Kings,Chennai Super Kings,Chennai Super Kings,field,Chennai Super Kings,,normal,0,6,,DL Chahar
1254066,2021,2021/04/17,Chennai,"MA Chidambaram Stadium, Chepauk, Chennai",Mumbai Indians,Sunrisers Hyderabad,Mumbai Indians,bat,Mumbai Indians,,normal,13,0,,KA Pollard
1254067,2021,2021/04/18,Chennai,"MA Chidambaram Stadium, Chepauk, Chennai",Royal Challengers Bangalore,Kolkata Knight Riders,Royal Challengers Bangalore,bat,Royal Challengers Bangalore,,normal,38,0,,AB de Villiers
1254068,2021,2021/04/18,Mumbai,"Wankhede Stadium, Mumbai",Punjab Kings,Delhi Capitals,Delhi Capitals,field,Delhi Capitals,,normal,0,6,,S Dhawan
1254069,2021,2021/04/19,Mumbai,"Wankhede Stadium, Mumbai",Chennai Super Kings,Rajasthan Royals,Rajasthan Royals,field,Chennai Super Kings,,normal,45,0,,MM Ali
1254070,2021,2021/04/20,Chennai,"MA Chidambaram Stadium, Chepauk, Chennai",Mumbai Indians,Delhi Capitals,Mumbai Indians,bat,Delhi Capitals,,normal,0,6,,A Mishra
1254071,2021,2021/04/21,Chennai,"MA Chidambaram Stadium, Chepauk, Chennai",Punjab Kings,Sunrisers Hyderabad,Punjab Kings,bat,Sunrisers Hyderabad,,normal,0,9,,JM Bairstow
1254072,2021,2021/04/21,Mumbai,"Wankhede Stadium, Mumbai",Chennai Super Kings,Kolkata Knight Riders,Kolkata Knight Riders,field,Chennai Super Kings,,normal,18,0,,F du Plessis
1254073,2021,2021/04/22,Mumbai,"Wankhede Stadium, Mumbai",Rajasthan Royals,Royal Challengers Bangalore,Royal Challengers Bangalore,field,Royal Challengers Bangalore,,normal,0,10,,D Padikkal
1254074,2021,2021/04/23,Chennai,"MA Chidambaram Stadium, Chepauk, Chennai",Mumbai Indians,Punjab Kings,Punjab Kings,field,Punjab Kings,,normal,0,9,,KL Rahul
1254075,2021,2021/04/24,Mumbai,"Wankhede Stadium, Mumbai",Kolkata Knight Riders,Rajasthan Royals,Rajasthan Royals,field,Rajasthan Royals,,normal,0,6,,CH Morris
1254076,2021,2021/04/25,Mumbai,"Wankhede Stadium, Mumbai",Chennai Super Kings,Royal Challengers Bangalore,Chennai Super Kings,bat,Chennai Super Kings,,normal,69,0,,RA Jadeja
1254077,2021,2021/04/25,Chennai,"MA Chidambaram Stadium, Chepauk, Chennai",Delhi Capitals,Sunrisers Hyderabad,Delhi Capitals,bat,Delhi Capitals,Delhi Capitals,tie,0,0,,PP Shaw
1254078,2021,2021/04/26,Ahmedabad,"Narendra Modi Stadium, Ahmedabad",Punjab Kings,Kolkata Knight Riders,Kolkata Knight Riders,field,Kolkata Knight Riders,,normal,0,5,,EJG Morgan
1254079,2021,2021/04/27,Ahmedabad,"Narendra Modi Stadium, Ahmedabad",Royal Challengers Bangalore,Delhi Capitals,Delhi Capitals,field,Royal Challengers Bangalore,,normal,1,0,,AB de Villiers
1254080,2021,2021/04/28,Delhi,"Arun Jaitley Stadium, Delhi",Sunrisers Hyderabad,Chennai Super Kings,Sunrisers Hyderabad,bat,Chennai Super Kings,,normal,0,7,,RD Gaikwad
1254081,2021,2021/04/29,Delhi,"Arun Jaitley Stadium, Delhi",Rajasthan Royals,Mumbai Indians,Mumbai Indians,field,Mumbai Indians,,normal,0,7,,Q de Kock
1254082,2021,2021/04/29,Ahmedabad,"Narendra Modi Stadium, Ahmedabad",Kolkata Knight Riders,Delhi Capitals,Delhi Capitals,field,Delhi Capitals,,normal,0,7,,PP Shaw
1254083,2021,2021/04/30,Ahmedabad,"Narendra Modi Stadium, Ahmedabad",Punjab Kings,Royal Challengers Bangalore,Royal Challengers Bangalore,field,Punjab Kings,,normal,34,0,,Harpreet Brar
1254084,2021,2021/05/01,Delhi,"Arun Jaitley Stadium, Delhi",Chennai Super Kings,Mumbai Indians,Mumbai Indians,field,Mumbai Indians,,normal,0,4,,KA Pollard
1254085,2021,2021/05/02,Delhi,"Arun Jaitley Stadium, Delhi",Rajasthan Royals,Sunrisers Hyderabad,Sunrisers Hyderabad,field,Rajasthan Royals,,normal,55,0,,JC Buttler
1254086,2021,2021/05/02,Ahmedabad,"Narendra Modi Stadium, Ahmedabad",Punjab Kings,Delhi Capitals,Delhi Capitals,field,Delhi Capitals,,normal,0,7,,MA Agarwal
1254104,2021,2021/09/19,Dubai,Dubai International Cricket Stadium,Chennai Super Kings,Mumbai Indians,Chennai Super Kings,bat,Chennai Super Kings,,normal,20,0,,RD Gaikwad
1254087,2021,2021/09/20,Abu Dhabi,"Zayed Cricket Stadium, Abu Dhabi",Royal Challengers Bangalore,Kolkata Knight Riders,Royal Challengers Bangalore,bat,Kolkata Knight Riders,,normal,0,9,,CV Varun
1254111,2021,2021/09/21,Dubai,Dubai International Cricket Stadium,Rajasthan Royals,Punjab Kings,Punjab Kings,field,Rajasthan Royals,,normal,2,0,,Kartik Tyagi
1254105,2021,2021/09/22,Dubai,Dubai International Cricket Stadium,Sunrisers Hyderabad,Delhi Capitals,Sunrisers Hyderabad,bat,Delhi Capitals,,normal,0,8,,A Nortje
1254096,2021,2021/09/23,Abu Dhabi,"Zayed Cricket Stadium, Abu Dhabi",Mumbai Indians,Kolkata Knight Riders,Kolkata Knight Riders,field,Kolkata Knight Riders,,normal,0,7,,SP Narine
1254113,2021,2021/09/24,Sharjah,Sharjah Cricket Stadium,Royal Challengers Bangalore,Chennai Super Kings,Chennai Super Kings,field,Chennai Super Kings,,normal,0,6,,DJ Bravo
1254097,2021,2021/09/25,Abu Dhabi,"Zayed Cricket Stadium, Abu Dhabi",Delhi Capitals,Rajasthan Royals,Rajasthan Royals,field,Delhi Capitals,,normal,33,0,,SS Iyer
1254107,2021,2021/09/25,Sharjah,Sharjah Cricket Stadium,Punjab Kings,Sunrisers Hyderabad,Sunrisers Hyderabad,field,Punjab Kings,,normal,5,0,,JO Holder
1254098,2021,2021/09/26,Abu Dhabi,"Zayed Cricket Stadium, Abu Dhabi",Kolkata Knight Riders,Chennai Super Kings,Kolkata Knight Riders,bat,Chennai Super Kings,,normal,0,2,,RA Jadeja
1254108,2021,2021/09/26,Dubai,Dubai International Cricket Stadium,Royal Challengers Bangalore,Mumbai Indians,Mumbai Indians,field,Royal Challengers Bangalore,,normal,54,0,,GJ Maxwell
1254100,2021,2021/09/27,Dubai,Dubai International Cricket Stadium,Rajasthan Royals,Sunrisers Hyderabad,Rajasthan Royals,bat,Sunrisers Hyderabad,,normal,0,7,,JJ Roy
1254092,2021,2021/09/28,Sharjah,Sharjah Cricket Stadium,Delhi Capitals,Kolkata Knight Riders,Kolkata Knight Riders,field,Kolkata Knight Riders,,normal,0,3,,SP Narine
1254099,2021,2021/09/28,Abu Dhabi,"Zayed Cricket Stadium, Abu Dhabi",Punjab Kings,Mumbai Indians,Mumbai Indians,field,Mumbai Indians,,normal,0,6,,KA Pollard
1254103,2021,2021/09/29,Dubai,Dubai International Cricket Stadium,Rajasthan Royals,Royal Challengers Bangalore,Royal Challengers Bangalore,field,Royal Challengers Bangalore,,normal,0,7,,YS Chahal
1254091,2021,2021/09/30,Sharjah,Sharjah Cricket Stadium,Sunrisers Hyderabad,Chennai Super Kings,Chennai Super Kings,field,Chennai Super Kings,,normal,0,6,,JR Hazlewood
1254102,2021,2021/10/01,Dubai,Dubai International Cricket Stadium,Kolkata Knight Riders,Punjab Kings,Punjab Kings,field,Punjab Kings,,normal,0,5,,KL Rahul
1254089,2021,2021/10/02,Abu Dhabi,"Zayed Cricket Stadium, Abu Dhabi",Chennai Super Kings,Rajasthan Royals,Rajasthan Royals,field,Rajasthan Royals,,normal,0,7,,RD Gaikwad
1254112,2021,2021/10/02,Sharjah,Sharjah Cricket Stadium,Mumbai Indians,Delhi Capitals,Delhi Capitals,field,Delhi Capitals,,normal,0,4,,AR Patel
1254090,2021,2021/10/03,Sharjah,Sharjah Cricket Stadium,Royal Challengers Bangalore,Punjab Kings,Royal Challengers Bangalore,bat,Royal Challengers Bangalore,,normal,6,0,,GJ Maxwell
1254109,2021,2021/10/03,Dubai,Dubai International Cricket Stadium,Sunrisers Hyderabad,Kolkata Knight Riders,Sunrisers Hyderabad,bat,Kolkata Knight Riders,,normal,0,6,,Shubman Gill
1254110,2021,2021/10/04,Dubai,Dubai International Cricket Stadium,Chennai Super Kings,Delhi Capitals,Delhi Capitals,field,Delhi Capitals,,normal,0,3,,AR Patel
1254093,2021,2021/10/05,Sharjah,Sharjah Cricket Stadium,Rajasthan Royals,Mumbai Indians,Mumbai Indians,field,Mumbai Indians,,normal,0,8,,NM Coulter-Nile
1254095,2021,2021/10/06,Abu Dhabi,"Zayed Cricket Stadium, Abu Dhabi",Sunrisers Hyderabad,Royal Challengers Bangalore,Royal Challengers Bangalore,field,Sunrisers Hyderabad,,normal,4,0,,KS Williamson
1254094,2021,2021/10/07,Dubai,Dubai International Cricket Stadium,Chennai Super Kings,Punjab Kings,Punjab Kings,field,Punjab Kings,,normal,0,6,,KL Rahul
1254106,2021,2021/10/07,Sharjah,Sharjah Cricket Stadium,Kolkata Knight Riders,Rajasthan Royals,Rajasthan Royals,field,Kolkata Knight Riders,,normal,86,0,,Shivam Mavi
1254088,2021,2021/10/08,Abu Dhabi,"Zayed Cricket Stadium, Abu Dhabi",Mumbai Indians,Sunrisers Hyderabad,Mumbai Indians,bat,Mumbai Indians,,normal,42,0,,Ishan Kishan
1254101,2021,2021/10/08,Dubai,Dubai International Cricket Stadium,Delhi Capitals,Royal Challengers Bangalore,Royal Challengers Bangalore,field,Royal Challengers Bangalore,,normal,0,7,,KS Bharat
1254114,2021,2021/10/10,Dubai,Dubai International Cricket Stadium,Delhi Capitals,Chennai Super Kings,Chennai Super Kings,field,Chennai Super Kings,,normal,0,4,,RD Gaikwad
1254115,2021,2021/10/11,Sharjah,Sharjah Cricket Stadium,Royal Challengers Bangalore,Kolkata Knight Riders,Royal Challengers Bangalore,bat,Kolkata Knight Riders,,normal,0,4,,SP Narine
1254116,2021,2021/10/13,Sharjah,Sharjah Cricket Stadium,Delhi Capitals,Kolkata Knight Riders,Kolkata Knight Riders,field,Kolkata Knight Riders,,normal,0,3,,VR Iyer
1254117,2021,2021/10/15,Dubai,Dubai International Cricket Stadium,Chennai Super Kings,Kolkata Knight Riders,Kolkata Knight Riders,field,Chennai Super Kings,,normal,27,0,,F du Plessis
1304047,2022,2022/03/26,Mumbai,"Wankhede Stadium, Mumbai",Chennai Super Kings,Kolkata Knight Riders,Kolkata Knight Riders,field,Kolkata Knight Riders,,normal,0,6,,UT Yadav
1304048,2022,2022/03/27,Mumbai,"Brabourne Stadium, Mumbai",Mumbai Indians,Delhi Capitals,Delhi Capitals,field,Delhi Capitals,,normal,0,4,,Kuldeep Yadav
1304049,2022,2022/03/27,Mumbai,"Dr DY Patil Sports Academy, Mumbai",Royal Challengers Bangalore,Punjab Kings,Punjab Kings,field,Punjab Kings,,normal,0,5,,OF Smith
1304050,2022,2022/03/28,Mumbai,"Wankhede Stadium, Mumbai",Lucknow Super Giants,Gujarat Titans,Gujarat Titans,field,Gujarat Titans,,normal,0,5,,Mohammed Shami
1304051,2022,2022/03/29,Pune,"Maharashtra Cricket Association Stadium, Pune",Rajasthan Royals,Sunrisers Hyderabad,Sunrisers Hyderabad,field,Rajasthan Royals,,normal,61,0,,SV Samson
1304052,2022,2022/03/30,Mumbai,"Dr DY Patil Sports Academy, Mumbai",Kolkata Knight Riders,Royal Challengers Bangalore,Royal Challengers Bangalore,field,Royal Challengers Bangalore,,normal,0,3,,PWH de Silva
1304053,2022,2022/03/31,Mumbai,"Brabourne Stadium, Mumbai",Chennai Super Kings,Lucknow Super Giants,Lucknow Super Giants,field,Lucknow Super Giants,,normal,0,6,,E Lewis
1304054,2022,2022/04/01,Mumbai,"Wankhede Stadium, Mumbai",Punjab Kings,Kolkata Knight Riders,Kolkata Knight Riders,field,Kolkata Knight Riders,,normal,0,6,,UT Yadav
1304055,2022,2022/04/02,Mumbai,"Dr DY Patil Sports Academy, Mumbai",Rajasthan Royals,Mumbai Indians,Mumbai Indians,field,Rajasthan Royals,,normal,23,0,,JC Buttler
1304056,2022,2022/04/02,Pune,"Maharashtra Cricket Association Stadium, Pune",Gujarat Titans,Delhi Capitals,Delhi Capitals,field,Gujarat Titans,,normal,14,0,,LH Ferguson
1304057,2022,2022/04/03,Mumbai,"Brabourne Stadium, Mumbai",Punjab Kings,Chennai Super Kings,Chennai Super Kings,field,Punjab Kings,,normal,54,0,,LS Livingstone
1304058,2022,2022/04/04,Mumbai,"Dr DY Patil Sports Academy, Mumbai",Lucknow Super Giants,Sunrisers Hyderabad,Sunrisers Hyderabad,field,Lucknow Super Giants,,normal,12,0,,Avesh Khan
1304059,2022,2022/04/05,Mumbai,"Wankhede Stadium, Mumbai",Rajasthan Royals,Royal Challengers Bangalore,Royal Challengers Bangalore,field,Royal Challengers Bangalore,,normal,0,4,,KD Karthik
1304060,2022,2022/04/06,Pune,"Maharashtra Cricket Association Stadium, Pune",Mumbai Indians,Kolkata Knight Riders,Kolkata Knight Riders,field,Kolkata Knight Riders,,normal,0,5,,PJ Cummins
1304061,2022,2022/04/07,Mumbai,"Dr DY Patil Sports Academy, Mumbai",Delhi Capitals,Lucknow Super Giants,Lucknow Super Giants,field,Lucknow Super Giants,,normal,0,6,,Q de Kock
1304062,2022,2022/04/08,Mumbai,"Brabourne Stadium, Mumbai",Punjab Kings,Gujarat Titans,Gujarat Titans,field,Gujarat Titans,,normal,0,6,,Shubman Gill
1304063,2022,2022/04/09,Mumbai,"Dr DY Patil Sports Academy, Mumbai",Chennai Super Kings,Sunrisers Hyderabad,Sunrisers Hyderabad,field,Sunrisers Hyderabad,,normal,0,8,,Abhishek Sharma
1304064,2022,2022/04/09,Pune,"Maharashtra Cricket Association Stadium, Pune",Mumbai Indians,Royal Challengers Bangalore,Royal Challengers Bangalore,field,Royal Challengers Bangalore,,normal,0,7,,Anuj Rawat
1304065,2022,2022/04/10,Mumbai,"Brabourne Stadium, Mumbai",Delhi Capitals,Kolkata Knight Riders,Kolkata Knight Riders,field,Delhi Capitals,,normal,44,0,,Kuldeep Yadav
1304066,2022,2022/04/10,Mumbai,"Wankhede Stadium, Mumbai",Rajasthan Royals,Lucknow Super Giants,Lucknow Super Giants,field,Rajasthan Royals,,normal,3,0,,YS Chahal
1304067,2022,2022/04/11,Mumbai,"Dr DY Patil Sports Academy, Mumbai",Gujarat Titans,Sunrisers Hyderabad,Sunrisers Hyderabad,field,Sunrisers Hyderabad,,normal,0,8,,KS Williamson
1304068,2022,2022/04/12,Mumbai,"Dr DY Patil Sports Academy, Mumbai",Chennai Super Kings,Royal Challengers Bangalore,Royal Challengers Bangalore,field,Chennai Super Kings,,normal,23,0,,S Dube
1304069,2022,2022/04/13,Pune,"Maharashtra Cricket Association Stadium, Pune",Punjab Kings,Mumbai Indians,Mumbai Indians,field,Punjab Kings,,normal,12,0,,MA Agarwal
1304070,2022,2022/04/14,Mumbai,"Dr DY Patil Sports Academy, Mumbai",Gujarat Titans,Rajasthan Royals,Rajasthan Royals,field,Gujarat Titans,,normal,37,0,,HH Pandya
1304071,2022,2022/04/15,Mumbai,"Brabourne Stadium, Mumbai",Kolkata Knight Riders,Sunrisers Hyderabad,Sunrisers Hyderabad,field,Sunrisers Hyderabad,,normal,0,7,,RA Tripathi
1304072,2022,2022/04/16,Mumbai,"Brabourne Stadium, Mumbai",Lucknow Super Giants,Mumbai Indians,Mumbai Indians,field,Lucknow Super Giants,,normal,18,0,,KL Rahul
1304073,2022,2022/04/16,Mumbai,"Wankhede Stadium, Mumbai",Royal Challengers Bangalore,Delhi Capitals,Delhi Capitals,field,Royal Challengers Bangalore,,normal,16,0,,KD Karthik
1304074,2022,2022/04/17,Mumbai,"Dr DY Patil Sports Academy, Mumbai",Punjab Kings,Sunrisers Hyderabad,Sunrisers Hyderabad,field,Sunrisers Hyderabad,,normal,0,7,,Umran Malik
1304075,2022,2022/04/17,Pune,"Maharashtra Cricket Association Stadium, Pune",Chennai Super Kings,Gujarat Titans,Gujarat Titans,field,Gujarat Titans,,normal,0,3,,DA Miller
1304076,2022,2022/04/18,Mumbai,"Brabourne Stadium, Mumbai",Rajasthan Royals,Kolkata Knight Riders,Kolkata Knight Riders,field,Rajasthan Royals,,normal,7,0,,YS Chahal
1304077,2022,2022/04/19,Mumbai,"Dr DY Patil Sports Academy, Mumbai",Royal Challengers Bangalore,Lucknow Super Giants,Lucknow Super Giants,field,Royal Challengers Bangalore,,normal,18,0,,F du Plessis
1304078,2022,2022/04/20,Mumbai,"Brabourne Stadium, Mumbai",Punjab Kings,Delhi Capitals,Delhi Capitals,field,Delhi Capitals,,normal,0,9,,Kuldeep Yadav
1304079,2022,2022/04/21,Navi Mumbai,"Dr DY Patil Sports Academy, Mumbai",Mumbai Indians,Chennai Super Kings,Chennai Super Kings,field,Chennai Super Kings,,normal,0,3,,Mukesh Choudhary
1304080,2022,2022/04/22,Mumbai,"Wankhede Stadium, Mumbai",Rajasthan Royals,Delhi Capitals,Delhi Capitals,field,Rajasthan Royals,,normal,15,0,,JC Buttler
1304081,2022,2022/04/23,Navi Mumbai,"Dr DY Patil Sports Academy, Mumbai",Gujarat Titans,Kolkata Knight Riders,Gujarat Titans,bat,Gujarat Titans,,normal,8,0,,Rashid Khan
1304082,2022,2022/04/23,Mumbai,"Brabourne Stadium, Mumbai",Royal Challengers Bangalore,Sunrisers Hyderabad,Sunrisers Hyderabad,field,Sunrisers Hyderabad,,normal,0,9,,M Jansen
1304083,2022,2022/04/24,Mumbai,"Wankhede Stadium, Mumbai",Lucknow Super Giants,Mumbai Indians,Mumbai Indians,field,Lucknow Super Giants,,normal,36,0,,KL Rahul
1304084,2022,2022/04/25,Mumbai,"Wankhede Stadium, Mumbai",Punjab Kings,Chennai Super Kings,Chennai Super Kings,field,Punjab Kings,,normal,11,0,,S Dhawan
1304085,2022,2022/04/26,Pune,"Maharashtra Cricket Association Stadium, Pune",Rajasthan Royals,Royal Challengers Bangalore,Royal Challengers Bangalore,field,Rajasthan Royals,,normal,29,0,,R Parag
1304086,2022,2022/04/27,Mumbai,"Wankhede Stadium, Mumbai",Sunrisers Hyderabad,Gujarat Titans,Gujarat Titans,field,Gujarat Titans,,normal,0,5,,Umran Malik
1304087,2022,2022/04/28,Mumbai,"Wankhede Stadium, Mumbai",Kolkata Knight Riders,Delhi Capitals,Delhi Capitals,field,Delhi Capitals,,normal,0,4,,Kuldeep Yadav
1304088,2022,2022/04/29,Pune,"Maharashtra Cricket Association Stadium, Pune",Lucknow Super Giants,Punjab Kings,Punjab Kings,field,Lucknow Super Giants,,normal,20,0,,KH Pandya
1304089,2022,2022/04/30,Mumbai,"Brabourne Stadium, Mumbai",Royal Challengers Bangalore,Gujarat Titans,Royal Challengers Bangalore,bat,Gujarat Titans,,normal,0,6,,R Tewatia
1304090,2022,2022/04/30,Navi Mumbai,"Dr DY Patil Sports Academy, Mumbai",Rajasthan Royals,Mumbai Indians,Mumbai Indians,field,Mumbai Indians,,normal,0,5,,SA Yadav
1304091,2022,2022/05/01,Mumbai,"Wankhede Stadium, Mumbai",Lucknow Super Giants,Delhi Capitals,Lucknow Super Giants,bat,Lucknow Super Giants,,normal,6,0,,Mohsin Khan
1304092,2022,2022/05/01,Pune,"Maharashtra Cricket Association Stadium, Pune",Chennai Super Kings,Sunrisers Hyderabad,Sunrisers Hyderabad,field,Chennai Super Kings,,normal,13,0,,RD Gaikwad
1304093,2022,2022/05/02,Mumbai,"Wankhede Stadium, Mumbai",Rajasthan Royals,Kolkata Knight Riders,Kolkata Knight Riders,field,Kolkata Knight Riders,,normal,0,7,,RK Singh
1304094,2022,2022/05/03,Navi Mumbai,"Dr DY Patil Sports Academy, Mumbai",Gujarat Titans,Punjab Kings,Gujarat Titans,bat,Punjab Kings,,normal,0,8,,K Rabada
1304095,2022,2022/05/04,Pune,"Maharashtra Cricket Association Stadium, Pune",Royal Challengers Bangalore,Chennai Super Kings,Chennai Super Kings,field,Royal Challengers Bangalore,,normal,13,0,,HV Patel
1304096,2022,2022/05/05,Mumbai,"Brabourne Stadium, Mumbai",Delhi Capitals,Sunrisers Hyderabad,Sunrisers Hyderabad,field,Delhi Capitals,,normal,21,0,,DA Warner
1304097,2022,2022/05/06,Mumbai,"Brabourne Stadium, Mumbai",Mumbai Indians,Gujarat Titans,Gujarat Titans,field,Mumbai Indians,,normal,5,0,,TH David
1304098,2022,2022/05/07,Mumbai,"Wankhede Stadium, Mumbai",Punjab Kings,Rajasthan Royals,Punjab Kings,bat,Rajasthan Royals,,normal,0,6,,YBK Jaiswal
1304099,2022,2022/05/07,Pune,"Maharashtra Cricket Association Stadium, Pune",Lucknow Super Giants,Kolkata Knight Riders,Kolkata Knight Riders,field,Lucknow Super Giants,,normal,75,0,,Avesh Khan
1304100,2022,2022/05/08,Mumbai,"Wankhede Stadium, Mumbai",Royal Challengers Bangalore,Sunrisers Hyderabad,Royal Challengers Bangalore,bat,Royal Challengers Bangalore,,normal,67,0,,PWH de Silva
1304101,2022,2022/05/08,Navi Mumbai,"Dr DY Patil Sports Academy, Mumbai",Chennai Super Kings,Delhi Capitals,Delhi Capitals,field,Chennai Super Kings,,normal,91,0,,DP Conway
1304102,2022,2022/05/09,Navi Mumbai,"Dr DY Patil Sports Academy, Mumbai",Kolkata Knight Riders,Mumbai Indians,Mumbai Indians,field,Kolkata Knight Riders,,normal,52,0,,JJ Bumrah
1304103,2022,2022/05/10,Pune,"Maharashtra Cricket Association Stadium, Pune",Gujarat Titans,Lucknow Super Giants,Gujarat Titans,bat,Gujarat Titans,,normal,62,0,,Shubman Gill
1304104,2022,2022/05/11,Navi Mumbai,"Dr DY Patil Sports Academy, Mumbai",Rajasthan Royals,Delhi Capitals,Delhi Capitals,field,Delhi Capitals,,normal,0,8,,MR Marsh
1304105,2022,2022/05/12,Mumbai,"Wankhede Stadium, Mumbai",Chennai Super Kings,Mumbai Indians,Mumbai Indians,field,Mumbai Indians,,normal,0,5,,DR Sams
1304106,2022,2022/05/13,Mumbai,"Brabourne Stadium, Mumbai",Punjab Kings,Royal Challengers Bangalore,Royal Challengers Bangalore,field,Punjab Kings,,normal,54,0,,JM Bairstow
1304107,2022,2022/05/14,Pune,"Maharashtra Cricket Association Stadium, Pune",Kolkata Knight Riders,Sunrisers Hyderabad,Kolkata Knight Riders,bat,Kolkata Knight Riders,,normal,54,0,,AD Russell
1304108,2022,2022/05/15,Mumbai,"Wankhede Stadium, Mumbai",Chennai Super Kings,Gujarat Titans,Chennai Super Kings,bat,Gujarat Titans,,normal,0,7,,WP Saha
1304109,2022,2022/05/15,Mumbai,"Brabourne Stadium, Mumbai",Rajasthan Royals,Lucknow Super Giants,Rajasthan Royals,bat,Rajasthan Royals,,normal,24,0,,TA Boult
1304110,2022,2022/05/16,Navi Mumbai,"Dr DY Patil Sports Academy, Mumbai",Delhi Capitals,Punjab Kings,Punjab Kings,field,Delhi Capitals,,normal,17,0,,SN Thakur
1304111,2022,2022/05/17,Mumbai,"Wankhede Stadium, Mumbai",Sunrisers Hyderabad,Mumbai Indians,Mumbai Indians,field,Sunrisers Hyderabad,,normal,3,0,,RA Tripathi
1304112,2022,2022/05/18,Navi Mumbai,"Dr DY Patil Sports Academy, Mumbai",Lucknow Super Giants,Kolkata Knight Riders,Lucknow Super Giants,bat,Lucknow Super Giants,,normal,2,0,,Q de Kock
1304113,2022,2022/05/19,Mumbai,"Wankhede Stadium, Mumbai",Gujarat Titans,Royal Challengers Bangalore,Gujarat Titans,bat,Royal Challengers Bangalore,,normal,0,8,,V Kohli
1304114,2022,2022/05/20,Mumbai,"Brabourne Stadium, Mumbai",Chennai Super Kings,Rajasthan Royals,Chennai Super Kings,bat,Rajasthan Royals,,normal,0,5,,R Ashwin
1304115,2022,2022/05/21,Mumbai,"Wankhede Stadium, Mumbai",Delhi Capitals,Mumbai Indians,Mumbai Indians,field,Mumbai Indians,,normal,0,5,,JJ Bumrah
1304116,2022,2022/05/22,Mumbai,"Wankhede Stadium, Mumbai",Sunrisers Hyderabad,Punjab Kings,Sunrisers Hyderabad,bat,Punjab Kings,,normal,0,5,,Harpreet Brar
1312197,2022,2022/05/24,Kolkata,"Eden Gardens, Kolkata",Rajasthan Royals,Gujarat Titans,Gujarat Titans,field,Gujarat Titans,,normal,0,7,,DA Miller
1312198,2022,2022/05/25,Kolkata,"Eden Gardens, Kolkata",Royal Challengers Bangalore,Lucknow Super Giants,Lucknow Super Giants,field,Royal Challengers Bangalore,,normal,14,0,,RM Patidar
1312199,2022,2022/05/27,Ahmedabad,"Narendra Modi Stadium, Ahmedabad",Royal Challengers Bangalore,Rajasthan Royals,Rajasthan Royals,field,Rajasthan Royals,,normal,0,7,,JC Buttler
1312200,2022,2022/05/29,Ahmedabad,"Narendra Modi Stadium, Ahmedabad",Rajasthan Royals,Gujarat Titans,Rajasthan Royals,bat,Gujarat Titans,,normal,0,7,,HH Pandya
1359475,2023,2023/03/31,Ahmedabad,"Narendra Modi Stadium, Ahmedabad",Chennai Super Kings,Gujarat Titans,Gujarat Titans,field,Gujarat Titans,,normal,0,5,,Rashid Khan
1359476,2023,2023/04/01,Chandigarh,"Punjab Cricket Association IS Bindra Stadium, Mohali, Chandigarh",Punjab Kings,Kolkata Knight Riders,Kolkata Knight Riders,field,Punjab Kings,,normal,7,0,D/L,Arshdeep Singh
1359477,2023,2023/04/01,Lucknow,"Bharat Ratna Shri Atal Bihari Vajpayee Ekana Cricket Stadium, Lucknow",Lucknow Super Giants,Delhi Capitals,Delhi Capitals,field,Lucknow Super Giants,,normal,50,0,,MA Wood
1359478,2023,2023/04/02,Hyderabad,"Rajiv Gandhi International Stadium, Uppal, Hyderabad",Rajasthan Royals,Sunrisers Hyderabad,Sunrisers Hyderabad,field,Rajasthan Royals,,normal,72,0,,JC Buttler
1359479,2023,2023/04/02,Bengaluru,"M Chinnaswamy Stadium, Bengaluru",Mumbai Indians,Royal Challengers Bangalore,Royal Challengers Bangalore,field,Royal Challengers Bangalore,,normal,0,8,,F du Plessis
1359480,2023,2023/04/03,Chennai,"MA Chidambaram Stadium, Chepauk, Chennai",Chennai Super Kings,Lucknow Super Giants,Lucknow Super Giants,field,Chennai Super Kings,,normal,12,0,,MM Ali
1359481,2023,2023/04/04,Delhi,"Arun Jaitley Stadium, Delhi",Delhi Capitals,Gujarat Titans,Gujarat Titans,field,Gujarat Titans,,normal,0,6,,B Sai Sudharsan
1359482,2023,2023/04/05,Guwahati,"Barsapara Cricket Stadium, Guwahati",Punjab Kings,Rajasthan Royals,Rajasthan Royals,field,Punjab Kings,,normal,5,0,,NT Ellis
1359483,2023,2023/04/06,Kolkata,"Eden Gardens, Kolkata",Kolkata Knight Riders,Royal Challengers Bangalore,Royal Challengers Bangalore,field,Kolkata Knight Riders,,normal,81,0,,SN Thakur
1359484,2023,2023/04/07,Lucknow,"Bharat Ratna Shri Atal Bihari Vajpayee Ekana Cricket Stadium, Lucknow",Sunrisers Hyderabad,Lucknow Super Giants,Sunrisers Hyderabad,bat,Lucknow Super Giants,,normal,0,5,,KH Pandya
1359485,2023,2023/04/08,Guwahati,"Barsapara Cricket Stadium, Guwahati",Rajasthan Royals,Delhi Capitals,Delhi Capitals,field,Rajasthan Royals,,normal,57,0,,YBK Jaiswal
1359486,2023,2023/04/08,Mumbai,"Wankhede Stadium, Mumbai",Mumbai Indians,Chennai Super Kings,Chennai Super Kings,field,Chennai Super Kings,,normal,0,7,,RA Jadeja
1359487,2023,2023/04/09,Ahmedabad,"Narendra Modi Stadium, Ahmedabad",Gujarat Titans,Kolkata Knight Riders,Gujarat Titans,bat,Kolkata Knight Riders,,normal,0,3,,RK Singh
1359488,2023,2023/04/09,Hyderabad,"Rajiv Gandhi International Stadium, Uppal, Hyderabad",Punjab Kings,Sunrisers Hyderabad,Sunrisers Hyderabad,field,Sunrisers Hyderabad,,normal,0,8,,S Dhawan
1359489,2023,2023/04/10,Bengaluru,"M Chinnaswamy Stadium, Bengaluru",Royal Challengers Bangalore,Lucknow Super Giants,Lucknow Super Giants,field,Lucknow Super Giants,,normal,0,1,,N Pooran
1359490,2023,2023/04/11,Delhi,"Arun Jaitley Stadium, Delhi",Delhi Capitals,Mumbai Indians,Mumbai Indians,field,Mumbai Indians,,normal,0,6,,RG Sharma
1359491,2023,2023/04/12,Chennai,"MA Chidambaram Stadium, Chepauk, Chennai",Rajasthan Royals,Chennai Super Kings,Chennai Super Kings,field,Rajasthan Royals,,normal,3,0,,R Ashwin
1359492,2023,2023/04/13,Chandigarh,"Punjab Cricket Association IS Bindra Stadium, Mohali, Chandigarh",Punjab Kings,Gujarat Titans,Gujarat Titans,field,Gujarat Titans,,normal,0,6,,MM Sharma
1359493,2023,2023/04/14,Kolkata,"Eden Gardens, Kolkata",Sunrisers Hyderabad,Kolkata Knight Riders,Kolkata Knight Riders,field,Sunrisers Hyderabad,,normal,23,0,,HC Brook
1359494,2023,2023/04/15,Bengaluru,"M Chinnaswamy Stadium, Bengaluru",Royal Challengers Bangalore,Delhi Capitals,Delhi Capitals,field,Royal Challengers Bangalore,,normal,23,0,,V Kohli
1359495,2023,2023/04/15,Lucknow,"Bharat Ratna Shri Atal Bihari Vajpayee Ekana Cricket Stadium, Lucknow",Lucknow Super Giants,Punjab Kings,Punjab Kings,field,Punjab Kings,,normal,0,2,,Sikandar Raza
1359496,2023,2023/04/16,Mumbai,"Wankhede Stadium, Mumbai",Kolkata Knight Riders,Mumbai Indians,Mumbai Indians,field,Mumbai Indians,,normal,0,5,,VR Iyer
1359497,2023,2023/04/16,Ahmedabad,"Narendra Modi Stadium, Ahmedabad",Gujarat Titans,Rajasthan Royals,Rajasthan Royals,field,Rajasthan Royals,,normal,0,3,,SO Hetmyer
1359498,2023,2023/04/17,Bengaluru,"M Chinnaswamy Stadium, Bengaluru",Chennai Super Kings,Royal Challengers Bangalore,Royal Challengers Bangalore,field,Chennai Super Kings,,normal,8,0,,DP Conway
1359499,2023,2023/04/18,Hyderabad,"Rajiv Gandhi International Stadium, Uppal, Hyderabad",Mumbai Indians,Sunrisers Hyderabad,Sunrisers Hyderabad,field,Mumbai Indians,,normal,14,0,,C Green
1359500,2023,2023/04/19,Jaipur,"Sawai Mansingh Stadium, Jaipur",Lucknow Super Giants,Rajasthan Royals,Rajasthan Royals,field,Lucknow Super Giants,,normal,10,0,,MP Stoinis
1359501,2023,2023/04/20,Chandigarh,"Punjab Cricket Association IS Bindra Stadium, Mohali, Chandigarh",Royal Challengers Bangalore,Punjab Kings,Punjab Kings,field,Royal Challengers Bangalore,,normal,24,0,,Mohammed Siraj
1359502,2023,2023/04/20,Delhi,"Arun Jaitley Stadium, Delhi",Kolkata Knight Riders,Delhi Capitals,Delhi Capitals,field,Delhi Capitals,,normal,0,4,,I Sharma
1359503,2023,2023/04/21,Chennai,"MA Chidambaram Stadium, Chepauk, Chennai",Sunrisers Hyderabad,Chennai Super Kings,Chennai Super Kings,field,Chennai Super Kings,,normal,0,7,,RA Jadeja
1359504,2023,2023/04/22,Lucknow,"Bharat Ratna Shri Atal Bihari Vajpayee Ekana Cricket Stadium, Lucknow",Gujarat Titans,Lucknow Super Giants,Gujarat Titans,bat,Gujarat Titans,,normal,7,0,,MM Sharma
1359505,2023,2023/04/22,Mumbai,"Wankhede Stadium, Mumbai",Punjab Kings,Mumbai Indians,Mumbai Indians,field,Punjab Kings,,normal,13,0,,SM Curran
1359506,2023,2023/04/23,Bengaluru,"M Chinnaswamy Stadium, Bengaluru",Royal Challengers Bangalore,Rajasthan Royals,Rajasthan Royals,field,Royal Challengers Bangalore,,normal,7,0,,GJ Maxwell
1359507,2023,2023/04/23,Kolkata,"Eden Gardens, Kolkata",Chennai Super Kings,Kolkata Knight Riders,Kolkata Knight Riders,field,Chennai Super Kings,,normal,49,0,,AM Rahane
1359508,2023,2023/04/24,Hyderabad,"Rajiv Gandhi International Stadium, Uppal, Hyderabad",Delhi Capitals,Sunrisers Hyderabad,Delhi Capitals,bat,Delhi Capitals,,normal,7,0,,AR Patel
1359509,2023,2023/04/25,Ahmedabad,"Narendra Modi Stadium, Ahmedabad",Gujarat Titans,Mumbai Indians,Mumbai Indians,field,Gujarat Titans,,normal,55,0,,A Manohar
1359510,2023,2023/04/26,Bengaluru,"M Chinnaswamy Stadium, Bengaluru",Kolkata Knight Riders,Royal Challengers Bangalore,Royal Challengers Bangalore,field,Kolkata Knight Riders,,normal,21,0,,CV Varun
1359511,2023,2023/04/27,Jaipur,"Sawai Mansingh Stadium, Jaipur",Rajasthan Royals,Chennai Super Kings,Rajasthan Royals,bat,Rajasthan Royals,,normal,32,0,,YBK Jaiswal
1359512,2023,2023/04/28,Chandigarh,"Punjab Cricket Association IS Bindra Stadium, Mohali, Chandigarh",Lucknow Super Giants,Punjab Kings,Punjab Kings,field,Lucknow Super Giants,,normal,56,0,,MP Stoinis
1359513,2023,2023/04/29,Kolkata,"Eden Gardens, Kolkata",Kolkata Knight Riders,Gujarat Titans,Gujarat Titans,field,Gujarat Titans,,normal,0,7,,J Little
1359514,2023,2023/04/29,Delhi,"Arun Jaitley Stadium, Delhi",Sunrisers Hyderabad,Delhi Capitals,Sunrisers Hyderabad,bat,Sunrisers Hyderabad,,normal,9,0,,MR Marsh
1359515,2023,2023/04/30,Chennai,"MA Chidambaram Stadium, Chepauk, Chennai",Chennai Super Kings,Punjab Kings,Chennai Super Kings,bat,Punjab Kings,,normal,0,4,,DP Conway
1359516,2023,2023/04/30,Mumbai,"Wankhede Stadium, Mumbai",Rajasthan Royals,Mumbai Indians,Rajasthan Royals,bat,Mumbai Indians,,normal,0,6,,YBK Jaiswal
1359517,2023,2023/05/01,Lucknow,"Bharat Ratna Shri Atal Bihari Vajpayee Ekana Cricket Stadium, Lucknow",Royal Challengers Bangalore,Lucknow Super Giants,Royal Challengers Bangalore,bat,Royal Challengers Bangalore,,normal,18,0,,F du Plessis
1359518,2023,2023/05/02,Ahmedabad,"Narendra Modi Stadium, Ahmedabad",Delhi Capitals,Gujarat Titans,Delhi Capitals,bat,Delhi Capitals,,normal,5,0,,Mohammed Shami
1359519,2023,2023/05/03,Lucknow,"Bharat Ratna Shri Atal Bihari Vajpayee Ekana Cricket Stadium, Lucknow",Lucknow Super Giants,Chennai Super Kings,Chennai Super Kings,field,,,no result,0,0,,
1359520,2023,2023/05/03,Chandigarh,"Punjab Cricket Association IS Bindra Stadium, Mohali, Chandigarh",Punjab Kings,Mumbai Indians,Mumbai Indians,field,Mumbai Indians,,normal,0,6,,Ishan Kishan
1359521,2023,2023/05/04,Hyderabad,"Rajiv Gandhi International Stadium, Uppal, Hyderabad",Kolkata Knight Riders,Sunrisers Hyderabad,Kolkata Knight Riders,bat,Kolkata Knight Riders,,normal,5,0,,CV Varun
1359522,2023,2023/05/05,Jaipur,"Sawai Mansingh Stadium, Jaipur",Rajasthan Royals,Gujarat Titans,Rajasthan Royals,bat,Gujarat Titans,,normal,0,9,,Rashid Khan
1359523,2023,2023/05/06,Chennai,"MA Chidambaram Stadium, Chepauk, Chennai",Mumbai Indians,Chennai Super Kings,Chennai Super Kings,field,Chennai Super Kings,,normal,0,6,,M Pathirana
1359524,2023,2023/05/06,Delhi,"Arun Jaitley Stadium, Delhi",Royal Challengers Bangalore,Delhi Capitals,Royal Challengers Bangalore,bat,Delhi Capitals,,normal,0,7,,PD Salt
1359525,2023,2023/05/07,Ahmedabad,"Narendra Modi Stadium, Ahmedabad",Gujarat Titans,Lucknow Super Giants,Lucknow Super Giants,field,Gujarat Titans,,normal,56,0,,Shubman Gill
1359526,2023,2023/05/07,Jaipur,"Sawai Mansingh Stadium, Jaipur",Rajasthan Royals,Sunrisers Hyderabad,Rajasthan Royals,bat,Sunrisers Hyderabad,,normal,0,4,,GD Phillips
1359527,2023,2023/05/08,Kolkata,"Eden Gardens, Kolkata",Punjab Kings,Kolkata Knight Riders,Punjab Kings,bat,Kolkata Knight Riders,,normal,0,5,,AD Russell
1359528,2023,2023/05/09,Mumbai,"Wankhede Stadium, Mumbai",Royal Challengers Bangalore,Mumbai Indians,Mumbai Indians,field,Mumbai Indians,,normal,0,6,,SA Yadav
1359529,2023,2023/05/10,Chennai,"MA Chidambaram Stadium, Chepauk, Chennai",Chennai Super Kings,Delhi Capitals,Chennai Super Kings,bat,Chennai Super Kings,,normal,27,0,,RA Jadeja
1359530,2023,2023/05/11,Kolkata,"Eden Gardens, Kolkata",Kolkata Knight Riders,Rajasthan Royals,Rajasthan Royals,field,Rajasthan Royals,,normal,0,9,,YBK Jaiswal
1359531,2023,2023/05/12,Mumbai,"Wankhede Stadium, Mumbai",Mumbai Indians,Gujarat Titans,Gujarat Titans,field,Mumbai Indians,,normal,27,0,,SA Yadav
1359532,2023,2023/05/13,Hyderabad,"Rajiv Gandhi International Stadium, Uppal, Hyderabad",Sunrisers Hyderabad,Lucknow Super Giants,Sunrisers Hyderabad,bat,Lucknow Super Giants,,normal,0,7,,PN Mankad
1359533,2023,2023/05/13,Delhi,"Arun Jaitley Stadium, Delhi",Punjab Kings,Delhi Capitals,Delhi Capitals,field,Punjab Kings,,normal,31,0,,P Simran Singh
1359534,2023,2023/05/14,Jaipur,"Sawai Mansingh Stadium, Jaipur",Royal Challengers Bangalore,Rajasthan Royals,Royal Challengers Bangalore,bat,Royal Challengers Bangalore,,normal,112,0,,WD Parnell
1359535,2023,2023/05/14,Chennai,"MA Chidambaram Stadium, Chepauk, Chennai",Chennai Super Kings,Kolkata Knight Riders,Chennai Super Kings,bat,Kolkata Knight Riders,,normal,0,6,,RK Singh
1359536,2023,2023/05/15,Ahmedabad,"Narendra Modi Stadium, Ahmedabad",Gujarat Titans,Sunrisers Hyderabad,Sunrisers Hyderabad,field,Gujarat Titans,,normal,34,0,,Shubman Gill
1359537,2023,2023/05/16,Lucknow,"Bharat Ratna Shri Atal Bihari Vajpayee Ekana Cricket Stadium, Lucknow",Lucknow Super Giants,Mumbai Indians,Mumbai Indians,field,Lucknow Super Giants,,normal,5,0,,MP Stoinis
1359538,2023,2023/05/17,Dharamsala,"Himachal Pradesh Cricket Association Stadium, Dharamsala",Delhi Capitals,Punjab Kings,Punjab Kings,field,Delhi Capitals,,normal,15,0,,RR Rossouw
1359539,2023,2023/05/18,Hyderabad,"Rajiv Gandhi International Stadium, Uppal, Hyderabad",Sunrisers Hyderabad,Royal Challengers Bangalore,Royal Challengers Bangalore,field,Royal Challengers Bangalore,,normal,0,8,,V Kohli
1359540,2023,2023/05/19,Dharamsala,"Himachal Pradesh Cricket Association Stadium, Dharamsala",Punjab Kings,Rajasthan Royals,Rajasthan Royals,field,Rajasthan Royals,,normal,0,4,,D Padikkal
1359541,2023,2023/05/20,Delhi,"Arun Jaitley Stadium, Delhi",Chennai Super Kings,Delhi Capitals,Chennai Super Kings,bat,Chennai Super Kings,,normal,77,0,,RD Gaikwad
1359542,2023,2023/05/20,Kolkata,"Eden Gardens, Kolkata",Lucknow Super Giants,Kolkata Knight Riders,Kolkata Knight Riders,field,Lucknow Super Giants,,normal,1,0,,N Pooran
1359543,2023,2023/05/21,Mumbai,"Wankhede Stadium, Mumbai",Sunrisers Hyderabad,Mumbai Indians,Mumbai Indians,field,Mumbai Indians,,normal,0,8,,C Green
1359544,2023,2023/05/21,Bengaluru,"M Chinnaswamy Stadium, Bengaluru",Royal Challengers Bangalore,Gujarat Titans,Gujarat Titans,field,Gujarat Titans,,normal,0,6,,Shubman Gill
1370350,2023,2023/05/23,Chennai,"MA Chidambaram Stadium, Chepauk, Chennai",Chennai Super Kings,Gujarat Titans,Gujarat Titans,field,Chennai Super Kings,,normal,15,0,,RD Gaikwad
1370351,2023,2023/05/24,Chennai,"MA Chidambaram Stadium, Chepauk, Chennai",Mumbai Indians,Lucknow Super Giants,Mumbai Indians,bat,Mumbai Indians,,normal,81,0,,Akash Madhwal
1370352,2023,2023/05/26,Ahmedabad,"Narendra Modi Stadium, Ahmedabad",Gujarat Titans,Mumbai Indians,Mumbai Indians,field,Gujarat Titans,,normal,62,0,,Shubman Gill
1370353,2023,2023/05/29,Ahmedabad,"Narendra Modi Stadium, Ahmedabad",Gujarat Titans,Chennai Super Kings,Chennai Super Kings,field,Chennai Super Kings,,normal,0,5,D/L,DP Conway
1422119,2024,2024/03/22,Chennai,"MA Chidambaram Stadium, Chepauk, Chennai",Royal Challengers Bengaluru,Chennai Super Kings,Royal Challengers Bengaluru,bat,Chennai Super Kings,,normal,0,6,,Mustafizur Rahman
1422120,2024,2024/03/23,Mohali,"Maharaja Yadavindra Singh International Cricket Stadium, Mullanpur",Delhi Capitals,Punjab Kings,Punjab Kings,field,Punjab Kings,,normal,0,4,,SM Curran
1422121,2024,2024/03/23,Kolkata,"Eden Gardens, Kolkata",Kolkata Knight Riders,Sunrisers Hyderabad,Sunrisers Hyderabad,field,Kolkata Knight Riders,,normal,4,0,,AD Russell
1422122,2024,2024/03/24,Jaipur,"Sawai Mansingh Stadium, Jaipur",Rajasthan Royals,Lucknow Super Giants,Rajasthan Royals,bat,Rajasthan Royals,,normal,20,0,,SV Samson
1422123,2024,2024/03/24,Ahmedabad,"Narendra Modi Stadium, Ahmedabad",Gujarat Titans,Mumbai Indians,Mumbai Indians,field,Gujarat Titans,,normal,6,0,,B Sai Sudharsan
1422124,2024,2024/03/25,Bengaluru,"M Chinnaswamy Stadium, Bengaluru",Punjab Kings,Royal Challengers Bengaluru,Royal Challengers Bengaluru,field,Royal Challengers Bengaluru,,normal,0,4,,V Kohli
1422125,2024,2024/03/26,Chennai,"MA Chidambaram Stadium, Chepauk, Chennai",Chennai Super Kings,Gujarat Titans,Gujarat Titans,field,Chennai Super Kings,,normal,63,0,,S Dube
1422126,2024,2024/03/27,Hyderabad,"Rajiv Gandhi International Stadium, Uppal, Hyderabad",Sunrisers Hyderabad,Mumbai Indians,Mumbai Indians,field,Sunrisers Hyderabad,,normal,31,0,,Abhishek Sharma
1422127,2024,2024/03/28,Jaipur,"Sawai Mansingh Stadium, Jaipur",Rajasthan Royals,Delhi Capitals,Delhi Capitals,field,Rajasthan Royals,,normal,12,0,,R Parag
1422128,2024,2024/03/29,Bengaluru,"M Chinnaswamy Stadium, Bengaluru",Royal Challengers Bengaluru,Kolkata Knight Riders,Kolkata Knight Riders,field,Kolkata Knight Riders,,normal,0,7,,SP Narine
1422129,2024,2024/03/30,Lucknow,"Bharat Ratna Shri Atal Bihari Vajpayee Ekana Cricket Stadium, Lucknow",Lucknow Super Giants,Punjab Kings,Lucknow Super Giants,bat,Lucknow Super Giants,,normal,21,0,,MP Yadav
1422130,2024,2024/03/31,Ahmedabad,"Narendra Modi Stadium, Ahmedabad",Sunrisers Hyderabad,Gujarat Titans,Sunrisers Hyderabad,bat,Gujarat Titans,,normal,0,7,,MM Sharma
1422131,2024,2024/03/31,Visakhapatnam,"Dr. Y.S. Rajasekhara Reddy ACA-VDCA Cricket Stadium, Visakhapatnam",Delhi Capitals,Chennai Super Kings,Delhi Capitals,bat,Delhi Capitals,,normal,20,0,,KK Ahmed
1422132,2024,2024/04/01,Mumbai,"Wankhede Stadium, Mumbai",Mumbai Indians,Rajasthan Royals,Rajasthan Royals,field,Rajasthan Royals,,normal,0,6,,TA Boult
1422133,2024,2024/04/02,Bengaluru,"M Chinnaswamy Stadium, Bengaluru",Lucknow Super Giants,Royal Challengers Bengaluru,Royal Challengers Bengaluru,field,Lucknow Super Giants,,normal,28,0,,MP Yadav
1422134,2024,2024/04/03,Visakhapatnam,"Dr. Y.S. Rajasekhara Reddy ACA-VDCA Cricket Stadium, Visakhapatnam",Kolkata Knight Riders,Delhi Capitals,Kolkata Knight Riders,bat,Kolkata Knight Riders,,normal,106,0,,SP Narine
1422135,2024,2024/04/04,Ahmedabad,"Narendra Modi Stadium, Ahmedabad",Gujarat Titans,Punjab Kings,Punjab Kings,field,Punjab Kings,,normal,0,3,,Shashank Singh
1422136,2024,2024/04/05,Hyderabad,"Rajiv Gandhi International Stadium, Uppal, Hyderabad",Chennai Super Kings,Sunrisers Hyderabad,Sunrisers Hyderabad,field,Sunrisers Hyderabad,,normal,0,6,,Abhishek Sharma
1422137,2024,2024/04/06,Jaipur,"Sawai Mansingh Stadium, Jaipur",Royal Challengers Bengaluru,Rajasthan Royals,Rajasthan Royals,field,Rajasthan Royals,,normal,0,6,,JC Buttler
1422138,2024,2024/04/07,Mumbai,"Wankhede Stadium, Mumbai",Mumbai Indians,Delhi Capitals,Delhi Capitals,field,Mumbai Indians,,normal,29,0,,R Shepherd
1422139,2024,2024/04/07,Lucknow,"Bharat Ratna Shri Atal Bihari Vajpayee Ekana Cricket Stadium, Lucknow",Lucknow Super Giants,Gujarat Titans,Lucknow Super Giants,bat,Lucknow Super Giants,,normal,33,0,,Yash Thakur
1426260,2024,2024/04/08,Chennai,"MA Chidambaram Stadium, Chepauk, Chennai",Kolkata Knight Riders,Chennai Super Kings,Chennai Super Kings,field,Chennai Super Kings,,normal,0,7,,RA Jadeja
1426261,2024,2024/04/09,Mohali,"Maharaja Yadavindra Singh International Cricket Stadium, Mullanpur",Sunrisers Hyderabad,Punjab Kings,Punjab Kings,field,Sunrisers Hyderabad,,normal,2,0,,Nithish Kumar Reddy
1426262,2024,2024/04/10,Jaipur,"Sawai Mansingh Stadium, Jaipur",Rajasthan Royals,Gujarat Titans,Gujarat Titans,field,Gujarat Titans,,normal,0,3,,Rashid Khan
1426263,2024,2024/04/11,Mumbai,"Wankhede Stadium, Mumbai",Royal Challengers Bengaluru,Mumbai Indians,Mumbai Indians,field,Mumbai Indians,,normal,0,7,,JJ Bumrah
1426264,2024,2024/04/12,Lucknow,"Bharat Ratna Shri Atal Bihari Vajpayee Ekana Cricket Stadium, Lucknow",Lucknow Super Giants,Delhi Capitals,Lucknow Super Giants,bat,Delhi Capitals,,normal,0,6,,Kuldeep Yadav
1426265,2024,2024/04/13,Mohali,"Maharaja Yadavindra Singh International Cricket Stadium, Mullanpur",Punjab Kings,Rajasthan Royals,Rajasthan Royals,field,Rajasthan Royals,,normal,0,3,,SO Hetmyer
1426266,2024,2024/04/14,Kolkata,"Eden Gardens, Kolkata",Lucknow Super Giants,Kolkata Knight Riders,Kolkata Knight Riders,field,Kolkata Knight Riders,,normal,0,8,,PD Salt
1426267,2024,2024/04/14,Mumbai,"Wankhede Stadium, Mumbai",Chennai Super Kings,Mumbai Indians,Mumbai Indians,field,Chennai Super Kings,,normal,20,0,,M Pathirana
1426268,2024,2024/04/15,Bengaluru,"M Chinnaswamy Stadium, Bengaluru",Sunrisers Hyderabad,Royal Challengers Bengaluru,Royal Challengers Bengaluru,field,Sunrisers Hyderabad,,normal,25,0,,TM Head
1426269,2024,2024/04/16,Kolkata,"Eden Gardens, Kolkata",Kolkata Knight Riders,Rajasthan Royals,Rajasthan Royals,field,Rajasthan Royals,,normal,0,2,,JC Buttler
1426270,2024,2024/04/17,Ahmedabad,"Narendra Modi Stadium, Ahmedabad",Gujarat Titans,Delhi Capitals,Delhi Capitals,field,Delhi Capitals,,normal,0,6,,RR Pant
1426271,2024,2024/04/18,Mohali,"Maharaja Yadavindra Singh International Cricket Stadium, Mullanpur",Mumbai Indians,Punjab Kings,Punjab Kings,field,Mumbai Indians,,normal,9,0,,JJ Bumrah
1426272,2024,2024/04/19,Lucknow,"Bharat Ratna Shri Atal Bihari Vajpayee Ekana Cricket Stadium, Lucknow",Chennai Super Kings,Lucknow Super Giants,Lucknow Super Giants,field,Lucknow Super Giants,,normal,0,8,,KL Rahul
1426273,2024,2024/04/20,Delhi,"Arun Jaitley Stadium, Delhi",Sunrisers Hyderabad,Delhi Capitals,Delhi Capitals,field,Sunrisers Hyderabad,,normal,67,0,,TM Head
1426274,2024,2024/04/21,Kolkata,"Eden Gardens, Kolkata",Kolkata Knight Riders,Royal Challengers Bengaluru,Royal Challengers Bengaluru,field,Kolkata Knight Riders,,normal,1,0,,AD Russell
1426275,2024,2024/04/21,Mohali,"Maharaja Yadavindra Singh International Cricket Stadium, Mullanpur",Punjab Kings,Gujarat Titans,Punjab Kings,bat,Gujarat Titans,,normal,0,3,,R Sai Kishore
1426276,2024,2024/04/22,Jaipur,"Sawai Mansingh Stadium, Jaipur",Mumbai Indians,Rajasthan Royals,Mumbai Indians,bat,Rajasthan Royals,,normal,0,9,,Sandeep Sharma
1426277,2024,2024/04/23,Chennai,"MA Chidambaram Stadium, Chepauk, Chennai",Chennai Super Kings,Lucknow Super Giants,Lucknow Super Giants,field,Lucknow Super Giants,,normal,0,6,,MP Stoinis
1426278,2024,2024/04/24,Delhi,"Arun Jaitley Stadium, Delhi",Delhi Capitals,Gujarat Titans,Gujarat Titans,field,Delhi Capitals,,normal,4,0,,RR Pant
1426279,2024,2024/04/25,Hyderabad,"Rajiv Gandhi International Stadium, Uppal, Hyderabad",Royal Challengers Bengaluru,Sunrisers Hyderabad,Royal Challengers Bengaluru,bat,Royal Challengers Bengaluru,,normal,35,0,,RM Patidar
1426280,2024,2024/04/26,Kolkata,"Eden Gardens, Kolkata",Kolkata Knight Riders,Punjab Kings,Punjab Kings,field,Punjab Kings,,normal,0,8,,JM Bairstow
1426281,2024,2024/04/27,Delhi,"Arun Jaitley Stadium, Delhi",Delhi Capitals,Mumbai Indians,Mumbai Indians,field,Delhi Capitals,,normal,10,0,,J Fraser-McGurk
1426282,2024,2024/04/27,Lucknow,"Bharat Ratna Shri Atal Bihari Vajpayee Ekana Cricket Stadium, Lucknow",Lucknow Super Giants,Rajasthan Royals,Rajasthan Royals,field,Rajasthan Royals,,normal,0,7,,SV Samson
1426283,2024,2024/04/28,Ahmedabad,"Narendra Modi Stadium, Ahmedabad",Gujarat Titans,Royal Challengers Bengaluru,Royal Challengers Bengaluru,field,Royal Challengers Bengaluru,,normal,0,9,,WG Jacks
1426284,2024,2024/04/28,Chennai,"MA Chidambaram Stadium, Chepauk, Chennai",Chennai Super Kings,Sunrisers Hyderabad,Sunrisers Hyderabad,field,Chennai Super Kings,,normal,78,0,,RD Gaikwad
1426285,2024,2024/04/29,Kolkata,"Eden Gardens, Kolkata",Delhi Capitals,Kolkata Knight Riders,Delhi Capitals,bat,Kolkata Knight Riders,,normal,0,7,,CV Varun
1426286,2024,2024/04/30,Lucknow,"Bharat Ratna Shri Atal Bihari Vajpayee Ekana Cricket Stadium, Lucknow",Mumbai Indians,Lucknow Super Giants,Lucknow Super Giants,field,Lucknow Super Giants,,normal,0,4,,MP Stoinis
1426287,2024,2024/05/01,Chennai,"MA Chidambaram Stadium, Chepauk, Chennai",Chennai Super Kings,Punjab Kings,Punjab Kings,field,Punjab Kings,,normal,0,7,,Harpreet Brar
1426288,2024,2024/05/02,Hyderabad,"Rajiv Gandhi International Stadium, Uppal, Hyderabad",Sunrisers Hyderabad,Rajasthan Royals,Sunrisers Hyderabad,bat,Sunrisers Hyderabad,,normal,1,0,,B Kumar
1426289,2024,2024/05/03,Mumbai,"Wankhede Stadium, Mumbai",Kolkata Knight Riders,Mumbai Indians,Mumbai Indians,field,Kolkata Knight Riders,,normal,24,0,,VR Iyer
1426290,2024,2024/05/04,Bengaluru,"M Chinnaswamy Stadium, Bengaluru",Gujarat Titans,Royal Challengers Bengaluru,Royal Challengers Bengaluru,field,Royal Challengers Bengaluru,,normal,0,4,,Mohammed Siraj
1426291,2024,2024/05/05,Dharamsala,"Himachal Pradesh Cricket Association Stadium, Dharamsala",Chennai Super Kings,Punjab Kings,Punjab Kings,field,Chennai Super Kings,,normal,28,0,,RA Jadeja
1426292,2024,2024/05/05,Lucknow,"Bharat Ratna Shri Atal Bihari Vajpayee Ekana Cricket Stadium, Lucknow",Kolkata Knight Riders,Lucknow Super Giants,Lucknow Super Giants,field,Kolkata Knight Riders,,normal,98,0,,SP Narine
1426293,2024,2024/05/06,Mumbai,"Wankhede Stadium, Mumbai",Sunrisers Hyderabad,Mumbai Indians,Mumbai Indians,field,Mumbai Indians,,normal,0,7,,SA Yadav
1426294,2024,2024/05/07,Delhi,"Arun Jaitley Stadium, Delhi",Delhi Capitals,Rajasthan Royals,Rajasthan Royals,field,Delhi Capitals,,normal,20,0,,Kuldeep Yadav
1426295,2024,2024/05/08,Hyderabad,"Rajiv Gandhi International Stadium, Uppal, Hyderabad",Lucknow Super Giants,Sunrisers Hyderabad,Lucknow Super Giants,bat,Sunrisers Hyderabad,,normal,0,10,,TM Head
1426296,2024,2024/05/09,Dharamsala,"Himachal Pradesh Cricket Association Stadium, Dharamsala",Royal Challengers Bengaluru,Punjab Kings,Punjab Kings,field,Royal Challengers Bengaluru,,normal,60,0,,V Kohli
1426297,2024,2024/05/10,Ahmedabad,"Narendra Modi Stadium, Ahmedabad",Gujarat Titans,Chennai Super Kings,Chennai Super Kings,field,Gujarat Titans,,normal,35,0,,Shubman Gill
1426298,2024,2024/05/11,Kolkata,"Eden Gardens, Kolkata",Kolkata Knight Riders,Mumbai Indians,Mumbai Indians,field,Kolkata Knight Riders,,normal,18,0,,CV Varun
1426299,2024,2024/05/12,Chennai,"MA Chidambaram Stadium, Chepauk, Chennai",Rajasthan Royals,Chennai Super Kings,Rajasthan Royals,bat,Chennai Super Kings,,normal,0,5,,Simarjeet Singh
1426300,2024,2024/05/12,Bengaluru,"M Chinnaswamy Stadium, Bengaluru",Royal Challengers Bengaluru,Delhi Capitals,Delhi Capitals,field,Royal Challengers Bengaluru,,normal,47,0,,C Green
1426302,2024,2024/05/14,Delhi,"Arun Jaitley Stadium, Delhi",Delhi Capitals,Lucknow Super Giants,Lucknow Super Giants,field,Delhi Capitals,,normal,19,0,,I Sharma
1426303,2024,2024/05/15,Guwahati,"Barsapara Cricket Stadium, Guwahati",Rajasthan Royals,Punjab Kings,Rajasthan Royals,bat,Punjab Kings,,normal,0,5,,SM Curran
1426305,2024,2024/05/17,Mumbai,"Wankhede Stadium, Mumbai",Lucknow Super Giants,Mumbai Indians,Mumbai Indians,field,Lucknow Super Giants,,normal,18,0,,N Pooran
1426306,2024,2024/05/18,Bengaluru,"M Chinnaswamy Stadium, Bengaluru",Royal Challengers Bengaluru,Chennai Super Kings,Chennai Super Kings,field,Royal Challengers Bengaluru,,normal,27,0,,F du Plessis
1426307,2024,2024/05/19,Hyderabad,"Rajiv Gandhi International Stadium, Uppal, Hyderabad",Punjab Kings,Sunrisers Hyderabad,Punjab Kings,bat,Sunrisers Hyderabad,,normal,0,4,,Abhishek Sharma
1426309,2024,2024/05/21,Ahmedabad,"Narendra Modi Stadium, Ahmedabad",Sunrisers Hyderabad,Kolkata Knight Riders,Sunrisers Hyderabad,bat,Kolkata Knight Riders,,normal,0,8,,MA Starc
1426310,2024,2024/05/22,Ahmedabad,"Narendra Modi Stadium, Ahmedabad",Royal Challengers Bengaluru,Rajasthan Royals,Rajasthan Royals,field,Rajasthan Royals,,normal,0,4,,R Ashwin
1426311,2024,2024/05/24,Chennai,"MA Chidambaram Stadium, Chepauk, Chennai",Sunrisers Hyderabad,Rajasthan Royals,Rajasthan Royals,field,Sunrisers Hyderabad,,normal,36,0,,Shahbaz Ahmed
1426312,2024,2024/05/26,Chennai,"MA Chidambaram Stadium, Chepauk, Chennai",Sunrisers Hyderabad,Kolkata Knight Riders,Sunrisers Hyderabad,bat,Kolkata Knight Riders,,normal,0,8,,MA Starc
1473438,2025,2025/03/22,Kolkata,"Eden Gardens, Kolkata",Kolkata Knight Riders,Royal Challengers Bengaluru,Royal Challengers Bengaluru,field,Royal Challengers Bengaluru,,normal,0,7,,KH Pandya
1473439,2025,2025/03/23,Hyderabad,"Rajiv Gandhi International Stadium, Uppal, Hyderabad",Sunrisers Hyderabad,Rajasthan Royals,Rajasthan Royals,field,Sunrisers Hyderabad,,normal,44,0,,Ishan Kishan
1473440,2025,2025/03/23,Chennai,"MA Chidambaram Stadium, Chepauk, Chennai",Mumbai Indians,Chennai Super Kings,Chennai Super Kings,field,Chennai Super Kings,,normal,0,4,,Noor Ahmad
1473441,2025,2025/03/24,Visakhapatnam,"Dr. Y.S. Rajasekhara Reddy ACA-VDCA Cricket Stadium, Visakhapatnam",Lucknow Super Giants,Delhi Capitals,Delhi Capitals,field,Delhi Capitals,,normal,0,1,,Ashutosh Sharma
1473442,2025,2025/03/25,Ahmedabad,"Narendra Modi Stadium, Ahmedabad",Punjab Kings,Gujarat Titans,Gujarat Titans,field,Punjab Kings,,normal,11,0,,SS Iyer
1473443,2025,2025/03/26,Guwahati,"Barsapara Cricket Stadium, Guwahati",Rajasthan Royals,Kolkata Knight Riders,Kolkata Knight Riders,field,Kolkata Knight Riders,,normal,0,8,,Q de Kock
1473444,2025,2025/03/27,Hyderabad,"Rajiv Gandhi International Stadium, Uppal, Hyderabad",Sunrisers Hyderabad,Lucknow Super Giants,Lucknow Super Giants,field,Lucknow Super Giants,,normal,0,5,,SN Thakur
1473445,2025,2025/03/28,Chennai,"MA Chidambaram Stadium, Chepauk, Chennai",Royal Challengers Bengaluru,Chennai Super Kings,Chennai Super Kings,field,Royal Challengers Bengaluru,,normal,50,0,,RM Patidar
1473446,2025,2025/03/29,Ahmedabad,"Narendra Modi Stadium, Ahmedabad",Gujarat Titans,Mumbai Indians,Mumbai Indians,field,Gujarat Titans,,normal,36,0,,M Prasidh Krishna
1473447,2025,2025/03/30,Visakhapatnam,"Dr. Y.S. Rajasekhara Reddy ACA-VDCA Cricket Stadium, Visakhapatnam",Sunrisers Hyderabad,Delhi Capitals,Sunrisers Hyderabad,bat,Delhi Capitals,,normal,0,7,,MA Starc
1473448,2025,2025/03/30,Guwahati,"Barsapara Cricket Stadium, Guwahati",Rajasthan Royals,Chennai Super Kings,Chennai Super Kings,field,Rajasthan Royals,,normal,6,0,,N Rana
1473449,2025,2025/03/31,Mumbai,"Wankhede Stadium, Mumbai",Kolkata Knight Riders,Mumbai Indians,Mumbai Indians,field,Mumbai Indians,,normal,0,8,,Ashwani Kumar
1473450,2025,2025/04/01,Lucknow,"Bharat Ratna Shri Atal Bihari Vajpayee Ekana Cricket Stadium, Lucknow",Lucknow Super Giants,Punjab Kings,Punjab Kings,field,Punjab Kings,,normal,0,8,,P Simran Singh
1473451,2025,2025/04/02,Bengaluru,"M Chinnaswamy Stadium, Bengaluru",Royal Challengers Bengaluru,Gujarat Titans,Gujarat Titans,field,Gujarat Titans,,normal,0,8,,Mohammed Siraj
1473452,2025,2025/04/03,Kolkata,"Eden Gardens, Kolkata",Kolkata Knight Riders,Sunrisers Hyderabad,Sunrisers Hyderabad,field,Kolkata Knight Riders,,normal,80,0,,VG Arora
1473453,2025,2025/04/04,Lucknow,"Bharat Ratna Shri Atal Bihari Vajpayee Ekana Cricket Stadium, Lucknow",Lucknow Super Giants,Mumbai Indians,Mumbai Indians,field,Lucknow Super Giants,,normal,12,0,,DS Rathi
1473454,2025,2025/04/05,Chennai,"MA Chidambaram Stadium, Chepauk, Chennai",Delhi Capitals,Chennai Super Kings,Delhi Capitals,bat,Delhi Capitals,,normal,25,0,,KL Rahul
1473455,2025,2025/04/05,Mohali,"Maharaja Yadavindra Singh International Cricket Stadium, Mullanpur",Rajasthan Royals,Punjab Kings,Punjab Kings,field,Rajasthan Royals,,normal,50,0,,JC Archer
1473457,2025,2025/04/06,Hyderabad,"Rajiv Gandhi International Stadium, Uppal, Hyderabad",Sunrisers Hyderabad,Gujarat Titans,Gujarat Titans,field,Gujarat Titans,,normal,0,7,,Mohammed Siraj
1473458,2025,2025/04/07,Mumbai,"Wankhede Stadium, Mumbai",Royal Challengers Bengaluru,Mumbai Indians,Mumbai Indians,field,Royal Challengers Bengaluru,,normal,12,0,,RM Patidar
1473456,2025,2025/04/08,Kolkata,"Eden Gardens, Kolkata",Lucknow Super Giants,Kolkata Knight Riders,Kolkata Knight Riders,field,Lucknow Super Giants,,normal,4,0,,N Pooran
1473459,2025,2025/04/08,Mohali,"Maharaja Yadavindra Singh International Cricket Stadium, Mullanpur",Punjab Kings,Chennai Super Kings,Punjab Kings,bat,Punjab Kings,,normal,18,0,,Priyansh Arya
1473460,2025,2025/04/09,Ahmedabad,"Narendra Modi Stadium, Ahmedabad",Gujarat Titans,Rajasthan Royals,Rajasthan Royals,field,Gujarat Titans,,normal,58,0,,B Sai Sudharsan
1473461,2025,2025/04/10,Bengaluru,"M Chinnaswamy Stadium, Bengaluru",Royal Challengers Bengaluru,Delhi Capitals,Delhi Capitals,field,Delhi Capitals,,normal,0,6,,KL Rahul
1473462,2025,2025/04/11,Chennai,"MA Chidambaram Stadium, Chepauk, Chennai",Chennai Super Kings,Kolkata Knight Riders,Kolkata Knight Riders,field,Kolkata Knight Riders,,normal,0,8,,SP Narine
1473463,2025,2025/04/12,Lucknow,"Bharat Ratna Shri Atal Bihari Vajpayee Ekana Cricket Stadium, Lucknow",Gujarat Titans,Lucknow Super Giants,Lucknow Super Giants,field,Lucknow Super Giants,,normal,0,6,,AK Markram
1473464,2025,2025/04/12,Hyderabad,"Rajiv Gandhi International Stadium, Uppal, Hyderabad",Punjab Kings,Sunrisers Hyderabad,Punjab Kings,bat,Sunrisers Hyderabad,,normal,0,8,,Abhishek Sharma
1473465,2025,2025/04/13,Jaipur,"Sawai Mansingh Stadium, Jaipur",Rajasthan Royals,Royal Challengers Bengaluru,Royal Challengers Bengaluru,field,Royal Challengers Bengaluru,,normal,0,9,,PD Salt
1473466,2025,2025/04/13,Delhi,"Arun Jaitley Stadium, Delhi",Mumbai Indians,Delhi Capitals,Delhi Capitals,field,Mumbai Indians,,normal,12,0,,KV Sharma
1473467,2025,2025/04/14,Lucknow,"Bharat Ratna Shri Atal Bihari Vajpayee Ekana Cricket Stadium, Lucknow",Lucknow Super Giants,Chennai Super Kings,Chennai Super Kings,field,Chennai Super Kings,,normal,0,5,,MS Dhoni
1473468,2025,2025/04/15,Mohali,"Maharaja Yadavindra Singh International Cricket Stadium, Mullanpur",Punjab Kings,Kolkata Knight Riders,Punjab Kings,bat,Punjab Kings,,normal,16,0,,YS Chahal
1473469,2025,2025/04/16,Delhi,"Arun Jaitley Stadium, Delhi",Delhi Capitals,Rajasthan Royals,Rajasthan Royals,field,Delhi Capitals,Delhi Capitals,tie,0,0,,MA Starc
1473470,2025,2025/04/17,Mumbai,"Wankhede Stadium, Mumbai",Sunrisers Hyderabad,Mumbai Indians,Mumbai Indians,field,Mumbai Indians,,normal,0,4,,WG Jacks
1473471,2025,2025/04/18,Bengaluru,"M Chinnaswamy Stadium, Bengaluru",Royal Challengers Bengaluru,Punjab Kings,Punjab Kings,field,Punjab Kings,,normal,0,5,,TH David
1473472,2025,2025/04/19,Ahmedabad,"Narendra Modi Stadium, Ahmedabad",Delhi Capitals,Gujarat Titans,Gujarat Titans,field,Gujarat Titans,,normal,0,7,,JC Buttler
1473473,2025,2025/04/19,Jaipur,"Sawai Mansingh Stadium, Jaipur",Lucknow Super Giants,Rajasthan Royals,Lucknow Super Giants,bat,Lucknow Super Giants,,normal,2,0,,Avesh Khan
1473474,2025,2025/04/20,Mohali,"Maharaja Yadavindra Singh International Cricket Stadium, Mullanpur",Punjab Kings,Royal Challengers Bengaluru,Royal Challengers Bengaluru,field,Royal Challengers Bengaluru,,normal,0,7,,V Kohli
1473475,2025,2025/04/20,Mumbai,"Wankhede Stadium, Mumbai",Chennai Super Kings,Mumbai Indians,Mumbai Indians,field,Mumbai Indians,,normal,0,9,,RG Sharma
1473476,2025,2025/04/21,Kolkata,"Eden Gardens, Kolkata",Gujarat Titans,Kolkata Knight Riders,Kolkata Knight Riders,field,Gujarat Titans,,normal,39,0,,Shubman Gill
1473477,2025,2025/04/22,Lucknow,"Bharat Ratna Shri Atal Bihari Vajpayee Ekana Cricket Stadium, Lucknow",Lucknow Super Giants,Delhi Capitals,Delhi Capitals,field,Delhi Capitals,,normal,0,8,,Mukesh Kumar
1473478,2025,2025/04/23,Hyderabad,"Rajiv Gandhi International Stadium, Uppal, Hyderabad",Sunrisers Hyderabad,Mumbai Indians,Mumbai Indians,field,Mumbai Indians,,normal,0,7,,TA Boult
1473479,2025,2025/04/24,Bengaluru,"M Chinnaswamy Stadium, Bengaluru",Royal Challengers Bengaluru,Rajasthan Royals,Rajasthan Royals,field,Royal Challengers Bengaluru,,normal,11,0,,JR Hazlewood
1473480,2025,2025/04/25,Chennai,"MA Chidambaram Stadium, Chepauk, Chennai",Chennai Super Kings,Sunrisers Hyderabad,Sunrisers Hyderabad,field,Sunrisers Hyderabad,,normal,0,5,,HV Patel
1473481,2025,2025/04/26,Kolkata,"Eden Gardens, Kolkata",Punjab Kings,Kolkata Knight Riders,Punjab Kings,bat,,,no result,0,0,,
1473482,2025,2025/04/27,Mumbai,"Wankhede Stadium, Mumbai",Mumbai Indians,Lucknow Super Giants,Lucknow Super Giants,field,Mumbai Indians,,normal,54,0,,WG Jacks
1473483,2025,2025/04/27,Delhi,"Arun Jaitley Stadium, Delhi",Delhi Capitals,Royal Challengers Bengaluru,Royal Challengers Bengaluru,field,Royal Challengers Bengaluru,,normal,0,6,,KH Pandya
1473484,2025,2025/04/28,Jaipur,"Sawai Mansingh Stadium, Jaipur",Gujarat Titans,Rajasthan Royals,Rajasthan Royals,field,Rajasthan Royals,,normal,0,8,,V Suryavanshi
1473485,2025,2025/04/29,Delhi,"Arun Jaitley Stadium, Delhi",Kolkata Knight Riders,Delhi Capitals,Delhi Capitals,field,Kolkata Knight Riders,,normal,14,0,,SP Narine
1473486,2025,2025/04/30,Chennai,"MA Chidambaram Stadium, Chepauk, Chennai",Chennai Super Kings,Punjab Kings,Punjab Kings,field,Punjab Kings,,normal,0,4,,SS Iyer
1473487,2025,2025/05/01,Jaipur,"Sawai Mansingh Stadium, Jaipur",Mumbai Indians,Rajasthan Royals,Rajasthan Royals,field,Mumbai Indians,,normal,100,0,,RD Rickelton
1473488,2025,2025/05/02,Ahmedabad,"Narendra Modi Stadium, Ahmedabad",Gujarat Titans,Sunrisers Hyderabad,Sunrisers Hyderabad,field,Gujarat Titans,,normal,38,0,,M Prasidh Krishna
1473489,2025,2025/05/03,Bengaluru,"M Chinnaswamy Stadium, Bengaluru",Royal Challengers Bengaluru,Chennai Super Kings,Chennai Super Kings,field,Royal Challengers Bengaluru,,normal,2,0,,R Shepherd
1473490,2025,2025/05/04,Kolkata,"Eden Gardens, Kolkata",Kolkata Knight Riders,Rajasthan Royals,Kolkata Knight Riders,bat,Kolkata Knight Riders,,normal,1,0,,AD Russell
1473491,2025,2025/05/04,Dharamsala,"Himachal Pradesh Cricket Association Stadium, Dharamsala",Punjab Kings,Lucknow Super Giants,Lucknow Super Giants,field,Punjab Kings,,normal,37,0,,P Simran Singh
1473492,2025,2025/05/05,Hyderabad,"Rajiv Gandhi International Stadium, Uppal, Hyderabad",Delhi Capitals,Sunrisers Hyderabad,Sunrisers Hyderabad,field,,,no result,0,0,,
1473493,2025,2025/05/06,Mumbai,"Wankhede Stadium, Mumbai",Mumbai Indians,Gujarat Titans,Gujarat Titans,field,Gujarat Titans,,normal,0,3,D/L,Shubman Gill
1473494,2025,2025/05/07,Kolkata,"Eden Gardens, Kolkata",Kolkata Knight Riders,Chennai Super Kings,Kolkata Knight Riders,bat,Chennai Super Kings,,normal,0,2,,Noor Ahmad
1473495,2025,2025/05/08,Dharamsala,"Himachal Pradesh Cricket Association Stadium, Dharamsala",Punjab Kings,Delhi Capitals,Punjab Kings,bat,,,no result,0,0,,
1473497,2025,2025/05/18,Jaipur,"Sawai Mansingh Stadium, Jaipur",Punjab Kings,Rajasthan Royals,Punjab Kings,bat,Punjab Kings,,normal,10,0,,Harpreet Brar
1473498,2025,2025/05/18,Delhi,"Arun Jaitley Stadium, Delhi",Delhi Capitals,Gujarat Titans,Gujarat Titans,field,Gujarat Titans,,normal,0,10,,B Sai Sudharsan
1473499,2025,2025/05/19,Lucknow,"Bharat Ratna Shri Atal Bihari Vajpayee Ekana Cricket Stadium, Lucknow",Lucknow Super Giants,Sunrisers Hyderabad,Sunrisers Hyderabad,field,Sunrisers Hyderabad,,normal,0,6,,Abhishek Sharma
1473500,2025,2025/05/20,Delhi,"Arun Jaitley Stadium, Delhi",Chennai Super Kings,Rajasthan Royals,Rajasthan Royals,field,Rajasthan Royals,,normal,0,6,,Akash Madhwal
1473501,2025,2025/05/21,Mumbai,"Wankhede Stadium, Mumbai",Mumbai Indians,Delhi Capitals,Delhi Capitals,field,Mumbai Indians,,normal,59,0,,SA Yadav
1473502,2025,2025/05/22,Ahmedabad,"Narendra Modi Stadium, Ahmedabad",Lucknow Super Giants,Gujarat Titans,Gujarat Titans,field,Lucknow Super Giants,,normal,33,0,,MR Marsh
1473503,2025,2025/05/23,Lucknow,"Bharat Ratna Shri Atal Bihari Vajpayee Ekana Cricket Stadium, Lucknow",Sunrisers Hyderabad,Royal Challengers Bengaluru,Royal Challengers Bengaluru,field,Sunrisers Hyderabad,,normal,42,0,,Ishan Kishan
1485779,2025,2025/05/24,Jaipur,"Sawai Mansingh Stadium, Jaipur",Punjab Kings,Delhi Capitals,Delhi Capitals,field,Delhi Capitals,,normal,0,6,,Sameer Rizvi
1473504,2025,2025/05/25,Ahmedabad,"Narendra Modi Stadium, Ahmedabad",Chennai Super Kings,Gujarat Titans,Chennai Super Kings,bat,Chennai Super Kings,,normal,83,0,,D Brevis
1473505,2025,2025/05/25,Delhi,"Arun Jaitley Stadium, Delhi",Sunrisers Hyderabad,Kolkata Knight Riders,Sunrisers Hyderabad,bat,Sunrisers Hyderabad,,normal,110,0,,H Klaasen
1473506,2025,2025/05/26,Jaipur,"Sawai Mansingh Stadium, Jaipur",Mumbai Indians,Punjab Kings,Punjab Kings,field,Punjab Kings,,normal,0,7,,JP Inglis
1473507,2025,2025/05/27,Lucknow,"Bharat Ratna Shri Atal Bihari Vajpayee Ekana Cricket Stadium, Lucknow",Lucknow Super Giants,Royal Challengers Bengaluru,Royal Challengers Bengaluru,field,Royal Challengers Bengaluru,,normal,0,6,,JM Sharma
1473508,2025,2025/05/29,New Chandigarh,"Maharaja Yadavindra Singh International Cricket Stadium, Mullanpur",Punjab Kings,Royal Challengers Bengaluru,Royal Challengers Bengaluru,field,Royal Challengers Bengaluru,,normal,0,8,,Suyash Sharma
1473509,2025,2025/05/30,New Chandigarh,"Maharaja Yadavindra Singh International Cricket Stadium, New Chandigarh",Mumbai Indians,Gujarat Titans,Mumbai Indians,bat,Mumbai Indians,,normal,20,0,,RG Sharma
1473510,2025,2025/06/01,Ahmedabad,"Narendra Modi Stadium, Ahmedabad",Mumbai Indians,Punjab Kings,Punjab Kings,field,Punjab Kings,,normal,0,5,,SS Iyer
1473511,2025,2025/06/03,Ahmedabad,"Narendra Modi Stadium, Ahmedabad",Royal Challengers Bengaluru,Punjab Kings,Punjab Kings,field,Royal Challengers Bengaluru,,normal,6,0,,KH Pandya
1527674,2026,2026/03/28,Bengaluru,"M Chinnaswamy Stadium, Bengaluru",Sunrisers Hyderabad,Royal Challengers Bengaluru,Royal Challengers Bengaluru,field,Royal Challengers Bengaluru,,normal,0,6,,JA Duffy
1527675,2026,2026/03/29,Mumbai,"Wankhede Stadium, Mumbai",Kolkata Knight Riders,Mumbai Indians,Mumbai Indians,field,Mumbai Indians,,normal,0,6,,SN Thakur
1527676,2026,2026/03/30,Guwahati,"Barsapara Cricket Stadium, Guwahati",Chennai Super Kings,Rajasthan Royals,Rajasthan Royals,field,Rajasthan Royals,,normal,0,8,,N Burger
1527677,2026,2026/03/31,New Chandigarh,"Maharaja Yadavindra Singh International Cricket Stadium, New Chandigarh",Gujarat Titans,Punjab Kings,Punjab Kings,field,Punjab Kings,,normal,0,3,,C Connolly
1527678,2026,2026/04/01,Lucknow,"Bharat Ratna Shri Atal Bihari Vajpayee Ekana Cricket Stadium, Lucknow",Lucknow Super Giants,Delhi Capitals,Delhi Capitals,field,Delhi Capitals,,normal,0,6,,Sameer Rizvi
1527679,2026,2026/04/02,Kolkata,"Eden Gardens, Kolkata",Sunrisers Hyderabad,Kolkata Knight Riders,Kolkata Knight Riders,field,Sunrisers Hyderabad,,normal,65,0,,Nithish Kumar Reddy
1527680,2026,2026/04/03,Chennai,"MA Chidambaram Stadium, Chepauk, Chennai",Chennai Super Kings,Punjab Kings,Punjab Kings,field,Punjab Kings,,normal,0,5,,Priyansh Arya
1527681,2026,2026/04/04,Delhi,"Arun Jaitley Stadium, Delhi",Mumbai Indians,Delhi Capitals,Delhi Capitals,field,Delhi Capitals,,normal,0,6,,Sameer Rizvi
1527682,2026,2026/04/04,Ahmedabad,"Narendra Modi Stadium, Ahmedabad",Rajasthan Royals,Gujarat Titans,Rajasthan Royals,bat,Rajasthan Royals,,normal,6,0,,Ravi Bishnoi
1527683,2026,2026/04/05,Hyderabad,"Rajiv Gandhi International Stadium, Uppal, Hyderabad",Sunrisers Hyderabad,Lucknow Super Giants,Lucknow Super Giants,field,Lucknow Super Giants,,normal,0,5,,Mohammed Shami
1527684,2026,2026/04/05,Bengaluru,"M Chinnaswamy Stadium, Bengaluru",Royal Challengers Bengaluru,Chennai Super Kings,Chennai Super Kings,field,Royal Challengers Bengaluru,,normal,43,0,,TH David
1527685,2026,2026/04/06,Kolkata,"Eden Gardens, Kolkata",Kolkata Knight Riders,Punjab Kings,Kolkata Knight Riders,bat,,,no result,0,0,,
1527686,2026,2026/04/07,Guwahati,"Barsapara Cricket Stadium, Guwahati",Rajasthan Royals,Mumbai Indians,Mumbai Indians,field,Rajasthan Royals,,normal,27,0,,YBK Jaiswal
1527687,2026,2026/04/08,Delhi,"Arun Jaitley Stadium, Delhi",Gujarat Titans,Delhi Capitals,Delhi Capitals,field,Gujarat Titans,,normal,1,0,,Rashid Khan
1527688,2026,2026/04/09,Kolkata,"Eden Gardens, Kolkata",Kolkata Knight Riders,Lucknow Super Giants,Lucknow Super Giants,field,Lucknow Super Giants,,normal,0,3,,MD Choudhary
1527689,2026,2026/04/10,Guwahati,"Barsapara Cricket Stadium, Guwahati",Royal Challengers Bengaluru,Rajasthan Royals,Rajasthan Royals,field,Rajasthan Royals,,normal,0,6,,V Suryavanshi
1527690,2026,2026/04/11,New Chandigarh,"Maharaja Yadavindra Singh International Cricket Stadium, New Chandigarh",Sunrisers Hyderabad,Punjab Kings,Punjab Kings,field,Punjab Kings,,normal,0,6,,SS Iyer
1527691,2026,2026/04/11,Chennai,"MA Chidambaram Stadium, Chepauk, Chennai",Chennai Super Kings,Delhi Capitals,Delhi Capitals,field,Chennai Super Kings,,normal,23,0,,SV Samson
1527692,2026,2026/04/12,Lucknow,"Bharat Ratna Shri Atal Bihari Vajpayee Ekana Cricket Stadium, Lucknow",Lucknow Super Giants,Gujarat Titans,Gujarat Titans,field,Gujarat Titans,,normal,0,7,,M Prasidh Krishna
1527693,2026,2026/04/12,Mumbai,"Wankhede Stadium, Mumbai",Royal Challengers Bengaluru,Mumbai Indians,Mumbai Indians,field,Royal Challengers Bengaluru,,normal,18,0,,PD Salt
1529264,2026,2026/04/13,Hyderabad,"Rajiv Gandhi International Stadium, Uppal, Hyderabad",Sunrisers Hyderabad,Rajasthan Royals,Rajasthan Royals,field,Sunrisers Hyderabad,,normal,57,0,,PP Hinge
1529265,2026,2026/04/14,Chennai,"MA Chidambaram Stadium, Chepauk, Chennai",Chennai Super Kings,Kolkata Knight Riders,Kolkata Knight Riders,field,Chennai Super Kings,,normal,32,0,,Noor Ahmad
1529266,2026,2026/04/15,Bengaluru,"M Chinnaswamy Stadium, Bengaluru",Lucknow Super Giants,Royal Challengers Bengaluru,Royal Challengers Bengaluru,field,Royal Challengers Bengaluru,,normal,0,5,,JR Hazlewood
1529267,2026,2026/04/16,Mumbai,"Wankhede Stadium, Mumbai",Mumbai Indians,Punjab Kings,Punjab Kings,field,Punjab Kings,,normal,0,7,,Arshdeep Singh
1529268,2026,2026/04/17,Ahmedabad,"Narendra Modi Stadium, Ahmedabad",Kolkata Knight Riders,Gujarat Titans,Kolkata Knight Riders,bat,Gujarat Titans,,normal,0,5,,Shubman Gill
1529269,2026,2026/04/18,Bengaluru,"M Chinnaswamy Stadium, Bengaluru",Royal Challengers Bengaluru,Delhi Capitals,Delhi Capitals,field,Delhi Capitals,,normal,0,6,,T Stubbs
1529270,2026,2026/04/18,Hyderabad,"Rajiv Gandhi International Stadium, Uppal, Hyderabad",Sunrisers Hyderabad,Chennai Super Kings,Chennai Super Kings,field,Sunrisers Hyderabad,,normal,10,0,,E Malinga
1529271,2026,2026/04/19,Kolkata,"Eden Gardens, Kolkata",Rajasthan Royals,Kolkata Knight Riders,Rajasthan Royals,bat,Kolkata Knight Riders,,normal,0,4,,CV Varun
1529272,2026,2026/04/19,New Chandigarh,"Maharaja Yadavindra Singh International Cricket Stadium, New Chandigarh",Punjab Kings,Lucknow Super Giants,Lucknow Super Giants,field,Punjab Kings,,normal,54,0,,Priyansh Arya
1529273,2026,2026/04/20,Ahmedabad,"Narendra Modi Stadium, Ahmedabad",Mumbai Indians,Gujarat Titans,Gujarat Titans,field,Mumbai Indians,,normal,99,0,,Tilak Varma
1529274,2026,2026/04/21,Hyderabad,"Rajiv Gandhi International Stadium, Uppal, Hyderabad",Sunrisers Hyderabad,Delhi Capitals,Delhi Capitals,field,Sunrisers Hyderabad,,normal,47,0,,Abhishek Sharma
1529275,2026,2026/04/22,Lucknow,"Bharat Ratna Shri Atal Bihari Vajpayee Ekana Cricket Stadium, Lucknow",Rajasthan Royals,Lucknow Super Giants,Lucknow Super Giants,field,Rajasthan Royals,,normal,40,0,,RA Jadeja
1529276,2026,2026/04/23,Mumbai,"Wankhede Stadium, Mumbai",Chennai Super Kings,Mumbai Indians,Mumbai Indians,field,Chennai Super Kings,,normal,103,0,,SV Samson
1529277,2026,2026/04/24,Bengaluru,"M Chinnaswamy Stadium, Bengaluru",Gujarat Titans,Royal Challengers Bengaluru,Royal Challengers Bengaluru,field,Royal Challengers Bengaluru,,normal,0,5,,V Kohli
1529278,2026,2026/04/25,Delhi,"Arun Jaitley Stadium, Delhi",Delhi Capitals,Punjab Kings,Delhi Capitals,bat,Punjab Kings,,normal,0,6,,KL Rahul
1529279,2026,2026/04/25,Jaipur,"Sawai Mansingh Stadium, Jaipur",Rajasthan Royals,Sunrisers Hyderabad,Sunrisers Hyderabad,field,Sunrisers Hyderabad,,normal,0,5,,Ishan Kishan
1529280,2026,2026/04/26,Chennai,"MA Chidambaram Stadium, Chepauk, Chennai",Chennai Super Kings,Gujarat Titans,Gujarat Titans,field,Gujarat Titans,,normal,0,8,,K Rabada
1529281,2026,2026/04/26,Lucknow,"Bharat Ratna Shri Atal Bihari Vajpayee Ekana Cricket Stadium, Lucknow",Kolkata Knight Riders,Lucknow Super Giants,Lucknow Super Giants,field,Kolkata Knight Riders,Kolkata Knight Riders,tie,0,0,,RK Singh
1529282,2026,2026/04/27,Delhi,"Arun Jaitley Stadium, Delhi",Delhi Capitals,Royal Challengers Bengaluru,Royal Challengers Bengaluru,field,Royal Challengers Bengaluru,,normal,0,9,,JR Hazlewood
1529283,2026,2026/04/28,New Chandigarh,"Maharaja Yadavindra Singh International Cricket Stadium, New Chandigarh",Punjab Kings,Rajasthan Royals,Rajasthan Royals,field,Rajasthan Royals,,normal,0,6,,D Ferreira
1529284,2026,2026/04/29,Mumbai,"Wankhede Stadium, Mumbai",Mumbai Indians,Sunrisers Hyderabad,Mumbai Indians,bat,Sunrisers Hyderabad,,normal,0,6,,H Klaasen
1529285,2026,2026/04/30,Ahmedabad,"Narendra Modi Stadium, Ahmedabad",Royal Challengers Bengaluru,Gujarat Titans,Gujarat Titans,field,Gujarat Titans,,normal,0,4,,JO Holder
1529286,2026,2026/05/01,Jaipur,"Sawai Mansingh Stadium, Jaipur",Rajasthan Royals,Delhi Capitals,Rajasthan Royals,bat,Delhi Capitals,,normal,0,7,,KL Rahul
1529287,2026,2026/05/02,Chennai,"MA Chidambaram Stadium, Chepauk, Chennai",Mumbai Indians,Chennai Super Kings,Mumbai Indians,bat,Chennai Super Kings,,normal,0,8,,RD Gaikwad
1529288,2026,2026/05/03,Hyderabad,"Rajiv Gandhi International Stadium, Uppal, Hyderabad",Sunrisers Hyderabad,Kolkata Knight Riders,Sunrisers Hyderabad,bat,Kolkata Knight Riders,,normal,0,7,,CV Varun
1529289,2026,2026/05/03,Ahmedabad,"Narendra Modi Stadium, Ahmedabad",Punjab Kings,Gujarat Titans,Gujarat Titans,field,Gujarat Titans,,normal,0,4,,JO Holder
1529290,2026,2026/05/04,Mumbai,"Wankhede Stadium, Mumbai",Lucknow Super Giants,Mumbai Indians,Mumbai Indians,field,Mumbai Indians,,normal,0,6,,RD Rickelton
1529291,2026,2026/05/05,Delhi,"Arun Jaitley Stadium, Delhi",Delhi Capitals,Chennai Super Kings,Delhi Capitals,bat,Chennai Super Kings,,normal,0,8,,SV Samson
1529292,2026,2026/05/06,Hyderabad,"Rajiv Gandhi International Stadium, Uppal, Hyderabad",Sunrisers Hyderabad,Punjab Kings,Punjab Kings,field,Sunrisers Hyderabad,,normal,33,0,,PJ Cummins
1529293,2026,2026/05/07,Lucknow,"Bharat Ratna Shri Atal Bihari Vajpayee Ekana Cricket Stadium, Lucknow",Lucknow Super Giants,Royal Challengers Bengaluru,Royal Challengers Bengaluru,field,Lucknow Super Giants,,normal,9,0,D/L,MR Marsh
1529294,2026,2026/05/08,Delhi,"Arun Jaitley Stadium, Delhi",Delhi Capitals,Kolkata Knight Riders,Kolkata Knight Riders,field,Kolkata Knight Riders,,normal,0,8,,FH Allen
1529295,2026,2026/05/09,Jaipur,"Sawai Mansingh Stadium, Jaipur",Gujarat Titans,Rajasthan Royals,Rajasthan Royals,field,Gujarat Titans,,normal,77,0,,Rashid Khan
1529296,2026,2026/05/10,Chennai,"MA Chidambaram Stadium, Chepauk, Chennai",Lucknow Super Giants,Chennai Super Kings,Chennai Super Kings,field,Chennai Super Kings,,normal,0,5,,J Overton
1529297,2026,2026/05/10,Raipur,"Shaheed Veer Narayan Singh International Stadium, Raipur",Mumbai Indians,Royal Challengers Bengaluru,Royal Challengers Bengaluru,field,Royal Challengers Bengaluru,,normal,0,2,,B Kumar
1529298,2026,2026/05/11,Dharamsala,"Himachal Pradesh Cricket Association Stadium, Dharamsala",Punjab Kings,Delhi Capitals,Delhi Capitals,field,Delhi Capitals,,normal,0,3,,M Tiwari
1529299,2026,2026/05/12,Ahmedabad,"Narendra Modi Stadium, Ahmedabad",Gujarat Titans,Sunrisers Hyderabad,Sunrisers Hyderabad,field,Gujarat Titans,,normal,82,0,,K Rabada
1529300,2026,2026/05/13,Raipur,"Shaheed Veer Narayan Singh International Stadium, Raipur",Kolkata Knight Riders,Royal Challengers Bengaluru,Royal Challengers Bengaluru,field,Royal Challengers Bengaluru,,normal,0,6,,V Kohli
1529301,2026,2026/05/14,Dharamsala,"Himachal Pradesh Cricket Association Stadium, Dharamsala",Punjab Kings,Mumbai Indians,Mumbai Indians,field,Mumbai Indians,,normal,0,6,,Tilak Varma
1529302,2026,2026/05/15,Lucknow,"Bharat Ratna Shri Atal Bihari Vajpayee Ekana Cricket Stadium, Lucknow",Chennai Super Kings,Lucknow Super Giants,Lucknow Super Giants,field,Lucknow Super Giants,,normal,0,7,,MR Marsh
1529303,2026,2026/05/16,Kolkata,"Eden Gardens, Kolkata",Kolkata Knight Riders,Gujarat Titans,Gujarat Titans,field,Kolkata Knight Riders,,normal,29,0,,SP Narine
1529304,2026,2026/05/17,Dharamsala,"Himachal Pradesh Cricket Association Stadium, Dharamsala",Royal Challengers Bengaluru,Punjab Kings,Punjab Kings,field,Royal Challengers Bengaluru,,normal,23,0,,VR Iyer
1529305,2026,2026/05/17,Delhi,"Arun Jaitley Stadium, Delhi",Rajasthan Royals,Delhi Capitals,Delhi Capitals,field,Delhi Capitals,,normal,0,5,,MA Starc
1529306,2026,2026/05/18,Chennai,"MA Chidambaram Stadium, Chepauk, Chennai",Chennai Super Kings,Sunrisers Hyderabad,Chennai Super Kings,bat,Sunrisers Hyderabad,,normal,0,5,,Ishan Kishan
1529307,2026,2026/05/19,Jaipur,"Sawai Mansingh Stadium, Jaipur",Lucknow Super Giants,Rajasthan Royals,Rajasthan Royals,field,Rajasthan Royals,,normal,0,7,,V Suryavanshi
1529308,2026,2026/05/20,Kolkata,"Eden Gardens, Kolkata",Mumbai Indians,Kolkata Knight Riders,Kolkata Knight Riders,field,Kolkata Knight Riders,,normal,0,4,,MK Pandey
1529309,2026,2026/05/21,Ahmedabad,"Narendra Modi Stadium, Ahmedabad",Gujarat Titans,Chennai Super Kings,Chennai Super Kings,field,Gujarat Titans,,normal,89,0,,Mohammed Siraj
1529310,2026,2026/05/22,Hyderabad,"Rajiv Gandhi International Stadium, Uppal, Hyderabad",Sunrisers Hyderabad,Royal Challengers Bengaluru,Sunrisers Hyderabad,bat,Sunrisers Hyderabad,,normal,55,0,,Ishan Kishan
1529311,2026,2026/05/23,Lucknow,"Bharat Ratna Shri Atal Bihari Vajpayee Ekana Cricket Stadium, Lucknow",Lucknow Super Giants,Punjab Kings,Punjab Kings,field,Punjab Kings,,normal,0,7,,SS Iyer
1529312,2026,2026/05/24,Mumbai,"Wankhede Stadium, Mumbai",Rajasthan Royals,Mumbai Indians,Mumbai Indians,field,Rajasthan Royals,,normal,30,0,,JC Archer
1529313,2026,2026/05/24,Kolkata,"Eden Gardens, Kolkata",Delhi Capitals,Kolkata Knight Riders,Kolkata Knight Riders,field,Delhi Capitals,,normal,40,0,,Kuldeep Yadav
1535462,2026,2026/05/26,Dharamsala,"Himachal Pradesh Cricket Association Stadium, Dharamsala",Royal Challengers Bengaluru,Gujarat Titans,Gujarat Titans,field,Royal Challengers Bengaluru,,normal,92,0,,RM Patidar
1535463,2026,2026/05/27,New Chandigarh,"Maharaja Yadavindra Singh International Cricket Stadium, New Chandigarh",Rajasthan Royals,Sunrisers Hyderabad,Sunrisers Hyderabad,field,Rajasthan Royals,,normal,47,0,,V Suryavanshi
1535464,2026,2026/05/29,New Chandigarh,"Maharaja Yadavindra Singh International Cricket Stadium, New Chandigarh",Rajasthan Royals,Gujarat Titans,Rajasthan Royals,bat,Gujarat Titans,,normal,0,7,,Shubman Gill
1535465,2026,2026/05/31,Ahmedabad,"Narendra Modi Stadium, Ahmedabad",Gujarat Titans,Royal Challengers Bengaluru,Royal Challengers Bengaluru,field,Royal Challengers Bengaluru,,normal,0,5,,V Kohli
